x-axis,1
second,Volt
+7.990100000E-03,+3.418096221983E+00
+7.990110000E-03,+3.418096221983E+00
+7.990120000E-03,+3.351150617003E+00
+7.990130000E-03,+3.312895985457E+00
+7.990140000E-03,+3.293768669996E+00
+7.990150000E-03,+3.465914511362E+00
+7.990160000E-03,+3.398968906180E+00
+7.990170000E-03,+3.360714274774E+00
+7.990180000E-03,+3.389405248348E+00
+7.990190000E-03,+3.351150617065E+00
+7.990200000E-03,+3.456350853450E+00
+7.990210000E-03,+3.360714274896E+00
+7.990220000E-03,+3.418096221983E+00
+7.990230000E-03,+3.418096221983E+00
+7.990240000E-03,+3.418096221983E+00
+7.990250000E-03,+3.418096221983E+00
+7.990260000E-03,+3.418096221965E+00
+7.990270000E-03,+3.379841590596E+00
+7.990280000E-03,+3.418096221983E+00
+7.990290000E-03,+3.465914511203E+00
+7.990300000E-03,+2.796458461519E+00
+7.990310000E-03,+558.562523703E-03
+7.990320000E-03,-464.748866856E-03
+7.990330000E-03,-397.803261778E-03
+7.990340000E-03,+147.325235600E-03
+7.990350000E-03,+329.034735170E-03
+7.990360000E-03,+137.761577964E-03
+7.990370000E-03,+51.688657419E-03
+7.990380000E-03,+51.688656966E-03
+7.990390000E-03,-5.693290182E-03
+7.990400000E-03,+70.815973161E-03
+7.990410000E-03,+109.070604212E-03
+7.990420000E-03,+13.434025658E-03
+7.990430000E-03,+70.815972984E-03
+7.990440000E-03,+22.997683490E-03
+7.990450000E-03,+13.434026092E-03
+7.990460000E-03,+42.124999666E-03
+7.990470000E-03,-63.075236719E-03
+7.990480000E-03,+42.124999153E-03
+7.990490000E-03,-5.693289571E-03
+7.990500000E-03,+22.997684003E-03
+7.990510000E-03,+51.688657578E-03
+7.990520000E-03,+70.815972984E-03
+7.990530000E-03,-24.820605234E-03
+7.990540000E-03,+3.870368004E-03
+7.990550000E-03,+3.870368004E-03
+7.990560000E-03,+22.997682994E-03
+7.990570000E-03,+3.870368004E-03
+7.990580000E-03,+22.997683331E-03
+7.990590000E-03,-53.511578729E-03
+7.990600000E-03,-24.820605155E-03
+7.990610000E-03,+3.870368004E-03
+7.990620000E-03,+3.870368004E-03
+7.990630000E-03,+13.434025420E-03
+7.990640000E-03,+3.870368004E-03
+7.990650000E-03,+3.870368004E-03
+7.990660000E-03,+3.870368004E-03
+7.990670000E-03,-24.820605075E-03
+7.990680000E-03,+70.815972984E-03
+7.990690000E-03,+32.561342073E-03
+7.990700000E-03,+3.870368004E-03
+7.990710000E-03,+3.870368004E-03
+7.990720000E-03,-15.256947164E-03
+7.990730000E-03,+61.252314577E-03
+7.990740000E-03,+42.124999984E-03
+7.990750000E-03,-130.020841381E-03
+7.990760000E-03,-34.384262827E-03
+7.990770000E-03,+13.434025261E-03
+7.990780000E-03,-63.075236976E-03
+7.990790000E-03,-43.947921888E-03
+7.990800000E-03,-5.693290482E-03
+7.990810000E-03,-53.511577836E-03
+7.990820000E-03,+3.870368004E-03
+7.990830000E-03,-5.693288519E-03
+7.990840000E-03,+3.870368004E-03
+7.990850000E-03,+51.688656587E-03
+7.990860000E-03,+70.815972984E-03
+7.990870000E-03,-5.693290562E-03
+7.990880000E-03,-24.820604836E-03
+7.990890000E-03,+3.870368004E-03
+7.990900000E-03,-34.384262668E-03
+7.990910000E-03,+13.434025102E-03
+7.990920000E-03,+3.870368004E-03
+7.990930000E-03,-15.256946925E-03
+7.990940000E-03,+3.870368004E-03
+7.990950000E-03,+1.447982704803E+00
+7.990960000E-03,+1.878347308257E+00
+7.990970000E-03,+2.605185306019E+00
+7.990980000E-03,+2.959040644142E+00
+7.990990000E-03,+3.131186485507E+00
+7.991000000E-03,+3.265077697174E+00
+7.991010000E-03,+3.341586958279E+00
+7.991020000E-03,+3.274641352406E+00
+7.991030000E-03,+3.284205012023E+00
+7.991040000E-03,+3.322459642536E+00
+7.991050000E-03,+3.351150617003E+00
+7.991060000E-03,+3.389405250274E+00
+7.991070000E-03,+3.370277931774E+00
+7.991080000E-03,+3.418096221983E+00
+7.991090000E-03,+3.389405249382E+00
+7.991100000E-03,+3.351150617976E+00
+7.991110000E-03,+3.341586961117E+00
+7.991120000E-03,+3.293768668882E+00
+7.991130000E-03,+3.418096221983E+00
+7.991140000E-03,+3.446787197582E+00
+7.991150000E-03,+3.360714275887E+00
+7.991160000E-03,+3.322459644481E+00
+7.991170000E-03,+3.351150618055E+00
+7.991180000E-03,+3.341586961276E+00
+7.991190000E-03,+3.456350856625E+00
+7.991200000E-03,+3.312895983414E+00
+7.991210000E-03,+3.389405246226E+00
+7.991220000E-03,+3.341586958040E+00
+7.991230000E-03,+3.427659882078E+00
+7.991240000E-03,+3.418096221983E+00
+7.991250000E-03,+3.418096221983E+00
+7.991260000E-03,+3.408532565283E+00
+7.991270000E-03,+3.398968905109E+00
+7.991280000E-03,+3.303332326555E+00
+7.991290000E-03,+3.351150617003E+00
+7.991300000E-03,+3.418096221983E+00
+7.991310000E-03,+3.351150618214E+00
+7.991320000E-03,+3.389405247198E+00
+7.991330000E-03,+3.351150617003E+00
+7.991340000E-03,+3.370277933957E+00
+7.991350000E-03,+3.398968907531E+00
+7.991360000E-03,+3.360714276125E+00
+7.991370000E-03,+3.389405249700E+00
+7.991380000E-03,+3.351150618294E+00
+7.991390000E-03,+3.418096221983E+00
+7.991400000E-03,+3.360714273544E+00
+7.991410000E-03,+3.418096221983E+00
+7.991420000E-03,+3.332023302631E+00
+7.991430000E-03,+3.408532562782E+00
+7.991440000E-03,+3.418096221983E+00
+7.991450000E-03,+3.351150618373E+00
+7.991460000E-03,+3.389405247039E+00
+7.991470000E-03,+3.408532565522E+00
+7.991480000E-03,+3.379841587758E+00
+7.991490000E-03,+3.351150617003E+00
+7.991500000E-03,+3.418096221983E+00
+7.991510000E-03,+3.418096221983E+00
+7.991520000E-03,+3.418096221983E+00
+7.991530000E-03,+3.427659876916E+00
+7.991540000E-03,+3.418096221983E+00
+7.991550000E-03,+3.351150617003E+00
+7.991560000E-03,+3.351150617003E+00
+7.991570000E-03,+3.360714276364E+00
+7.991580000E-03,+3.379841589049E+00
+7.991590000E-03,+3.418096221983E+00
+7.991600000E-03,+3.360714271777E+00
+7.991610000E-03,+3.408532565681E+00
+7.991620000E-03,+3.351150617003E+00
+7.991630000E-03,+3.465914512829E+00
+7.991640000E-03,+3.475478167523E+00
+7.991650000E-03,+3.418096221983E+00
+7.991660000E-03,+3.284205012023E+00
+7.991670000E-03,+3.379841592186E+00
+7.991680000E-03,+3.475478170741E+00
+7.991690000E-03,+3.332023299652E+00
+7.991700000E-03,+3.351150617003E+00
+7.991710000E-03,+3.418096221983E+00
+7.991720000E-03,+3.379841588890E+00
+7.991730000E-03,+3.418096221983E+00
+7.991740000E-03,+3.418096221983E+00
+7.991750000E-03,+3.418096221983E+00
+7.991760000E-03,+3.398968904553E+00
+7.991770000E-03,+3.351150617003E+00
+7.991780000E-03,+3.408532562384E+00
+7.991790000E-03,+3.351150617003E+00
+7.991800000E-03,+3.418096218448E+00
+7.991810000E-03,+3.322459641662E+00
+7.991820000E-03,+3.475478170899E+00
+7.991830000E-03,+3.370277934514E+00
+7.991840000E-03,+3.398968908088E+00
+7.991850000E-03,+3.341586957325E+00
+7.991860000E-03,+3.389405250256E+00
+7.991870000E-03,+3.485041823269E+00
+7.991880000E-03,+3.389405246562E+00
+7.991890000E-03,+3.408532565999E+00
+7.991900000E-03,+3.418096221983E+00
+7.991910000E-03,+3.465914513147E+00
+7.991920000E-03,+3.418096221983E+00
+7.991930000E-03,+3.389405250336E+00
+7.991940000E-03,+3.418096221983E+00
+7.991950000E-03,+3.351150617003E+00
+7.991960000E-03,+3.427659877888E+00
+7.991970000E-03,+3.418096221983E+00
+7.991980000E-03,+3.446787199490E+00
+7.991990000E-03,+3.427659881821E+00
+7.992000000E-03,+3.418096221983E+00
+7.992010000E-03,+3.418096221983E+00
+7.992020000E-03,+3.351150617003E+00
+7.992030000E-03,+3.532860120293E+00
+7.992040000E-03,+3.418096221983E+00
+7.992050000E-03,+3.389405244317E+00
+7.992060000E-03,+3.351150617003E+00
+7.992070000E-03,+3.418096221983E+00
+7.992080000E-03,+3.485041824878E+00
+7.992090000E-03,+3.379841592663E+00
+7.992100000E-03,+3.475478171217E+00
+7.992110000E-03,+3.446787191307E+00
+7.992120000E-03,+3.465914513386E+00
+7.992130000E-03,+3.303332332017E+00
+7.992140000E-03,+3.446787193392E+00
+7.992150000E-03,+3.418096219818E+00
+7.992160000E-03,+3.427659875484E+00
+7.992170000E-03,+3.427659877650E+00
+7.992180000E-03,+3.322459647839E+00
+7.992190000E-03,+3.351150617003E+00
+7.992200000E-03,+3.418096221983E+00
+7.992210000E-03,+3.389405250654E+00
+7.992220000E-03,+3.418096221983E+00
+7.992230000E-03,+3.408532568641E+00
+7.992240000E-03,+3.398968910809E+00
+7.992250000E-03,+3.370277934991E+00
+7.992260000E-03,+3.485041826963E+00
+7.992270000E-03,+3.418096221983E+00
+7.992280000E-03,+3.389405250733E+00
+7.992290000E-03,+3.418096221983E+00
+7.992300000E-03,+3.360714270186E+00
+7.992310000E-03,+3.312895978545E+00
+7.992320000E-03,+3.513732795810E+00
+7.992330000E-03,+3.322459638701E+00
+7.992340000E-03,+3.418096221983E+00
+7.992350000E-03,+3.379841588174E+00
+7.992360000E-03,+3.418096221983E+00
+7.992370000E-03,+3.379841592981E+00
+7.992380000E-03,+3.408532566556E+00
+7.992390000E-03,+3.398968903837E+00
+7.992400000E-03,+3.370277930263E+00
+7.992410000E-03,+3.408532561669E+00
+7.992420000E-03,+3.360714279802E+00
+7.992430000E-03,+3.351150619487E+00
+7.992440000E-03,+3.351150617003E+00
+7.992450000E-03,+3.475478171615E+00
+7.992460000E-03,+3.389405253455E+00
+7.992470000E-03,+3.370277930183E+00
+7.992480000E-03,+3.398968901195E+00
+7.992490000E-03,+3.418096221983E+00
+7.992500000E-03,+3.418096219421E+00
+7.992510000E-03,+3.446787198120E+00
+7.992520000E-03,+3.418096221983E+00
+7.992530000E-03,+3.418096221983E+00
+7.992540000E-03,+3.418096221983E+00
+7.992550000E-03,+3.418096221983E+00
+7.992560000E-03,+3.351150617003E+00
+7.992570000E-03,+3.485041824321E+00
+7.992580000E-03,+3.351150617003E+00
+7.992590000E-03,+3.427659877173E+00
+7.992600000E-03,+3.370277935388E+00
+7.992610000E-03,+3.465914513943E+00
+7.992620000E-03,+3.427659882537E+00
+7.992630000E-03,+3.389405251131E+00
+7.992640000E-03,+3.418096221983E+00
+7.992650000E-03,+3.418096221983E+00
+7.992660000E-03,+3.408532566874E+00
+7.992670000E-03,+3.370277935468E+00
+7.992680000E-03,+3.465914514022E+00
+7.992690000E-03,+3.475478166331E+00
+7.992700000E-03,+3.379841587776E+00
+7.992710000E-03,+3.418096227586E+00
+7.992720000E-03,+3.351150617003E+00
+7.992730000E-03,+3.475478171933E+00
+7.992740000E-03,+3.427659871332E+00
+7.992750000E-03,+3.465914514102E+00
+7.992760000E-03,+3.360714277716E+00
+7.992770000E-03,+3.418096221983E+00
+7.992780000E-03,+3.418096219103E+00
+7.992790000E-03,+3.418096221983E+00
+7.992800000E-03,+3.485041826963E+00
+7.992810000E-03,+3.398968903360E+00
+7.992820000E-03,+3.532860119161E+00
+7.992830000E-03,+3.418096221983E+00
+7.992840000E-03,+3.446787192597E+00
+7.992850000E-03,+3.351150619964E+00
+7.992860000E-03,+3.351150617003E+00
+7.992870000E-03,+3.427659876855E+00
+7.992880000E-03,+3.465914508260E+00
+7.992890000E-03,+3.418096221983E+00
+7.992900000E-03,+3.418096221983E+00
+7.992910000E-03,+3.389405251449E+00
+7.992920000E-03,+3.351150620043E+00
+7.992930000E-03,+3.446787198598E+00
+7.992940000E-03,+3.418096221983E+00
+7.992950000E-03,+3.418096221983E+00
+7.992960000E-03,+3.513732806697E+00
+7.992970000E-03,+3.475478166013E+00
+7.992980000E-03,+3.389405251529E+00
+7.992990000E-03,+3.418096221983E+00
+7.993000000E-03,+3.389405245290E+00
+7.993010000E-03,+3.427659876696E+00
+7.993020000E-03,+3.465914508101E+00
+7.993030000E-03,+3.370277929547E+00
+7.993040000E-03,+3.475478165933E+00
+7.993050000E-03,+3.408532557754E+00
+7.993060000E-03,+3.418096218784E+00
+7.993070000E-03,+3.418096221983E+00
+7.993080000E-03,+3.475478172331E+00
+7.993090000E-03,+3.351150617003E+00
+7.993100000E-03,+3.465914514499E+00
+7.993110000E-03,+3.475478165854E+00
+7.993120000E-03,+3.446787192279E+00
+7.993130000E-03,+3.418096218705E+00
+7.993140000E-03,+3.312895988876E+00
+7.993150000E-03,+3.427659876537E+00
+7.993160000E-03,+3.303332331044E+00
+7.993170000E-03,+3.418096221983E+00
+7.993180000E-03,+3.351150617003E+00
+7.993190000E-03,+3.351150617003E+00
+7.993200000E-03,+3.418096225341E+00
+7.993210000E-03,+3.341586965888E+00
+7.993220000E-03,+3.418096221983E+00
+7.993230000E-03,+3.351150617003E+00
+7.993240000E-03,+3.389405241614E+00
+7.993250000E-03,+3.351150617003E+00
+7.993260000E-03,+3.389405251847E+00
+7.993270000E-03,+3.418096218546E+00
+7.993280000E-03,+3.418096221983E+00
+7.993290000E-03,+3.408532567589E+00
+7.993300000E-03,+3.389405255364E+00
+7.993310000E-03,+3.418096221983E+00
+7.993320000E-03,+3.360714278352E+00
+7.993330000E-03,+3.418096221983E+00
+7.993340000E-03,+3.351150620520E+00
+7.993350000E-03,+3.427659872781E+00
+7.993360000E-03,+3.245950369988E+00
+7.993370000E-03,+3.465914507704E+00
+7.993380000E-03,+3.398968909837E+00
+7.993390000E-03,+3.408532560555E+00
+7.993400000E-03,+3.351150617003E+00
+7.993410000E-03,+3.284205019216E+00
+7.993420000E-03,+3.351150617003E+00
+7.993430000E-03,+3.360714271238E+00
+7.993440000E-03,+3.418096221983E+00
+7.993450000E-03,+3.351150617003E+00
+7.993460000E-03,+3.351150617003E+00
+7.993470000E-03,+3.418096221983E+00
+7.993480000E-03,+3.485041819612E+00
+7.993490000E-03,+3.379841594254E+00
+7.993500000E-03,+3.485041826963E+00
+7.993510000E-03,+3.418096221983E+00
+7.993520000E-03,+3.418096221983E+00
+7.993530000E-03,+3.418096221983E+00
+7.993540000E-03,+3.389405252165E+00
+7.993550000E-03,+3.485041823208E+00
+7.993560000E-03,+3.389405244654E+00
+7.993570000E-03,+3.475478172887E+00
+7.993580000E-03,+3.389405256000E+00
+7.993590000E-03,+3.446787203148E+00
+7.993600000E-03,+3.475478165297E+00
+7.993610000E-03,+3.351150617003E+00
+7.993620000E-03,+3.418096225818E+00
+7.993630000E-03,+3.408532571822E+00
+7.993640000E-03,+3.408532567987E+00
+7.993650000E-03,+3.370277936581E+00
+7.993660000E-03,+3.398968910155E+00
+7.993670000E-03,+3.427659883729E+00
+7.993680000E-03,+3.418096221983E+00
+7.993690000E-03,+3.418096218069E+00
+7.993700000E-03,+3.456350849475E+00
+7.993710000E-03,+3.475478173046E+00
+7.993720000E-03,+3.465914507306E+00
+7.993730000E-03,+3.446787203466E+00
+7.993740000E-03,+3.408532560158E+00
+7.993750000E-03,+3.312895981604E+00
+7.993760000E-03,+3.351150620997E+00
+7.993770000E-03,+3.485041826963E+00
+7.993780000E-03,+3.418096221983E+00
+7.993790000E-03,+3.351150617003E+00
+7.993800000E-03,+3.418096221983E+00
+7.993810000E-03,+3.351150617003E+00
+7.993820000E-03,+3.322459647503E+00
+7.993830000E-03,+3.351150617003E+00
+7.993840000E-03,+3.284205012023E+00
+7.993850000E-03,+3.408532568226E+00
+7.993860000E-03,+3.303332331840E+00
+7.993870000E-03,+3.437223533573E+00
+7.993880000E-03,+3.418096221983E+00
+7.993890000E-03,+3.389405252562E+00
+7.993900000E-03,+3.418096213678E+00
+7.993910000E-03,+3.379841594731E+00
+7.993920000E-03,+3.351150617003E+00
+7.993930000E-03,+3.389405256795E+00
+7.993940000E-03,+3.427659892433E+00
+7.993950000E-03,+3.341586954939E+00
+7.993960000E-03,+3.379841586345E+00
+7.993970000E-03,+3.418096221983E+00
+7.993980000E-03,+3.389405244177E+00
+7.993990000E-03,+3.485041826963E+00
+7.994000000E-03,+3.303332331999E+00
+7.994010000E-03,+3.303332323454E+00
+7.994020000E-03,+3.418096221983E+00
+7.994030000E-03,+3.389405252721E+00
+7.994040000E-03,+3.485041818339E+00
+7.994050000E-03,+3.389405244097E+00
+7.994060000E-03,+3.360714270523E+00
+7.994070000E-03,+3.379841581874E+00
+7.994080000E-03,+3.322459634725E+00
+7.994090000E-03,+3.408532559760E+00
+7.994100000E-03,+3.351150617003E+00
+7.994110000E-03,+3.485041826963E+00
+7.994120000E-03,+3.341586967955E+00
+7.994130000E-03,+3.408532568544E+00
+7.994140000E-03,+3.332023296869E+00
+7.994150000E-03,+3.485041826963E+00
+7.994160000E-03,+3.408532559681E+00
+7.994170000E-03,+3.418096221983E+00
+7.994180000E-03,+3.351150621474E+00
+7.994190000E-03,+3.389405243938E+00
+7.994200000E-03,+3.418096221983E+00
+7.994210000E-03,+3.418096221983E+00
+7.994220000E-03,+3.418096221983E+00
+7.994230000E-03,+3.360714279386E+00
+7.994240000E-03,+3.322459647980E+00
+7.994250000E-03,+3.418096221983E+00
+7.994260000E-03,+3.312895990148E+00
+7.994270000E-03,+3.312895971867E+00
+7.994280000E-03,+3.322459652610E+00
+7.994290000E-03,+3.389405239229E+00
+7.994300000E-03,+3.351150617003E+00
+7.994310000E-03,+3.485041826963E+00
+7.994320000E-03,+3.485041817703E+00
+7.994330000E-03,+3.322459638799E+00
+7.994340000E-03,+3.293768665225E+00
+7.994350000E-03,+3.370277937376E+00
+7.994360000E-03,+3.418096221983E+00
+7.994370000E-03,+3.418096221983E+00
+7.994380000E-03,+3.456350858099E+00
+7.994390000E-03,+3.351150621713E+00
+7.994400000E-03,+3.322459638720E+00
+7.994410000E-03,+3.360714270125E+00
+7.994420000E-03,+3.370277937456E+00
+7.994430000E-03,+3.351150617003E+00
+7.994440000E-03,+3.332023291762E+00
+7.994450000E-03,+3.351150617003E+00
+7.994460000E-03,+3.418096221983E+00
+7.994470000E-03,+3.351150617003E+00
+7.994480000E-03,+3.293768665066E+00
+7.994490000E-03,+3.303332332555E+00
+7.994500000E-03,+3.351150617003E+00
+7.994510000E-03,+3.351150617003E+00
+7.994520000E-03,+3.389405253278E+00
+7.994530000E-03,+3.351150621872E+00
+7.994540000E-03,+3.398968891635E+00
+7.994550000E-03,+3.475478174001E+00
+7.994560000E-03,+3.351150617003E+00
+7.994570000E-03,+3.303332322818E+00
+7.994580000E-03,+3.303332337583E+00
+7.994590000E-03,+3.312895980649E+00
+7.994600000E-03,+3.418096221983E+00
+7.994610000E-03,+3.351150617003E+00
+7.994620000E-03,+3.360714269887E+00
+7.994630000E-03,+3.370277937694E+00
+7.994640000E-03,+3.418096221983E+00
+7.994650000E-03,+3.360714279863E+00
+7.994660000E-03,+3.351150617003E+00
+7.994670000E-03,+3.418096216956E+00
+7.994680000E-03,+3.379841595605E+00
+7.994690000E-03,+3.303332317631E+00
+7.994700000E-03,+3.398968901213E+00
+7.994710000E-03,+3.418096221983E+00
+7.994720000E-03,+3.351150617003E+00
+7.994730000E-03,+3.351150617003E+00
+7.994740000E-03,+3.284205012023E+00
+7.994750000E-03,+3.351150617003E+00
+7.994760000E-03,+3.408532569259E+00
+7.994770000E-03,+3.418096221983E+00
+7.994780000E-03,+3.418096221983E+00
+7.994790000E-03,+3.351150617003E+00
+7.994800000E-03,+3.379841585391E+00
+7.994810000E-03,+3.418096221983E+00
+7.994820000E-03,+3.389405243222E+00
+7.994830000E-03,+3.293768664668E+00
+7.994840000E-03,+3.322459653882E+00
+7.994850000E-03,+3.446787206011E+00
+7.994860000E-03,+3.408532558886E+00
+7.994870000E-03,+3.379841585311E+00
+7.994880000E-03,+3.418096216717E+00
+7.994890000E-03,+3.418096221983E+00
+7.994900000E-03,+3.418096221983E+00
+7.994910000E-03,+3.351150617003E+00
+7.994920000E-03,+3.322459632817E+00
+7.994930000E-03,+3.418096221983E+00
+7.994940000E-03,+3.351150617003E+00
+7.994950000E-03,+3.418096221983E+00
+7.994960000E-03,+3.389405243063E+00
+7.994970000E-03,+3.360714269489E+00
+7.994980000E-03,+3.418096221983E+00
+7.994990000E-03,+3.379841601349E+00
+7.995000000E-03,+3.389405232213E+00
+7.995010000E-03,+3.389405253835E+00
+7.995020000E-03,+3.351150611578E+00
+7.995030000E-03,+3.379841596003E+00
+7.995040000E-03,+3.408532569577E+00
+7.995050000E-03,+3.398968900816E+00
+7.995060000E-03,+3.370277927241E+00
+7.995070000E-03,+3.418096221983E+00
+7.995080000E-03,+3.322459648934E+00
+7.995090000E-03,+3.284205023033E+00
+7.995100000E-03,+3.312895991102E+00
+7.995110000E-03,+3.465914522310E+00
+7.995120000E-03,+3.284205012023E+00
+7.995130000E-03,+3.351150617003E+00
+7.995140000E-03,+3.293768675439E+00
+7.995150000E-03,+3.418096221983E+00
+7.995160000E-03,+3.284205012023E+00
+7.995170000E-03,+3.322459637845E+00
+7.995180000E-03,+3.293768664271E+00
+7.995190000E-03,+3.284205012023E+00
+7.995200000E-03,+3.398968911905E+00
+7.995210000E-03,+3.351150617003E+00
+7.995220000E-03,+3.351150617003E+00
+7.995230000E-03,+3.284205012023E+00
+7.995240000E-03,+3.351150617003E+00
+7.995250000E-03,+3.341586964836E+00
+7.995260000E-03,+3.418096221983E+00
+7.995270000E-03,+3.303332322023E+00
+7.995280000E-03,+3.351150617003E+00
+7.995290000E-03,+3.312895979854E+00
+7.995300000E-03,+3.485041809733E+00
+7.995310000E-03,+3.322459637686E+00
+7.995320000E-03,+3.274641359935E+00
+7.995330000E-03,+3.303332333509E+00
+7.995340000E-03,+3.332023307084E+00
+7.995350000E-03,+3.341586953349E+00
+7.995360000E-03,+3.312895979775E+00
+7.995370000E-03,+3.284205017846E+00
+7.995380000E-03,+3.284205012023E+00
+7.995390000E-03,+3.303332316041E+00
+7.995400000E-03,+3.370277938569E+00
+7.995410000E-03,+3.437223531824E+00
+7.995420000E-03,+3.418096221983E+00
+7.995430000E-03,+3.322459649332E+00
+7.995440000E-03,+3.284205023828E+00
+7.995450000E-03,+3.389405242507E+00
+7.995460000E-03,+3.351150617003E+00
+7.995470000E-03,+3.351150617003E+00
+7.995480000E-03,+3.351150617003E+00
+7.995490000E-03,+3.341586953190E+00
+7.995500000E-03,+3.341586947208E+00
+7.995510000E-03,+3.418096221983E+00
+7.995520000E-03,+3.341586971136E+00
+7.995530000E-03,+3.303332315723E+00
+7.995540000E-03,+3.446787183514E+00
+7.995550000E-03,+3.351150617003E+00
+7.995560000E-03,+3.341586953110E+00
+7.995570000E-03,+3.312895979536E+00
+7.995580000E-03,+3.418096215922E+00
+7.995590000E-03,+3.312895991659E+00
+7.995600000E-03,+3.351150617003E+00
+7.995610000E-03,+3.284205012023E+00
+7.995620000E-03,+3.284205012023E+00
+7.995630000E-03,+3.465914499018E+00
+7.995640000E-03,+3.408532551870E+00
+7.995650000E-03,+3.351150623144E+00
+7.995660000E-03,+3.389405242268E+00
+7.995670000E-03,+3.351150617003E+00
+7.995680000E-03,+3.312895973236E+00
+7.995690000E-03,+3.284205012023E+00
+7.995700000E-03,+3.351150617003E+00
+7.995710000E-03,+3.389405254630E+00
+7.995720000E-03,+3.284205018244E+00
+7.995730000E-03,+3.274641366633E+00
+7.995740000E-03,+3.408532570372E+00
+7.995750000E-03,+3.332023295040E+00
+7.995760000E-03,+3.332023307561E+00
+7.995770000E-03,+3.408532557852E+00
+7.995780000E-03,+3.351150617003E+00
+7.995790000E-03,+3.351150623303E+00
+7.995800000E-03,+3.284205012023E+00
+7.995810000E-03,+3.351150617003E+00
+7.995820000E-03,+3.332023294961E+00
+7.995830000E-03,+3.398968912620E+00
+7.995840000E-03,+3.398968893561E+00
+7.995850000E-03,+3.351150617003E+00
+7.995860000E-03,+3.418096221983E+00
+7.995870000E-03,+3.322459637050E+00
+7.995880000E-03,+3.351150617003E+00
+7.995890000E-03,+3.398968899861E+00
+7.995900000E-03,+3.322459630591E+00
+7.995910000E-03,+3.341586952713E+00
+7.995920000E-03,+3.284205012023E+00
+7.995930000E-03,+3.351150617003E+00
+7.995940000E-03,+3.360714261917E+00
+7.995950000E-03,+3.351150617003E+00
+7.995960000E-03,+3.351150617003E+00
+7.995970000E-03,+3.207695729676E+00
+7.995980000E-03,+3.408532557613E+00
+7.995990000E-03,+3.284205012023E+00
+7.996000000E-03,+3.351150617003E+00
+7.996010000E-03,+3.284205012023E+00
+7.996020000E-03,+3.293768663316E+00
+7.996030000E-03,+3.284205012023E+00
+7.996040000E-03,+3.370277926128E+00
+7.996050000E-03,+3.351150617003E+00
+7.996060000E-03,+3.322459650047E+00
+7.996070000E-03,+3.284205018642E+00
+7.996080000E-03,+3.418096221983E+00
+7.996090000E-03,+3.408532570770E+00
+7.996100000E-03,+3.332023294643E+00
+7.996110000E-03,+3.437223531029E+00
+7.996120000E-03,+3.351150617003E+00
+7.996130000E-03,+3.398968926334E+00
+7.996140000E-03,+3.351150617003E+00
+7.996150000E-03,+3.351150617003E+00
+7.996160000E-03,+3.408532570849E+00
+7.996170000E-03,+3.379841577103E+00
+7.996180000E-03,+3.418096221983E+00
+7.996190000E-03,+3.351150617003E+00
+7.996200000E-03,+3.322459650206E+00
+7.996210000E-03,+3.418096215207E+00
+7.996220000E-03,+3.351150617003E+00
+7.996230000E-03,+3.408532570929E+00
+7.996240000E-03,+3.303332334543E+00
+7.996250000E-03,+3.379841604211E+00
+7.996260000E-03,+3.341586952315E+00
+7.996270000E-03,+3.341586945459E+00
+7.996280000E-03,+3.351150610147E+00
+7.996290000E-03,+3.389405241553E+00
+7.996300000E-03,+3.408532571009E+00
+7.996310000E-03,+3.370277939603E+00
+7.996320000E-03,+3.370277925810E+00
+7.996330000E-03,+3.303332341558E+00
+7.996340000E-03,+3.360714288707E+00
+7.996350000E-03,+3.284205012023E+00
+7.996360000E-03,+3.360714260963E+00
+7.996370000E-03,+3.360714267899E+00
+7.996380000E-03,+3.217259407043E+00
+7.996390000E-03,+3.379841604529E+00
+7.996400000E-03,+3.341586952156E+00
+7.996410000E-03,+3.322459650445E+00
+7.996420000E-03,+3.284205012023E+00
+7.996430000E-03,+3.284205012023E+00
+7.996440000E-03,+3.360714267820E+00
+7.996450000E-03,+3.332023294245E+00
+7.996460000E-03,+3.332023308356E+00
+7.996470000E-03,+3.293768676950E+00
+7.996480000E-03,+3.322459650524E+00
+7.996490000E-03,+3.351150617003E+00
+7.996500000E-03,+3.255514031354E+00
+7.996510000E-03,+3.360714267740E+00
+7.996520000E-03,+3.284205012023E+00
+7.996530000E-03,+3.332023308435E+00
+7.996540000E-03,+3.351150617003E+00
+7.996550000E-03,+3.303332306243E+00
+7.996560000E-03,+3.284205012023E+00
+7.996570000E-03,+3.284205012023E+00
+7.996580000E-03,+3.226823057700E+00
+7.996590000E-03,+3.284205012023E+00
+7.996600000E-03,+3.379841605006E+00
+7.996610000E-03,+3.341586951918E+00
+7.996620000E-03,+3.284205012023E+00
+7.996630000E-03,+3.217259414298E+00
+7.996640000E-03,+3.284205012023E+00
+7.996650000E-03,+3.293768662601E+00
+7.996660000E-03,+3.332023294007E+00
+7.996670000E-03,+3.332023308594E+00
+7.996680000E-03,+3.389405226488E+00
+7.996690000E-03,+3.284205012023E+00
+7.996700000E-03,+3.351150609670E+00
+7.996710000E-03,+3.312895992931E+00
+7.996720000E-03,+3.398968920987E+00
+7.996730000E-03,+3.284205012023E+00
+7.996740000E-03,+3.303332320353E+00
+7.996750000E-03,+3.293768677268E+00
+7.996760000E-03,+3.322459650842E+00
+7.996770000E-03,+3.217259421870E+00
+7.996780000E-03,+3.322459636016E+00
+7.996790000E-03,+3.351150617003E+00
+7.996800000E-03,+3.332023293847E+00
+7.996810000E-03,+3.332023308754E+00
+7.996820000E-03,+3.284205012023E+00
+7.996830000E-03,+3.312895978105E+00
+7.996840000E-03,+3.418096206998E+00
+7.996850000E-03,+3.322459635937E+00
+7.996860000E-03,+3.408532571645E+00
+7.996870000E-03,+3.303332335259E+00
+7.996880000E-03,+3.284205012023E+00
+7.996890000E-03,+3.226823072447E+00
+7.996900000E-03,+3.312895978025E+00
+7.996910000E-03,+3.351150609431E+00
+7.996920000E-03,+3.351150617003E+00
+7.996930000E-03,+3.341586966744E+00
+7.996940000E-03,+3.360714252039E+00
+7.996950000E-03,+3.236386715135E+00
+7.996960000E-03,+3.351150617003E+00
+7.996970000E-03,+3.322459651081E+00
+7.996980000E-03,+3.284205012023E+00
+7.996990000E-03,+3.351150617003E+00
+7.997000000E-03,+3.226823057223E+00
+7.997010000E-03,+3.351150617003E+00
+7.997020000E-03,+3.351150617003E+00
+7.997030000E-03,+3.226823072606E+00
+7.997040000E-03,+3.312895977866E+00
+7.997050000E-03,+3.351150609272E+00
+7.997060000E-03,+3.255514030718E+00
+7.997070000E-03,+3.360714267104E+00
+7.997080000E-03,+3.303332335497E+00
+7.997090000E-03,+3.284205012023E+00
+7.997100000E-03,+3.284205012023E+00
+7.997110000E-03,+3.293768685476E+00
+7.997120000E-03,+3.284205012023E+00
+7.997130000E-03,+3.379841598388E+00
+7.997140000E-03,+3.341586966983E+00
+7.997150000E-03,+3.284205012023E+00
+7.997160000E-03,+3.312896001299E+00
+7.997170000E-03,+3.284205012023E+00
+7.997180000E-03,+3.188568441360E+00
+7.997190000E-03,+3.284205027804E+00
+7.997200000E-03,+3.312895993488E+00
+7.997210000E-03,+3.398968922101E+00
+7.997220000E-03,+3.351150617003E+00
+7.997230000E-03,+3.332023309231E+00
+7.997240000E-03,+3.274641346222E+00
+7.997250000E-03,+3.389405256379E+00
+7.997260000E-03,+3.351150601064E+00
+7.997270000E-03,+3.284205012023E+00
+7.997280000E-03,+3.284205012023E+00
+7.997290000E-03,+3.236386730756E+00
+7.997300000E-03,+3.303332319717E+00
+7.997310000E-03,+3.398968890222E+00
+7.997320000E-03,+3.284205012023E+00
+7.997330000E-03,+3.351150608954E+00
+7.997340000E-03,+3.322459635380E+00
+7.997350000E-03,+3.351150617003E+00
+7.997360000E-03,+3.217259407043E+00
+7.997370000E-03,+3.236386714657E+00
+7.997380000E-03,+3.284205012023E+00
+7.997390000E-03,+3.312895977469E+00
+7.997400000E-03,+3.217259407043E+00
+7.997410000E-03,+3.274641370449E+00
+7.997420000E-03,+3.293768661726E+00
+7.997430000E-03,+3.332023293132E+00
+7.997440000E-03,+3.284205012023E+00
+7.997450000E-03,+3.284205012023E+00
+7.997460000E-03,+3.312895977389E+00
+7.997470000E-03,+3.418096197359E+00
+7.997480000E-03,+3.312895993806E+00
+7.997490000E-03,+3.284205012023E+00
+7.997500000E-03,+3.351150617003E+00
+7.997510000E-03,+3.351150617003E+00
+7.997520000E-03,+3.293768678143E+00
+7.997530000E-03,+3.389405256697E+00
+7.997540000E-03,+3.418096205408E+00
+7.997550000E-03,+3.284205012023E+00
+7.997560000E-03,+3.351150617003E+00
+7.997570000E-03,+3.284205012023E+00
+7.997580000E-03,+3.284205012023E+00
+7.997590000E-03,+3.341586950804E+00
+7.997600000E-03,+3.312895977230E+00
+7.997610000E-03,+3.418096213616E+00
+7.997620000E-03,+3.255514030082E+00
+7.997630000E-03,+3.398968923055E+00
+7.997640000E-03,+3.351150617003E+00
+7.997650000E-03,+3.274641328931E+00
+7.997660000E-03,+3.360714283282E+00
+7.997670000E-03,+3.284205012023E+00
+7.997680000E-03,+3.418096205090E+00
+7.997690000E-03,+3.284205012023E+00
+7.997700000E-03,+3.332023318234E+00
+7.997710000E-03,+3.284205012023E+00
+7.997720000E-03,+3.284205012023E+00
+7.997730000E-03,+3.284205012023E+00
+7.997740000E-03,+3.322459651956E+00
+7.997750000E-03,+3.284205012023E+00
+7.997760000E-03,+3.322459634903E+00
+7.997770000E-03,+3.398968923373E+00
+7.997780000E-03,+3.236386731312E+00
+7.997790000E-03,+3.303332319160E+00
+7.997800000E-03,+3.284205012023E+00
+7.997810000E-03,+3.284205012023E+00
+7.997820000E-03,+3.284205012023E+00
+7.997830000E-03,+3.312895994204E+00
+7.997840000E-03,+3.351150617003E+00
+7.997850000E-03,+3.265077687675E+00
+7.997860000E-03,+3.303332319081E+00
+7.997870000E-03,+3.351150617003E+00
+7.997880000E-03,+3.312895976912E+00
+7.997890000E-03,+3.217259415729E+00
+7.997900000E-03,+3.312895994283E+00
+7.997910000E-03,+3.341586967857E+00
+7.997920000E-03,+3.351150617003E+00
+7.997930000E-03,+3.236386714021E+00
+7.997940000E-03,+3.284205012023E+00
+7.997950000E-03,+3.312895976833E+00
+7.997960000E-03,+3.284205003259E+00
+7.997970000E-03,+3.351150617003E+00
+7.997980000E-03,+3.226823056110E+00
+7.997990000E-03,+3.236386731551E+00
+7.998000000E-03,+3.398968915085E+00
+7.998010000E-03,+3.293768678699E+00
+7.998020000E-03,+3.293768687544E+00
+7.998030000E-03,+3.284205020868E+00
+7.998040000E-03,+3.284205012023E+00
+7.998050000E-03,+3.351150617003E+00
+7.998060000E-03,+3.284205012023E+00
+7.998070000E-03,+3.332023310185E+00
+7.998080000E-03,+3.456350826697E+00
+7.998090000E-03,+3.312895976674E+00
+7.998100000E-03,+3.351150617003E+00
+7.998110000E-03,+3.169441144578E+00
+7.998120000E-03,+1.113254705941E+00
+7.998130000E-03,-330.857656896E-03
+7.998140000E-03,-445.621560117E-03
+7.998150000E-03,+3.870368004E-03
+7.998160000E-03,+300.343752495E-03
+7.998170000E-03,+204.707182944E-03
+7.998180000E-03,-5.693271821E-03
+7.998190000E-03,+3.870368004E-03
+7.998200000E-03,+22.997692750E-03
+7.998210000E-03,+185.579876284E-03
+7.998220000E-03,+61.252306069E-03
+7.998230000E-03,+42.125008493E-03
+7.998240000E-03,-63.075227893E-03
+7.998250000E-03,+42.124990327E-03
+7.998260000E-03,+70.815972984E-03
+7.998270000E-03,+70.815972984E-03
+7.998280000E-03,+42.124981164E-03
+7.998290000E-03,+13.434034998E-03
+7.998300000E-03,+70.815972984E-03
+7.998310000E-03,+70.815982146E-03
+7.998320000E-03,-34.384254240E-03
+7.998330000E-03,+70.815972984E-03
+7.998340000E-03,+99.506928154E-03
+7.998350000E-03,+32.561359982E-03
+7.998360000E-03,+42.124971763E-03
+7.998370000E-03,+99.506937316E-03
+7.998380000E-03,+137.761559480E-03
+7.998390000E-03,-34.384254160E-03
+7.998400000E-03,+70.815972984E-03
+7.998410000E-03,+70.815972984E-03
+7.998420000E-03,+51.688666563E-03
+7.998430000E-03,+61.252305831E-03
+7.998440000E-03,-5.693308471E-03
+7.998450000E-03,+3.870358682E-03
+7.998460000E-03,+70.815972984E-03
+7.998470000E-03,-43.947939956E-03
+7.998480000E-03,-15.256957060E-03
+7.998490000E-03,-5.693317952E-03
+7.998500000E-03,+51.688638519E-03
+7.998510000E-03,+32.561332177E-03
+7.998520000E-03,+3.870368004E-03
+7.998530000E-03,+99.506955959E-03
+7.998540000E-03,-5.693280427E-03
+7.998550000E-03,+22.997693148E-03
+7.998560000E-03,+22.997674266E-03
+7.998570000E-03,+13.434035316E-03
+7.998580000E-03,+32.561332098E-03
+7.998590000E-03,+70.815972984E-03
+7.998600000E-03,+42.124989929E-03
+7.998610000E-03,+70.815972984E-03
+7.998620000E-03,+3.870368004E-03
+7.998630000E-03,+22.997674187E-03
+7.998640000E-03,+61.252305592E-03
+7.998650000E-03,+32.561332018E-03
+7.998660000E-03,-63.075217856E-03
+7.998670000E-03,-34.384253842E-03
+7.998680000E-03,+70.815972984E-03
+7.998690000E-03,+70.815972984E-03
+7.998700000E-03,+70.815972984E-03
+7.998710000E-03,+61.252305513E-03
+7.998720000E-03,+32.561331938E-03
+7.998730000E-03,+3.870358364E-03
+7.998740000E-03,+80.379611536E-03
+7.998750000E-03,+22.997664388E-03
+7.998760000E-03,+3.870368004E-03
+7.998770000E-03,+42.124980051E-03
+7.998780000E-03,+3.870368004E-03
+7.998790000E-03,+42.125009129E-03
+7.998800000E-03,+3.870368004E-03
+7.998810000E-03,-5.693270389E-03
+7.998820000E-03,+3.870368004E-03
+7.998830000E-03,+3.870368004E-03
+7.998840000E-03,+22.997673948E-03
+7.998850000E-03,-53.511569346E-03
+7.998860000E-03,+3.870368004E-03
+7.998870000E-03,+3.870368004E-03
+7.998880000E-03,-34.384253603E-03
+7.998890000E-03,+3.870368004E-03
+7.998900000E-03,-43.947911435E-03
+7.998910000E-03,-15.256937861E-03
+7.998920000E-03,+61.252305274E-03
+7.998930000E-03,-24.820595692E-03
+7.998940000E-03,+3.870368004E-03
+7.998950000E-03,+3.870368004E-03
+7.998960000E-03,+3.870368004E-03
+7.998970000E-03,-43.947911356E-03
+7.998980000E-03,+3.870368004E-03
+7.998990000E-03,-53.511569187E-03
+7.999000000E-03,+32.561331620E-03
+7.999010000E-03,+3.870368004E-03
+7.999020000E-03,-24.820615528E-03
+7.999030000E-03,+61.252325110E-03
+7.999040000E-03,+32.561321583E-03
+7.999050000E-03,-15.256937702E-03
+7.999060000E-03,+3.870368004E-03
+7.999070000E-03,+3.870368004E-03
+7.999080000E-03,-63.075226939E-03
+7.999090000E-03,-34.384253365E-03
+7.999100000E-03,+13.434015798E-03
+7.999110000E-03,+22.997693784E-03
+7.999120000E-03,-43.947931350E-03
+7.999130000E-03,+3.870368004E-03
+7.999140000E-03,-34.384273518E-03
+7.999150000E-03,+3.870378121E-03
+7.999160000E-03,+42.124989293E-03
+7.999170000E-03,+61.252325269E-03
+7.999180000E-03,+99.506926245E-03
+7.999190000E-03,+118.634272417E-03
+7.999200000E-03,-5.693300024E-03
+7.999210000E-03,+70.815972984E-03
+7.999220000E-03,+3.870378200E-03
+7.999230000E-03,+13.434005443E-03
+7.999240000E-03,+13.434015639E-03
+7.999250000E-03,+3.870368004E-03
+7.999260000E-03,-24.820626042E-03
+7.999270000E-03,+61.252304877E-03
+7.999280000E-03,+32.561331302E-03
+7.999290000E-03,-63.075226700E-03
+7.999300000E-03,+42.124989134E-03
+7.999310000E-03,-5.693279552E-03
+7.999320000E-03,-43.947910958E-03
+7.999330000E-03,+22.997673391E-03
+7.999340000E-03,+3.870368004E-03
+7.999350000E-03,+3.870368004E-03
+7.999360000E-03,+3.870357649E-03
+7.999370000E-03,+3.870368004E-03
+7.999380000E-03,+3.870368004E-03
+7.999390000E-03,+22.997694102E-03
+7.999400000E-03,+32.561362368E-03
+7.999410000E-03,+22.997704536E-03
+7.999420000E-03,-63.075236976E-03
+7.999430000E-03,+3.870357569E-03
+7.999440000E-03,+3.870368004E-03
+7.999450000E-03,-5.693279393E-03
+7.999460000E-03,-15.256958174E-03
+7.999470000E-03,-43.947931748E-03
+7.999480000E-03,-53.511568630E-03
+7.999490000E-03,+70.815972984E-03
+7.999500000E-03,+3.870368004E-03
+7.999510000E-03,+32.561352092E-03
+7.999520000E-03,+3.870368004E-03
+7.999530000E-03,-43.947910719E-03
+7.999540000E-03,+3.870368004E-03
+7.999550000E-03,+3.870368004E-03
+7.999560000E-03,-34.384273996E-03
+7.999570000E-03,+3.870368004E-03
+7.999580000E-03,-63.075236976E-03
+7.999590000E-03,+32.561309718E-03
+7.999600000E-03,+22.997694340E-03
+7.999610000E-03,+3.870368004E-03
+7.999620000E-03,+61.252304479E-03
+7.999630000E-03,+61.252293806E-03
+7.999640000E-03,+3.870378677E-03
+7.999650000E-03,+3.870368004E-03
+7.999660000E-03,+3.870368004E-03
+7.999670000E-03,+3.870368004E-03
+7.999680000E-03,-43.947931986E-03
+7.999690000E-03,+3.870368004E-03
+7.999700000E-03,+3.870368004E-03
+7.999710000E-03,+3.870357251E-03
+7.999720000E-03,+3.870368004E-03
+7.999730000E-03,-5.693279075E-03
+7.999740000E-03,-43.947910481E-03
+7.999750000E-03,-43.947932066E-03
+7.999760000E-03,-5.693300660E-03
+7.999770000E-03,+13.434047500E-03
+7.999780000E-03,+3.870357172E-03
+7.999790000E-03,+32.561352410E-03
+7.999800000E-03,+3.870368004E-03
+7.999810000E-03,-15.256958571E-03
+7.999820000E-03,-43.947932145E-03
+7.999830000E-03,+13.434036747E-03
+7.999840000E-03,+3.870368004E-03
+7.999850000E-03,+70.815962072E-03
+7.999860000E-03,+3.870368004E-03
+7.999870000E-03,+70.815972984E-03
+7.999880000E-03,-15.256958651E-03
+7.999890000E-03,+22.997672755E-03
+7.999900000E-03,+3.870368004E-03
+7.999910000E-03,+3.870368004E-03
+7.999920000E-03,+3.870368004E-03
+7.999930000E-03,-63.075236976E-03
+7.999940000E-03,+3.870368004E-03
+7.999950000E-03,+22.997694738E-03
+7.999960000E-03,+32.561363640E-03
+7.999970000E-03,+128.197909061E-03
+7.999980000E-03,-24.820594500E-03
+7.999990000E-03,+3.870356933E-03
+8.000000000E-03,+13.434003694E-03
+8.000010000E-03,+109.070560027E-03
+8.000020000E-03,+1.447982726211E+00
+8.000030000E-03,+2.050493126588E+00
+8.000040000E-03,+2.624312631205E+00
+8.000050000E-03,+2.987731629680E+00
+8.000060000E-03,+3.150313802063E+00
+8.000070000E-03,+3.351150617003E+00
+8.000080000E-03,+3.236386700406E+00
+8.000090000E-03,+3.351150617003E+00
+8.000100000E-03,+3.398968917471E+00
+8.000110000E-03,+3.284205012023E+00
+8.000120000E-03,+3.293768692315E+00
+8.000130000E-03,+3.284205012023E+00
+8.000140000E-03,+3.379841601808E+00
+8.000150000E-03,+3.293768658625E+00
+8.000160000E-03,+3.322459665969E+00
+8.000170000E-03,+3.418096221983E+00
+8.000180000E-03,+3.236386745325E+00
+8.000190000E-03,+3.379841579268E+00
+8.000200000E-03,+3.351150617003E+00
+8.000210000E-03,+3.351150617003E+00
+8.000220000E-03,+3.236386700088E+00
+8.000230000E-03,+3.312895962900E+00
+8.000240000E-03,+3.351150617003E+00
+8.000250000E-03,+3.341586947783E+00
+8.000260000E-03,+3.389405259798E+00
+8.000270000E-03,+3.351150617003E+00
+8.000280000E-03,+3.351150617003E+00
+8.000290000E-03,+3.303332304909E+00
+8.000300000E-03,+3.370277944135E+00
+8.000310000E-03,+3.446787218415E+00
+8.000320000E-03,+3.398968883384E+00
+8.000330000E-03,+3.351150617003E+00
+8.000340000E-03,+3.418096210515E+00
+8.000350000E-03,+3.408532587088E+00
+8.000360000E-03,+3.456350887874E+00
+8.000370000E-03,+3.370277944214E+00
+8.000380000E-03,+3.418096221983E+00
+8.000390000E-03,+3.408532552604E+00
+8.000400000E-03,+3.418096221983E+00
+8.000410000E-03,+3.351150628551E+00
+8.000420000E-03,+3.389405236861E+00
+8.000430000E-03,+3.284205012023E+00
+8.000440000E-03,+3.398968894693E+00
+8.000450000E-03,+3.398968917868E+00
+8.000460000E-03,+3.427659891442E+00
+8.000470000E-03,+3.389405260037E+00
+8.000480000E-03,+3.485041803709E+00
+8.000490000E-03,+3.351150617003E+00
+8.000500000E-03,+3.351150617003E+00
+8.000510000E-03,+3.351150617003E+00
+8.000520000E-03,+3.418096221983E+00
+8.000530000E-03,+3.360714286542E+00
+8.000540000E-03,+3.389405260116E+00
+8.000550000E-03,+3.418096221983E+00
+8.000560000E-03,+3.456350841682E+00
+8.000570000E-03,+3.360714263128E+00
+8.000580000E-03,+3.465914499514E+00
+8.000590000E-03,+3.446787219051E+00
+8.000600000E-03,+3.542423762325E+00
+8.000610000E-03,+3.341586935599E+00
+8.000620000E-03,+3.351150628790E+00
+8.000630000E-03,+3.379841602364E+00
+8.000640000E-03,+3.360714263048E+00
+8.000650000E-03,+3.465914499434E+00
+8.000660000E-03,+3.217259407043E+00
+8.000670000E-03,+1.055872708289E+00
+8.000680000E-03,-359.548618604E-03
+8.000690000E-03,-531.694471836E-03
+8.000700000E-03,+32.561353444E-03
+8.000710000E-03,+338.598392904E-03
+8.000720000E-03,+156.888905573E-03
+8.000730000E-03,-15.256935793E-03
+8.000740000E-03,-72.638906753E-03
+8.000750000E-03,-34.384275347E-03
+8.000760000E-03,+70.815972984E-03
+8.000770000E-03,+3.870368004E-03
+8.000780000E-03,+70.815972984E-03
+8.000790000E-03,-24.820581600E-03
+8.000800000E-03,-24.820629541E-03
+8.000810000E-03,+13.434037860E-03
+8.000820000E-03,+42.125011435E-03
+8.000830000E-03,+70.815972984E-03
+8.000840000E-03,+70.815972984E-03
+8.000850000E-03,+3.870368004E-03
+8.000860000E-03,+70.815972984E-03
+8.000870000E-03,+22.997671642E-03
+8.000880000E-03,+61.252303048E-03
+8.000890000E-03,+70.815972984E-03
+8.000900000E-03,+70.815960879E-03
+8.000910000E-03,+13.434001627E-03
+8.000920000E-03,+13.434013731E-03
+8.000930000E-03,+70.815972984E-03
+8.000940000E-03,+51.688669425E-03
+8.000950000E-03,-43.947896945E-03
+8.000960000E-03,+70.815972984E-03
+8.000970000E-03,+70.815972984E-03
+8.000980000E-03,+99.506958742E-03
+8.000990000E-03,+80.379618631E-03
+8.001000000E-03,+99.506922111E-03
+8.001010000E-03,+22.997671483E-03
+8.001020000E-03,+61.252302889E-03
+8.001030000E-03,+32.561329314E-03
+8.001040000E-03,+3.870380267E-03
+8.001050000E-03,-43.947884443E-03
+8.001060000E-03,+3.870368004E-03
+8.001070000E-03,+3.870368004E-03
+8.001080000E-03,+51.688669584E-03
+8.001090000E-03,+22.997708353E-03
+8.001100000E-03,+3.870368004E-03
+8.001110000E-03,+3.870368004E-03
+8.001120000E-03,+32.561353921E-03
+8.001130000E-03,+61.252327495E-03
+8.001140000E-03,+22.997696090E-03
+8.001150000E-03,+22.997671324E-03
+8.001160000E-03,+3.870368004E-03
+8.001170000E-03,+3.870368004E-03
+8.001180000E-03,+70.815960561E-03
+8.001190000E-03,+3.870368004E-03
+8.001200000E-03,+3.870368004E-03
+8.001210000E-03,-15.256960161E-03
+8.001220000E-03,-110.893538715E-03
+8.001230000E-03,-53.511566642E-03
+8.001240000E-03,-34.384275904E-03
+8.001250000E-03,+3.870368004E-03
+8.001260000E-03,+70.815972984E-03
+8.001270000E-03,+118.634287305E-03
+8.001280000E-03,+3.870368004E-03
+8.001290000E-03,+89.943276145E-03
+8.001300000E-03,+61.252302571E-03
+8.001310000E-03,+1.141945652664E+00
+8.001320000E-03,+1.677510492504E+00
+8.001330000E-03,+2.499985017601E+00
+8.001340000E-03,+2.882531382144E+00
+8.001350000E-03,+3.064240868759E+00
+8.001360000E-03,+3.217259407043E+00
+8.001370000E-03,+3.284205012023E+00
+8.001380000E-03,+3.322459656090E+00
+8.001390000E-03,+3.284205012023E+00
+8.001400000E-03,+3.389405235748E+00
+8.001410000E-03,+3.398968931642E+00
+8.001420000E-03,+3.322459668831E+00
+8.001430000E-03,+3.370277920005E+00
+8.001440000E-03,+3.351150617003E+00
+8.001450000E-03,+3.446787182817E+00
+8.001460000E-03,+3.284205024764E+00
+8.001470000E-03,+3.322459630689E+00
+8.001480000E-03,+3.418096221983E+00
+8.001490000E-03,+3.351150617003E+00
+8.001500000E-03,+3.370277919926E+00
+8.001510000E-03,+3.408532551332E+00
+8.001520000E-03,+3.351150617003E+00
+8.001530000E-03,+3.351150617003E+00
+8.001540000E-03,+3.418096221983E+00
+8.001550000E-03,+3.427659866995E+00
+8.001560000E-03,+3.332023288441E+00
+8.001570000E-03,+3.332023314160E+00
+8.001580000E-03,+3.351150617003E+00
+8.001590000E-03,+3.389405261309E+00
+8.001600000E-03,+3.351150642803E+00
+8.001610000E-03,+3.312895998497E+00
+8.001620000E-03,+3.427659866915E+00
+8.001630000E-03,+3.351150617003E+00
+8.001640000E-03,+3.351150617003E+00
+8.001650000E-03,+3.293768682834E+00
+8.001660000E-03,+3.446787182578E+00
+8.001670000E-03,+3.351150629983E+00
+8.001680000E-03,+3.379841603557E+00
+8.001690000E-03,+3.408532577131E+00
+8.001700000E-03,+3.389405274447E+00
+8.001710000E-03,+3.437223524667E+00
+8.001720000E-03,+3.408532551093E+00
+8.001730000E-03,+3.408532538035E+00
+8.001740000E-03,+3.351150617003E+00
+8.001750000E-03,+3.408532590270E+00
+8.001760000E-03,+3.456350892645E+00
+8.001770000E-03,+3.418096221983E+00
+8.001780000E-03,+3.398968919379E+00
+8.001790000E-03,+3.475478155994E+00
+8.001800000E-03,+3.360714301111E+00
+8.001810000E-03,+3.418096195707E+00
+8.001820000E-03,+3.360714248558E+00
+8.001830000E-03,+3.418096221983E+00
+8.001840000E-03,+3.398968893103E+00
+8.001850000E-03,+3.370277919529E+00
+8.001860000E-03,+3.408532550934E+00
+8.001870000E-03,+3.456350866607E+00
+8.001880000E-03,+3.351150617003E+00
+8.001890000E-03,+3.389405235192E+00
+8.001900000E-03,+3.360714261617E+00
+8.001910000E-03,+3.370277945964E+00
+8.001920000E-03,+3.351150617003E+00
+8.001930000E-03,+3.408532550855E+00
+8.001940000E-03,+3.456350866686E+00
+8.001950000E-03,+3.418096221983E+00
+8.001960000E-03,+3.341586985766E+00
+8.001970000E-03,+3.351150617003E+00
+8.001980000E-03,+3.398968892943E+00
+8.001990000E-03,+3.418096221983E+00
+8.002000000E-03,+3.351150617003E+00
+8.002010000E-03,+3.418096221983E+00
+8.002020000E-03,+3.418096195230E+00
+8.002030000E-03,+3.379841603954E+00
+8.002040000E-03,+3.475478182509E+00
+8.002050000E-03,+3.437223551103E+00
+8.002060000E-03,+3.465914524677E+00
+8.002070000E-03,+3.360714288291E+00
+8.002080000E-03,+3.389405261866E+00
+8.002090000E-03,+3.418096221983E+00
+8.002100000E-03,+3.418096221983E+00
+8.002110000E-03,+3.351150617003E+00
+8.002120000E-03,+3.370277946202E+00
+8.002130000E-03,+3.437223524190E+00
+8.002140000E-03,+3.418096221983E+00
+8.002150000E-03,+3.322459656965E+00
+8.002160000E-03,+3.485041786356E+00
+8.002170000E-03,+3.389405234873E+00
+8.002180000E-03,+3.351150617003E+00
+8.002190000E-03,+3.446787168407E+00
+8.002200000E-03,+3.389405221258E+00
+8.002210000E-03,+3.303332354917E+00
+8.002220000E-03,+3.312895971982E+00
+8.002230000E-03,+3.485041826963E+00
+8.002240000E-03,+3.446787209173E+00
+8.002250000E-03,+3.418096221983E+00
+8.002260000E-03,+3.351150617003E+00
+8.002270000E-03,+3.418096221983E+00
+8.002280000E-03,+3.418096221983E+00
+8.002290000E-03,+3.379841576883E+00
+8.002300000E-03,+3.284205025718E+00
+8.002310000E-03,+3.351150617003E+00
+8.002320000E-03,+3.293768656160E+00
+8.002330000E-03,+3.398968892546E+00
+8.002340000E-03,+3.437223523952E+00
+8.002350000E-03,+3.360714288609E+00
+8.002360000E-03,+3.389405262183E+00
+8.002370000E-03,+3.351150630778E+00
+8.002380000E-03,+3.418096221983E+00
+8.002390000E-03,+3.418096221983E+00
+8.002400000E-03,+3.465914497447E+00
+8.002410000E-03,+3.418096221983E+00
+8.002420000E-03,+3.360714288689E+00
+8.002430000E-03,+3.351150617003E+00
+8.002440000E-03,+3.418096180422E+00
+8.002450000E-03,+3.379841604431E+00
+8.002460000E-03,+3.418096221983E+00
+8.002470000E-03,+3.418096221983E+00
+8.002480000E-03,+3.332023315194E+00
+8.002490000E-03,+3.418096221983E+00
+8.002500000E-03,+3.418096221983E+00
+8.002510000E-03,+3.485041799097E+00
+8.002520000E-03,+3.418096221983E+00
+8.002530000E-03,+3.418096221983E+00
+8.002540000E-03,+3.398968892307E+00
+8.002550000E-03,+3.370277918733E+00
+8.002560000E-03,+3.351150617003E+00
+8.002570000E-03,+3.389405262422E+00
+8.002580000E-03,+3.418096193958E+00
+8.002590000E-03,+3.379841604590E+00
+8.002600000E-03,+3.418096221983E+00
+8.002610000E-03,+3.437223551739E+00
+8.002620000E-03,+3.418096221983E+00
+8.002630000E-03,+3.370277960851E+00
+8.002640000E-03,+3.379841576485E+00
+8.002650000E-03,+3.351150617003E+00
+8.002660000E-03,+3.446787209650E+00
+8.002670000E-03,+3.360714260743E+00
+8.002680000E-03,+3.437223551818E+00
+8.002690000E-03,+3.398968920413E+00
+8.002700000E-03,+3.408532549980E+00
+8.002710000E-03,+3.351150617003E+00
+8.002720000E-03,+3.351150617003E+00
+8.002730000E-03,+3.418096221983E+00
+8.002740000E-03,+3.418096221983E+00
+8.002750000E-03,+3.418096221983E+00
+8.002760000E-03,+3.427659922490E+00
+8.002770000E-03,+3.408532549900E+00
+8.002780000E-03,+3.351150617003E+00
+8.002790000E-03,+3.418096221983E+00
+8.002800000E-03,+3.418096221983E+00
+8.002810000E-03,+3.370277904164E+00
+8.002820000E-03,+3.465914496969E+00
+8.002830000E-03,+3.418096221983E+00
+8.002840000E-03,+3.360714289166E+00
+8.002850000E-03,+3.379841576247E+00
+8.002860000E-03,+3.351150631334E+00
+8.002870000E-03,+3.418096221983E+00
+8.002880000E-03,+3.465914539962E+00
+8.002890000E-03,+3.398968891910E+00
+8.002900000E-03,+3.418096221983E+00
+8.002910000E-03,+3.360714289245E+00
+8.002920000E-03,+3.360714303656E+00
+8.002930000E-03,+3.418096207573E+00
+8.002940000E-03,+3.418096221983E+00
+8.002950000E-03,+3.418096221983E+00
+8.002960000E-03,+3.418096221983E+00
+8.002970000E-03,+3.398968920731E+00
+8.002980000E-03,+3.360714289325E+00
+8.002990000E-03,+3.418096221983E+00
+8.003000000E-03,+3.418096207493E+00
+8.003010000E-03,+3.456350838899E+00
+8.003020000E-03,+3.418096221983E+00
+8.003030000E-03,+3.370277947236E+00
+8.003040000E-03,+3.418096221983E+00
+8.003050000E-03,+3.475478154562E+00
+8.003060000E-03,+3.370277889037E+00
+8.003070000E-03,+3.418096221983E+00
+8.003080000E-03,+3.379841605147E+00
+8.003090000E-03,+3.370277903527E+00
+8.003100000E-03,+3.418096221983E+00
+8.003110000E-03,+3.446787224776E+00
+8.003120000E-03,+3.418096221983E+00
+8.003130000E-03,+3.360714304133E+00
+8.003140000E-03,+3.418096221983E+00
+8.003150000E-03,+3.427659850517E+00
+8.003160000E-03,+3.418096221983E+00
+8.003170000E-03,+3.398968891592E+00
+8.003180000E-03,+3.465914525949E+00
+8.003190000E-03,+3.437223567103E+00
+8.003200000E-03,+3.418096221983E+00
+8.003210000E-03,+3.351150617003E+00
+8.003220000E-03,+3.446787210286E+00
+8.003230000E-03,+3.427659865086E+00
+8.003240000E-03,+3.465914496492E+00
+8.003250000E-03,+3.532860131009E+00
+8.003260000E-03,+3.427659894623E+00
+8.003270000E-03,+3.379841575770E+00
+8.003280000E-03,+3.351150661428E+00
+8.003290000E-03,+3.408532593768E+00
+8.003300000E-03,+3.475478183940E+00
+8.003310000E-03,+3.370277947554E+00
+8.003320000E-03,+3.418096221983E+00
+8.003330000E-03,+3.485041826963E+00
+8.003340000E-03,+3.427659909590E+00
+8.003350000E-03,+3.418096236871E+00
+8.003360000E-03,+3.446787210445E+00
+8.003370000E-03,+3.408532579039E+00
+8.003380000E-03,+3.465914496334E+00
+8.003390000E-03,+3.398968921208E+00
+8.003400000E-03,+3.418096221983E+00
+8.003410000E-03,+3.418096221983E+00
+8.003420000E-03,+3.418096221983E+00
+8.003430000E-03,+3.418096221983E+00
+8.003440000E-03,+3.475478184099E+00
+8.003450000E-03,+3.513732770524E+00
+8.003460000E-03,+3.418096221983E+00
+8.003470000E-03,+3.360714289881E+00
+8.003480000E-03,+3.446787180511E+00
+8.003490000E-03,+3.485041826963E+00
+8.003500000E-03,+3.446787210604E+00
+8.003510000E-03,+3.360714259788E+00
+8.003520000E-03,+3.351150617003E+00
+8.003530000E-03,+3.437223522600E+00
+8.003540000E-03,+3.465914481049E+00
+8.003550000E-03,+3.351150617003E+00
+8.003560000E-03,+3.418096221983E+00
+8.003570000E-03,+3.379841605704E+00
+8.003580000E-03,+3.351150617003E+00
+8.003590000E-03,+3.418096221983E+00
+8.003600000E-03,+3.465914526426E+00
+8.003610000E-03,+3.408532548947E+00
+8.003620000E-03,+3.322459658635E+00
+8.003630000E-03,+3.485041796552E+00
+8.003640000E-03,+3.418096221983E+00
+8.003650000E-03,+3.418096221983E+00
+8.003660000E-03,+3.485041826963E+00
+8.003670000E-03,+3.398968921526E+00
+8.003680000E-03,+3.418096221983E+00
+8.003690000E-03,+3.446787180273E+00
+8.003700000E-03,+3.418096221983E+00
+8.003710000E-03,+3.418096221983E+00
+8.003720000E-03,+3.360714259550E+00
+8.003730000E-03,+3.446787164908E+00
+8.003740000E-03,+3.418096221983E+00
+8.003750000E-03,+3.293768685220E+00
+8.003760000E-03,+3.389405263774E+00
+8.003770000E-03,+3.418096206619E+00
+8.003780000E-03,+3.389405233044E+00
+8.003790000E-03,+3.408532579517E+00
+8.003800000E-03,+3.351150617003E+00
+8.003810000E-03,+3.370277917302E+00
+8.003820000E-03,+3.485041826963E+00
+8.003830000E-03,+3.456350868833E+00
+8.003840000E-03,+3.418096237428E+00
+8.003850000E-03,+3.418096221983E+00
+8.003860000E-03,+3.465914542188E+00
+8.003870000E-03,+3.418096221983E+00
+8.003880000E-03,+3.418096221983E+00
+8.003890000E-03,+3.475478153608E+00
+8.003900000E-03,+3.456350868913E+00
+8.003910000E-03,+3.418096221983E+00
+8.003920000E-03,+3.446787211081E+00
+8.003930000E-03,+3.485041826963E+00
+8.003940000E-03,+3.418096221983E+00
+8.003950000E-03,+3.418096221983E+00
+8.003960000E-03,+3.360714290438E+00
+8.003970000E-03,+3.379841574975E+00
+8.003980000E-03,+3.351150632607E+00
+8.003990000E-03,+3.418096221983E+00
+8.004000000E-03,+3.408532579755E+00
+8.004010000E-03,+3.370277948349E+00
+8.004020000E-03,+3.437223522043E+00
+8.004030000E-03,+3.418096221983E+00
+8.004040000E-03,+3.408532532787E+00
+8.004050000E-03,+3.418096221983E+00
+8.004060000E-03,+3.389405232727E+00
+8.004070000E-03,+3.427659864132E+00
+8.004080000E-03,+3.504169158389E+00
+8.004090000E-03,+3.418096221983E+00
+8.004100000E-03,+3.427659895577E+00
+8.004110000E-03,+3.389405264172E+00
+8.004120000E-03,+3.351150632766E+00
+8.004130000E-03,+3.456350837627E+00
+8.004140000E-03,+3.360714259073E+00
+8.004150000E-03,+3.351150617003E+00
+8.004160000E-03,+3.418096221983E+00
+8.004170000E-03,+3.351150617003E+00
+8.004180000E-03,+3.418096221983E+00
+8.004190000E-03,+3.351150601162E+00
+8.004200000E-03,+3.456350837548E+00
+8.004210000E-03,+3.408532579993E+00
+8.004220000E-03,+3.389405280173E+00
+8.004230000E-03,+3.465914527142E+00
+8.004240000E-03,+3.418096221983E+00
+8.004250000E-03,+3.351150617003E+00
+8.004260000E-03,+3.351150601082E+00
+8.004270000E-03,+3.408532595994E+00
+8.004280000E-03,+3.351150617003E+00
+8.004290000E-03,+3.446787163635E+00
+8.004300000E-03,+3.418096221983E+00
+8.004310000E-03,+3.370277964668E+00
+8.004320000E-03,+3.418096221983E+00
+8.004330000E-03,+3.351150633004E+00
+8.004340000E-03,+3.418096221983E+00
+8.004350000E-03,+3.418096221983E+00
+8.004360000E-03,+3.351150617003E+00
+8.004370000E-03,+3.370277916666E+00
+8.004380000E-03,+3.351150617003E+00
+8.004390000E-03,+3.418096221983E+00
+8.004400000E-03,+3.351150649164E+00
+8.004410000E-03,+3.351150617003E+00
+8.004420000E-03,+3.351150617003E+00
+8.004430000E-03,+3.351150617003E+00
+8.004440000E-03,+3.446787227797E+00
+8.004450000E-03,+3.351150617003E+00
+8.004460000E-03,+3.389405264569E+00
+8.004470000E-03,+3.418096221983E+00
+8.004480000E-03,+3.351150617003E+00
+8.004490000E-03,+3.408532580312E+00
+8.004500000E-03,+3.322459675828E+00
+8.004510000E-03,+3.418096221983E+00
+8.004520000E-03,+3.360714291074E+00
+8.004530000E-03,+3.360714307314E+00
+8.004540000E-03,+3.351150600764E+00
+8.004550000E-03,+3.446787211797E+00
+8.004560000E-03,+3.408532580391E+00
+8.004570000E-03,+3.389405280968E+00
+8.004580000E-03,+3.418096221983E+00
+8.004590000E-03,+3.418096221983E+00
+8.004600000E-03,+3.418096221983E+00
+8.004610000E-03,+3.418096221983E+00
+8.004620000E-03,+3.389405232091E+00
+8.004630000E-03,+3.408532580471E+00
+8.004640000E-03,+3.418096221983E+00
+8.004650000E-03,+3.398968922639E+00
+8.004660000E-03,+3.408532547754E+00
+8.004670000E-03,+3.389405264808E+00
+8.004680000E-03,+3.418096221983E+00
+8.004690000E-03,+3.418096221983E+00
+8.004700000E-03,+3.475478185530E+00
+8.004710000E-03,+3.446787162682E+00
+8.004720000E-03,+3.418096221983E+00
+8.004730000E-03,+3.360714291313E+00
+8.004740000E-03,+3.418096221983E+00
+8.004750000E-03,+3.351150617003E+00
+8.004760000E-03,+3.379841607055E+00
+8.004770000E-03,+3.465914544256E+00
+8.004780000E-03,+3.418096221983E+00
+8.004790000E-03,+3.398968922798E+00
+8.004800000E-03,+3.332023268225E+00
+8.004810000E-03,+3.389405264967E+00
+8.004820000E-03,+3.351150617003E+00
+8.004830000E-03,+3.312896002155E+00
+8.004840000E-03,+3.418096221983E+00
+8.004850000E-03,+3.332023284703E+00
+8.004860000E-03,+3.418096221983E+00
+8.004870000E-03,+3.351150617003E+00
+8.004880000E-03,+3.389405265046E+00
+8.004890000E-03,+3.418096221983E+00
+8.004900000E-03,+3.284205012023E+00
+8.004910000E-03,+3.360714258198E+00
+8.004920000E-03,+3.303332344403E+00
+8.004930000E-03,+3.437223521010E+00
+8.004940000E-03,+3.303332361119E+00
+8.004950000E-03,+3.303332277618E+00
+8.004960000E-03,+3.418096188551E+00
+8.004970000E-03,+3.351150617003E+00
+8.004980000E-03,+3.418096221983E+00
+8.004990000E-03,+3.370277949462E+00
+8.005000000E-03,+3.351150617003E+00
+8.005010000E-03,+3.351150617003E+00
+8.005020000E-03,+3.389405265205E+00
+8.005030000E-03,+3.418096205187E+00
+8.005040000E-03,+3.379841607374E+00
+8.005050000E-03,+3.360714258039E+00
+8.005060000E-03,+3.379841556907E+00
+8.005070000E-03,+3.379841624248E+00
+8.005080000E-03,+3.418096221983E+00
+8.005090000E-03,+3.312895968722E+00
+8.005100000E-03,+3.284205028899E+00
+8.005110000E-03,+3.351150617003E+00
+8.005120000E-03,+3.418096221983E+00
+8.005130000E-03,+3.332023284385E+00
+8.005140000E-03,+3.437223520771E+00
+8.005150000E-03,+3.418096221983E+00
+8.005160000E-03,+3.418096221983E+00
+8.005170000E-03,+3.418096205029E+00
+8.005180000E-03,+3.389405231455E+00
+8.005190000E-03,+3.418096221983E+00
+8.005200000E-03,+3.351150617003E+00
+8.005210000E-03,+3.389405214420E+00
+8.005220000E-03,+3.408532547118E+00
+8.005230000E-03,+3.408532530082E+00
+8.005240000E-03,+3.351150634038E+00
+8.005250000E-03,+3.379841607612E+00
+8.005260000E-03,+3.408532581186E+00
+8.005270000E-03,+3.437223554760E+00
+8.005280000E-03,+3.370277915632E+00
+8.005290000E-03,+3.351150617003E+00
+8.005300000E-03,+3.456350870503E+00
+8.005310000E-03,+3.351150599889E+00
+8.005320000E-03,+3.418096221983E+00
+8.005330000E-03,+3.360714257721E+00
+8.005340000E-03,+3.303332344880E+00
+8.005350000E-03,+3.379841624886E+00
+8.005360000E-03,+3.351150617003E+00
+8.005370000E-03,+3.351150617003E+00
+8.005380000E-03,+3.351150617003E+00
+8.005390000E-03,+3.360714240448E+00
+8.005400000E-03,+3.418096221983E+00
+8.005410000E-03,+3.370277949939E+00
+8.005420000E-03,+3.398968923514E+00
+8.005430000E-03,+3.360714292108E+00
+8.005440000E-03,+3.418096221983E+00
+8.005450000E-03,+3.351150617003E+00
+8.005460000E-03,+3.322459626156E+00
+8.005470000E-03,+3.293768652582E+00
+8.005480000E-03,+3.351150617003E+00
+8.005490000E-03,+3.398968923593E+00
+8.005500000E-03,+3.332023266636E+00
+8.005510000E-03,+3.322459660782E+00
+8.005520000E-03,+3.284205029376E+00
+8.005530000E-03,+3.389405231057E+00
+8.005540000E-03,+3.351150617003E+00
+8.005550000E-03,+3.379841555793E+00
+8.005560000E-03,+3.351150617003E+00
+8.005570000E-03,+3.341586941740E+00
+8.005580000E-03,+3.351150617003E+00
+8.005590000E-03,+3.351150617003E+00
+8.005600000E-03,+3.284205012023E+00
+8.005610000E-03,+3.284205012023E+00
+8.005620000E-03,+3.398968888809E+00
+8.005630000E-03,+3.351150617003E+00
+8.005640000E-03,+3.351150617003E+00
+8.005650000E-03,+3.322459660941E+00
+8.005660000E-03,+3.284205029535E+00
+8.005670000E-03,+3.284205012023E+00
+8.005680000E-03,+3.398968941343E+00
+8.005690000E-03,+3.351150617003E+00
+8.005700000E-03,+3.332023318852E+00
+8.005710000E-03,+3.360714292426E+00
+8.005720000E-03,+3.322459661020E+00
+8.005730000E-03,+3.351150634594E+00
+8.005740000E-03,+3.293768634673E+00
+8.005750000E-03,+3.293768652264E+00
+8.005760000E-03,+3.303332345357E+00
+8.005770000E-03,+3.418096221983E+00
+8.005780000E-03,+3.293768687525E+00
+8.005790000E-03,+3.418096221983E+00
+8.005800000E-03,+3.284205029694E+00
+8.005810000E-03,+3.351150617003E+00
+8.005820000E-03,+3.351150617003E+00
+8.005830000E-03,+3.332023283590E+00
+8.005840000E-03,+3.418096221983E+00
+8.005850000E-03,+3.360714292585E+00
+8.005860000E-03,+3.418096221983E+00
+8.005870000E-03,+3.418096221983E+00
+8.005880000E-03,+3.389405230659E+00
+8.005890000E-03,+3.351150617003E+00
+8.005900000E-03,+3.351150617003E+00
+8.005910000E-03,+3.351150617003E+00
+8.005920000E-03,+3.341586941342E+00
+8.005930000E-03,+3.312895967768E+00
+8.005940000E-03,+3.351150617003E+00
+8.005950000E-03,+3.255514020620E+00
+8.005960000E-03,+3.408532581981E+00
+8.005970000E-03,+3.351150617003E+00
+8.005980000E-03,+3.418096221983E+00
+8.005990000E-03,+3.360714292744E+00
+8.006000000E-03,+3.446787177649E+00
+8.006010000E-03,+3.418096204074E+00
+8.006020000E-03,+3.389405230500E+00
+8.006030000E-03,+3.418096221983E+00
+8.006040000E-03,+3.332023283352E+00
+8.006050000E-03,+3.351150617003E+00
+8.006060000E-03,+3.351150617003E+00
+8.006070000E-03,+3.322459661418E+00
+8.006080000E-03,+3.284205030012E+00
+8.006090000E-03,+3.312896003586E+00
+8.006100000E-03,+3.293768651866E+00
+8.006110000E-03,+3.303332345755E+00
+8.006120000E-03,+3.418096221983E+00
+8.006130000E-03,+3.293768687923E+00
+8.006140000E-03,+3.389405266478E+00
+8.006150000E-03,+3.418096203915E+00
+8.006160000E-03,+3.351150617003E+00
+8.006170000E-03,+3.418096221983E+00
+8.006180000E-03,+3.351150617003E+00
+8.006190000E-03,+3.332023319408E+00
+8.006200000E-03,+3.236386759001E+00
+8.006210000E-03,+3.360714311130E+00
+8.006220000E-03,+3.351150617003E+00
+8.006230000E-03,+3.312896003745E+00
+8.006240000E-03,+3.351150617003E+00
+8.006250000E-03,+3.351150617003E+00
+8.006260000E-03,+3.379841626953E+00
+8.006270000E-03,+3.351150617003E+00
+8.006280000E-03,+3.322459661656E+00
+8.006290000E-03,+3.351150617003E+00
+8.006300000E-03,+3.312896003825E+00
+8.006310000E-03,+3.226823046648E+00
+8.006320000E-03,+3.284205012023E+00
+8.006330000E-03,+3.351150617003E+00
+8.006340000E-03,+3.303332364300E+00
+8.006350000E-03,+3.351150617003E+00
+8.006360000E-03,+3.284205030330E+00
+8.006370000E-03,+3.351150617003E+00
+8.006380000E-03,+3.351150617003E+00
+8.006390000E-03,+3.332023282954E+00
+8.006400000E-03,+3.389405211717E+00
+8.006410000E-03,+3.293768688241E+00
+8.006420000E-03,+3.322459661815E+00
+8.006430000E-03,+3.284205030409E+00
+8.006440000E-03,+3.312896003984E+00
+8.006450000E-03,+3.293768651469E+00
+8.006460000E-03,+3.351150617003E+00
+8.006470000E-03,+3.322459606577E+00
+8.006480000E-03,+3.293768688321E+00
+8.006490000E-03,+3.389405266875E+00
+8.006500000E-03,+3.351150617003E+00
+8.006510000E-03,+3.360714237904E+00
+8.006520000E-03,+3.341586977637E+00
+8.006530000E-03,+3.284205012023E+00
+8.006540000E-03,+3.303332309221E+00
+8.006550000E-03,+3.341586940627E+00
+8.006560000E-03,+3.360714311925E+00
+8.006570000E-03,+3.284205030569E+00
+8.006580000E-03,+3.351150617003E+00
+8.006590000E-03,+3.341586977717E+00
+8.006600000E-03,+3.351150617003E+00
+8.006610000E-03,+3.332023319886E+00
+8.006620000E-03,+3.341586940547E+00
+8.006630000E-03,+3.293768707104E+00
+8.006640000E-03,+3.351150635628E+00
+8.006650000E-03,+3.351150617003E+00
+8.006660000E-03,+3.341586977797E+00
+8.006670000E-03,+3.351150617003E+00
+8.006680000E-03,+3.351150617003E+00
+8.006690000E-03,+3.303332365096E+00
+8.006700000E-03,+3.351150617003E+00
+8.006710000E-03,+3.284205012023E+00
+8.006720000E-03,+3.351150617003E+00
+8.006730000E-03,+3.274641372896E+00
+8.006740000E-03,+3.265077677577E+00
+8.006750000E-03,+3.303332308983E+00
+8.006760000E-03,+3.351150617003E+00
+8.006770000E-03,+3.351150617003E+00
+8.006780000E-03,+3.351150598220E+00
+8.006790000E-03,+3.312896004381E+00
+8.006800000E-03,+3.351150617003E+00
+8.006810000E-03,+3.303332346550E+00
+8.006820000E-03,+3.332023320124E+00
+8.006830000E-03,+3.341586940309E+00
+8.006840000E-03,+3.322459662292E+00
+8.006850000E-03,+3.351150617003E+00
+8.006860000E-03,+3.284205012023E+00
+8.006870000E-03,+3.341586978035E+00
+8.006880000E-03,+3.332023282398E+00
+8.006890000E-03,+3.351150617003E+00
+8.006900000E-03,+3.293768688798E+00
+8.006910000E-03,+3.312895966655E+00
+8.006920000E-03,+3.284205012023E+00
+8.006930000E-03,+3.341586997058E+00
+8.006940000E-03,+3.456350910297E+00
+8.006950000E-03,+3.332023282318E+00
+8.006960000E-03,+3.303332308744E+00
+8.006970000E-03,+3.293768688877E+00
+8.006980000E-03,+3.360714312879E+00
+8.006990000E-03,+3.284205012023E+00
+8.007000000E-03,+3.284205012023E+00
+8.007010000E-03,+3.341586978194E+00
+8.007020000E-03,+3.332023282239E+00
+8.007030000E-03,+3.332023320363E+00
+8.007040000E-03,+3.226823083977E+00
+8.007050000E-03,+3.284205012023E+00
+8.007060000E-03,+3.284204992922E+00
+8.007070000E-03,+3.284205012023E+00
+8.007080000E-03,+3.408532583254E+00
+8.007090000E-03,+3.284205012023E+00
+8.007100000E-03,+3.322459605147E+00
+8.007110000E-03,+3.303332366049E+00
+8.007120000E-03,+3.351150617003E+00
+8.007130000E-03,+3.284205050386E+00
+8.007140000E-03,+3.379841609759E+00
+8.007150000E-03,+3.351150617003E+00
+8.007160000E-03,+3.255514076892E+00
+8.007170000E-03,+3.332023320522E+00
+8.007180000E-03,+3.265077657839E+00
+8.007190000E-03,+3.389405267670E+00
+8.007200000E-03,+3.284205031284E+00
+8.007210000E-03,+3.379841609838E+00
+8.007220000E-03,+3.274641373452E+00
+8.007230000E-03,+3.351150617003E+00
+8.007240000E-03,+3.332023320601E+00
+8.007250000E-03,+3.293768689196E+00
+8.007260000E-03,+3.284205012023E+00
+8.007270000E-03,+3.284205031364E+00
+8.007280000E-03,+3.341586997853E+00
+8.007290000E-03,+3.236386684026E+00
+8.007300000E-03,+3.284205012023E+00
+8.007310000E-03,+3.284205012023E+00
+8.007320000E-03,+3.351150617003E+00
+8.007330000E-03,+3.312895966178E+00
+8.007340000E-03,+3.351150597584E+00
+8.007350000E-03,+3.322459624009E+00
+8.007360000E-03,+3.226823045455E+00
+8.007370000E-03,+3.398968886821E+00
+8.007380000E-03,+3.284205012023E+00
+8.007390000E-03,+3.159877479395E+00
+8.007400000E-03,+3.293768708854E+00
+8.007410000E-03,+3.351150617003E+00
+8.007420000E-03,+3.284205012023E+00
+8.007430000E-03,+3.293768650356E+00
+8.007440000E-03,+3.351150617003E+00
+8.007450000E-03,+3.332023320840E+00
+8.007460000E-03,+3.332023262183E+00
+8.007470000E-03,+3.284205012023E+00
+8.007480000E-03,+3.284205031603E+00
+8.007490000E-03,+3.312896005177E+00
+8.007500000E-03,+3.274641373771E+00
+8.007510000E-03,+3.284205012023E+00
+8.007520000E-03,+3.265077715939E+00
+8.007530000E-03,+3.293768689513E+00
+8.007540000E-03,+3.351150617003E+00
+8.007550000E-03,+3.351150617003E+00
+8.007560000E-03,+3.312896005256E+00
+8.007570000E-03,+3.351150617003E+00
+8.007580000E-03,+3.284205012023E+00
+8.007590000E-03,+3.332023320999E+00
+8.007600000E-03,+3.284205012023E+00
+8.007610000E-03,+3.274641314716E+00
+8.007620000E-03,+3.217259446519E+00
+8.007630000E-03,+3.284205012023E+00
+8.007640000E-03,+3.332023340816E+00
+8.007650000E-03,+3.303332347504E+00
+8.007660000E-03,+3.303332307949E+00
+8.007670000E-03,+3.217259407043E+00
+8.007680000E-03,+3.351150617003E+00
+8.007690000E-03,+3.217259426861E+00
+8.007700000E-03,+3.293768630220E+00
+8.007710000E-03,+3.274641374010E+00
+8.007720000E-03,+3.284205012023E+00
+8.007730000E-03,+3.332023321158E+00
+8.007740000E-03,+3.236386762501E+00
+8.007750000E-03,+3.351150617003E+00
+8.007760000E-03,+3.418096202087E+00
+8.007770000E-03,+3.341586998965E+00
+8.007780000E-03,+3.284205012023E+00
+8.007790000E-03,+3.236386742683E+00
+8.007800000E-03,+3.398968926217E+00
+8.007810000E-03,+3.351150617003E+00
+8.007820000E-03,+3.389405268386E+00
+8.007830000E-03,+3.150313881970E+00
+8.007840000E-03,+3.351150617003E+00
+8.007850000E-03,+3.245950320609E+00
+8.007860000E-03,+3.284205012023E+00
+8.007870000E-03,+3.370277912690E+00
+8.007880000E-03,+3.284205012023E+00
+8.007890000E-03,+3.379841570522E+00
+8.007900000E-03,+3.351150596947E+00
+8.007910000E-03,+3.360714234723E+00
+8.007920000E-03,+3.332023341452E+00
+8.007930000E-03,+3.284205012023E+00
+8.007940000E-03,+3.284205012023E+00
+8.007950000E-03,+3.293768689991E+00
+8.007960000E-03,+3.322459663565E+00
+8.007970000E-03,+3.284205012023E+00
+8.007980000E-03,+3.284205012023E+00
+8.007990000E-03,+3.284205012023E+00
+8.008000000E-03,+3.370277952881E+00
+8.008010000E-03,+3.332023321476E+00
+8.008020000E-03,+3.284205012023E+00
+8.008030000E-03,+3.245950360403E+00
+8.008040000E-03,+3.217259407043E+00
+8.008050000E-03,+3.150313802063E+00
+8.008060000E-03,+3.341586979387E+00
+8.008070000E-03,+3.284205012023E+00
+8.008080000E-03,+3.255513997940E+00
+8.008090000E-03,+3.226823085169E+00
+8.008100000E-03,+3.312895965303E+00
+8.008110000E-03,+3.284205012023E+00
+8.008120000E-03,+3.207695789800E+00
+8.008130000E-03,+3.293768649560E+00
+8.008140000E-03,+3.284205012023E+00
+8.008150000E-03,+3.303332307392E+00
+8.008160000E-03,+3.274641333818E+00
+8.008170000E-03,+3.284205012023E+00
+8.008180000E-03,+3.351150555881E+00
+8.008190000E-03,+3.245950400992E+00
+8.008200000E-03,+3.274641374566E+00
+8.008210000E-03,+3.265077675907E+00
+8.008220000E-03,+3.284205012023E+00
+8.008230000E-03,+3.341586938719E+00
+8.008240000E-03,+3.284205012023E+00
+8.008250000E-03,+3.284204991570E+00
+8.008260000E-03,+3.312896006051E+00
+8.008270000E-03,+3.341586979626E+00
+8.008280000E-03,+3.303332348220E+00
+8.008290000E-03,+3.351150617003E+00
+8.008300000E-03,+3.341586938639E+00
+8.008310000E-03,+3.284205012023E+00
+8.008320000E-03,+3.284205032556E+00
+8.008330000E-03,+3.322459622896E+00
+8.008340000E-03,+3.284205012023E+00
+8.008350000E-03,+3.284205012023E+00
+8.008360000E-03,+3.351150617003E+00
+8.008370000E-03,+3.274641333579E+00
+8.008380000E-03,+3.312895964985E+00
+8.008390000E-03,+3.351150575778E+00
+8.008400000E-03,+3.255514017837E+00
+8.008410000E-03,+3.398968947546E+00
+8.008420000E-03,+3.255514079754E+00
+8.008430000E-03,+3.332023321953E+00
+8.008440000E-03,+3.293768690547E+00
+8.008450000E-03,+3.351150617003E+00
+8.008460000E-03,+3.351150617003E+00
+8.008470000E-03,+3.351150617003E+00
+8.008480000E-03,+1.476673677564E+00
+8.008490000E-03,-110.893505521E-03
+8.008500000E-03,-579.512781845E-03
+8.008510000E-03,-120.457163353E-03
+8.008520000E-03,+300.343740726E-03
+8.008530000E-03,+405.543956341E-03
+8.008540000E-03,+42.124978638E-03
+8.008550000E-03,-63.075236976E-03
+8.008560000E-03,+118.634241450E-03
+8.008570000E-03,+51.688678092E-03
+8.008580000E-03,+70.815972984E-03
+8.008590000E-03,+137.761577964E-03
+8.008600000E-03,-63.075216125E-03
+8.008610000E-03,+70.815972984E-03
+8.008620000E-03,+13.434004984E-03
+8.008630000E-03,+137.761577964E-03
+8.008640000E-03,+22.997662816E-03
+8.008650000E-03,+61.252294222E-03
+8.008660000E-03,+32.561320648E-03
+8.008670000E-03,-63.075216046E-03
+8.008680000E-03,+70.815972984E-03
+8.008690000E-03,-5.693268897E-03
+8.008700000E-03,+70.815972984E-03
+8.008710000E-03,+70.815972984E-03
+8.008720000E-03,+61.252294142E-03
+8.008730000E-03,+109.070625400E-03
+8.008740000E-03,+3.870368004E-03
+8.008750000E-03,+61.252357173E-03
+8.008760000E-03,+61.252336162E-03
+8.008770000E-03,+51.688636231E-03
+8.008780000E-03,+3.870368004E-03
+8.008790000E-03,+3.870368004E-03
+8.008800000E-03,+32.561320488E-03
+8.008810000E-03,+70.815994074E-03
+8.008820000E-03,+42.124978320E-03
+8.008830000E-03,+13.434004745E-03
+8.008840000E-03,-43.947900144E-03
+8.008850000E-03,+3.870368004E-03
+8.008860000E-03,-5.693310997E-03
+8.008870000E-03,+3.870368004E-03
+8.008880000E-03,+3.870368004E-03
+8.008890000E-03,+42.124978241E-03
+8.008900000E-03,+13.434004667E-03
+8.008910000E-03,+22.997704915E-03
+8.008920000E-03,-15.256926490E-03
+8.008930000E-03,+3.870368004E-03
+8.008940000E-03,+42.125020659E-03
+8.008950000E-03,+3.870346755E-03
+8.008960000E-03,+42.124978161E-03
+8.008970000E-03,+128.197941381E-03
+8.008980000E-03,+51.688635992E-03
+8.008990000E-03,-24.820648147E-03
+8.009000000E-03,+118.634219645E-03
+8.009010000E-03,+3.870368004E-03
+8.009020000E-03,+3.870389332E-03
+8.009030000E-03,+3.870368004E-03
+8.009040000E-03,+70.815972984E-03
+8.009050000E-03,-15.256969067E-03
+8.009060000E-03,+3.870368004E-03
+8.009070000E-03,+70.815972984E-03
+8.009080000E-03,-34.384284810E-03
+8.009090000E-03,+3.870368004E-03
+8.009100000E-03,+3.870368004E-03
+8.009110000E-03,-101.329932684E-03
+8.009120000E-03,-63.075236976E-03
+8.009130000E-03,-24.820648465E-03
+8.009140000E-03,+61.252293665E-03
+8.009150000E-03,-5.693332802E-03
+8.009160000E-03,+3.870368004E-03
+8.009170000E-03,+3.870368004E-03
+8.009180000E-03,+61.252336640E-03
+8.009190000E-03,+51.688635754E-03
+8.009200000E-03,-15.256926172E-03
+8.009210000E-03,+61.252293586E-03
+8.009220000E-03,+42.125020976E-03
+8.009230000E-03,+3.870368004E-03
+8.009240000E-03,-24.820627137E-03
+8.009250000E-03,-43.947964447E-03
+8.009260000E-03,+22.997705313E-03
+8.009270000E-03,+3.870368004E-03
+8.009280000E-03,+3.870368004E-03
+8.009290000E-03,+3.870368004E-03
+8.009300000E-03,+70.815951337E-03
+8.009310000E-03,+3.870368004E-03
+8.009320000E-03,+70.815972984E-03
+8.009330000E-03,-43.947899587E-03
+8.009340000E-03,-63.075236976E-03
+8.009350000E-03,+42.124934313E-03
+8.009360000E-03,+137.761577964E-03
+8.009370000E-03,-63.075215250E-03
+8.009380000E-03,+80.379587364E-03
+8.009390000E-03,+70.815972984E-03
+8.009400000E-03,-15.256969465E-03
+8.009410000E-03,+51.688679047E-03
+8.009420000E-03,-5.693311633E-03
+8.009430000E-03,+32.561319773E-03
+8.009440000E-03,+3.870368004E-03
+8.009450000E-03,-34.384241597E-03
+8.009460000E-03,+13.434004030E-03
+8.009470000E-03,+3.870368004E-03
+8.009480000E-03,+22.997661862E-03
+8.009490000E-03,+13.434047720E-03
+8.009500000E-03,-34.384285287E-03
+8.009510000E-03,+3.870368004E-03
+8.009520000E-03,+3.870368004E-03
+8.009530000E-03,+3.870368004E-03
+8.009540000E-03,-43.947899349E-03
+8.009550000E-03,+118.634284185E-03
+8.009560000E-03,-53.511557180E-03
+8.009570000E-03,-63.075236976E-03
+8.009580000E-03,+3.870368004E-03
+8.009590000E-03,-24.820627535E-03
+8.009600000E-03,-53.511601109E-03
+8.009610000E-03,+3.870368004E-03
+8.009620000E-03,-15.256925695E-03
+8.009630000E-03,+3.870368004E-03
+8.009640000E-03,-24.820583526E-03
+8.009650000E-03,+3.870390048E-03
+8.009660000E-03,+3.870368004E-03
+8.009670000E-03,+13.434003792E-03
+8.009680000E-03,+3.870368004E-03
+8.009690000E-03,+51.688679364E-03
+8.009700000E-03,+51.688613074E-03
+8.009710000E-03,+80.379675062E-03
+8.009720000E-03,-63.075214853E-03
+8.009730000E-03,+32.561363702E-03
+8.009740000E-03,+3.870368004E-03
+8.009750000E-03,-43.947899110E-03
+8.009760000E-03,-43.947943436E-03
+8.009770000E-03,+3.870368004E-03
+8.009780000E-03,+3.870368004E-03
+8.009790000E-03,+70.815950781E-03
+8.009800000E-03,-24.820627773E-03
+8.009810000E-03,-63.075236976E-03
+8.009820000E-03,+32.561297093E-03
+8.009830000E-03,+3.870368004E-03
+8.009840000E-03,-5.693312110E-03
+8.009850000E-03,-34.384285685E-03
+8.009860000E-03,+70.815928419E-03
+8.009870000E-03,-34.384241119E-03
+8.009880000E-03,+3.870368004E-03
+8.009890000E-03,-63.075236976E-03
+8.009900000E-03,-43.947943595E-03
+8.009910000E-03,-53.511556783E-03
+8.009920000E-03,+3.870368004E-03
+8.009930000E-03,+3.870368004E-03
+8.009940000E-03,+42.124977048E-03
+8.009950000E-03,-53.511601506E-03
+8.009960000E-03,-63.075236976E-03
+8.009970000E-03,-91.766255354E-03
+8.009980000E-03,+3.870368004E-03
+8.009990000E-03,+3.870368004E-03
+8.010000000E-03,+70.815950542E-03
+8.010010000E-03,-34.384240961E-03
+8.010020000E-03,+13.434003394E-03
+8.010030000E-03,-43.947898792E-03
+8.010040000E-03,+3.870368004E-03
+8.010050000E-03,+13.434048356E-03
+8.010060000E-03,-34.384285923E-03
+8.010070000E-03,+3.870368004E-03
+8.010080000E-03,+3.870368004E-03
+8.010090000E-03,+61.252337673E-03
