x-axis,2
second,Volt
-25.00000E-03,-40.16737E-03
-24.97500E-03,+32.82912E-03
-24.95000E-03,-54.65088E-03
-24.92500E-03,-34.56720E-03
-24.90000E-03,-60.89473E-03
-24.87500E-03,-58.10544E-03
-24.85000E-03,+5.85791E-03
-24.82500E-03,+10.58904E-03
-24.80000E-03,-84.45457E-03
-24.77500E-03,-56.83968E-03
-24.75000E-03,-57.69792E-03
-24.72500E-03,-8.28286E-03
-24.70000E-03,+18.66814E-03
-24.67500E-03,-29.70650E-03
-24.65000E-03,-8.60401E-03
-24.62500E-03,+7.65939E-03
-24.60000E-03,-36.90577E-03
-24.57500E-03,-85.82831E-03
-24.55000E-03,-112.77792E-03
-24.52500E-03,+14.34315E-03
-24.50000E-03,-104.15232E-03
-24.47500E-03,+74.60639E-03
-24.45000E-03,+79.56287E-03
-24.42500E-03,+58.05146E-03
-24.40000E-03,+148.82685E-03
-24.37500E-03,+138.54815E-03
-24.35000E-03,+186.33171E-03
-24.32500E-03,+83.64892E-03
-24.30000E-03,+133.50668E-03
-24.27500E-03,+4.09685E-03
-24.25000E-03,+86.06447E-03
-24.22500E-03,+106.98340E-03
-24.20000E-03,-4.29260E-03
-24.17500E-03,+58.90029E-03
-24.15000E-03,-33.51739E-03
-24.12500E-03,-62.69620E-03
-24.10000E-03,-67.20197E-03
-24.07500E-03,-159.97318E-03
-24.05000E-03,-99.96909E-03
-24.02500E-03,-100.41841E-03
-24.00000E-03,-61.36565E-03
-23.97500E-03,-48.96434E-03
-23.95000E-03,-154.94112E-03
-23.92500E-03,-62.68401E-03
-23.90000E-03,-181.18366E-03
-23.87500E-03,-154.39462E-03
-23.85000E-03,-94.41212E-03
-23.82500E-03,-77.96238E-03
-23.80000E-03,-24.71624E-03
-23.77500E-03,-2.36957E-03
-23.75000E-03,+46.28025E-03
-23.72500E-03,+41.45751E-03
-23.70000E-03,-29.56613E-03
-23.67500E-03,-110.50553E-03
-23.65000E-03,-53.62267E-03
-23.62500E-03,-131.36770E-03
-23.60000E-03,-155.86136E-03
-23.57500E-03,-198.77900E-03
-23.55000E-03,-217.05982E-03
-23.52500E-03,-226.15495E-03
-23.50000E-03,-170.32468E-03
-23.47500E-03,-263.43863E-03
-23.45000E-03,-114.32582E-03
-23.42500E-03,-146.08737E-03
-23.40000E-03,-153.63216E-03
-23.37500E-03,-91.49465E-03
-23.35000E-03,-70.03305E-03
-23.32500E-03,-24.02936E-03
-23.30000E-03,-15.74650E-03
-23.27500E-03,-46.57457E-03
-23.25000E-03,-62.28867E-03
-23.22500E-03,-132.91699E-03
-23.20000E-03,-39.65465E-03
-23.17500E-03,+80.46152E-03
-23.15000E-03,+66.17514E-03
-23.12500E-03,+44.74070E-03
-23.10000E-03,+4.67574E-03
-23.07500E-03,+67.40573E-03
-23.05000E-03,+225.10792E-03
-23.02500E-03,+210.23708E-03
-23.00000E-03,+235.34063E-03
-22.97500E-03,+197.32410E-03
-22.95000E-03,+68.77146E-03
-22.92500E-03,+52.04655E-03
-22.90000E-03,-66.17653E-03
-22.87500E-03,+43.86470E-03
-22.85000E-03,+70.57432E-03
-22.82500E-03,+50.40426E-03
-22.80000E-03,-68.57850E-03
-22.77500E-03,+41.67591E-03
-22.75000E-03,+3.02683E-03
-22.72500E-03,-6.13587E-03
-22.70000E-03,-52.52409E-03
-22.67500E-03,-67.39911E-03
-22.65000E-03,-177.10840E-03
-22.62500E-03,-96.99625E-03
-22.60000E-03,-25.23870E-03
-22.57500E-03,+48.63797E-03
-22.55000E-03,-52.59027E-03
-22.52500E-03,-72.64574E-03
-22.50000E-03,+36.38470E-03
-22.47500E-03,+74.78054E-03
-22.45000E-03,-40.67869E-03
-22.42500E-03,-115.46202E-03
-22.40000E-03,-2.23756E-03
-22.37500E-03,+12.71862E-03
-22.35000E-03,-123.89466E-03
-22.32500E-03,-67.68229E-03
-22.30000E-03,-48.41261E-03
-22.27500E-03,-20.64621E-03
-22.25000E-03,+8.56500E-03
-22.22500E-03,+41.04058E-03
-22.20000E-03,+95.43616E-03
-22.17500E-03,+91.95895E-03
-22.15000E-03,+90.76738E-03
-22.12500E-03,+89.03731E-03
-22.10000E-03,+120.66650E-03
-22.07500E-03,+144.35486E-03
-22.05000E-03,+18.62356E-03
-22.02500E-03,+93.49048E-03
-22.00000E-03,+114.83157E-03
-21.97500E-03,+149.89303E-03
-21.95000E-03,+16.28499E-03
-21.92500E-03,+89.24212E-03
-21.90000E-03,+126.03051E-03
-21.87500E-03,+120.41850E-03
-21.85000E-03,+88.31108E-03
-21.82500E-03,+156.80041E-03
-21.80000E-03,+216.46490E-03
-21.77500E-03,+132.28828E-03
-21.75000E-03,-13.39609E-03
-21.72500E-03,-61.62897E-03
-21.70000E-03,-68.87526E-03
-21.67500E-03,-42.61914E-03
-21.65000E-03,-149.04280E-03
-21.62500E-03,-124.01482E-03
-21.60000E-03,-64.96580E-03
-21.57500E-03,-155.43642E-03
-21.55000E-03,-102.86635E-03
-21.52500E-03,-47.15625E-03
-21.50000E-03,+13.91159E-03
-21.47500E-03,-77.11493E-03
-21.45000E-03,-82.28319E-03
-21.42500E-03,-23.85416E-03
-21.40000E-03,+15.45252E-03
-21.37500E-03,+57.09882E-03
-21.35000E-03,-1.95682E-03
-21.32500E-03,+130.44049E-03
-21.30000E-03,+129.86194E-03
-21.27500E-03,+59.53457E-03
-21.25000E-03,-13.13834E-03
-21.22500E-03,+26.22199E-03
-21.20000E-03,-41.10502E-03
-21.17500E-03,-135.18137E-03
-21.15000E-03,-28.93081E-03
-21.12500E-03,+45.18829E-03
-21.10000E-03,-87.02651E-03
-21.07500E-03,-34.11231E-03
-21.05000E-03,-45.57874E-03
-21.02500E-03,+3.16198E-03
-21.00000E-03,-149.51650E-03
-20.97500E-03,-61.85816E-03
-20.95000E-03,-23.05269E-03
-20.92500E-03,+30.47175E-03
-20.90000E-03,+73.08705E-03
-20.87500E-03,+139.59135E-03
-20.85000E-03,+106.58911E-03
-20.82500E-03,+161.46709E-03
-20.80000E-03,+45.31403E-03
-20.77500E-03,+103.48147E-03
-20.75000E-03,+194.60900E-03
-20.72500E-03,+232.96166E-03
-20.70000E-03,+207.19422E-03
-20.67500E-03,+115.00294E-03
-20.65000E-03,+221.55723E-03
-20.62500E-03,+174.78481E-03
-20.60000E-03,+5.31385E-03
-20.57500E-03,+9.07075E-03
-20.55000E-03,+104.42331E-03
-20.52500E-03,+42.27814E-03
-20.50000E-03,-99.77752E-03
-20.47500E-03,-61.58299E-03
-20.45000E-03,+40.71631E-03
-20.42500E-03,-12.48630E-03
-20.40000E-03,+6.96067E-03
-20.37500E-03,+78.81087E-03
-20.35000E-03,+159.11460E-03
-20.32500E-03,-63.66520E-03
-20.30000E-03,-9.14946E-03
-20.27500E-03,+14.92727E-03
-20.25000E-03,+85.38177E-03
-20.22500E-03,+107.11297E-03
-20.20000E-03,+98.86494E-03
-20.17500E-03,+93.24318E-03
-20.15000E-03,+76.69138E-03
-20.12500E-03,+82.43331E-03
-20.10000E-03,+27.58354E-03
-20.07500E-03,+106.32997E-03
-20.05000E-03,+93.21949E-03
-20.02500E-03,-5.28425E-03
-20.00000E-03,-96.21777E-03
-19.97500E-03,-9.02268E-03
-19.95000E-03,-30.39860E-03
-19.92500E-03,-20.24809E-03
-19.90000E-03,-12.50023E-03
-19.87500E-03,+31.53619E-03
-19.85000E-03,+82.27413E-03
-19.82500E-03,-23.18087E-03
-19.80000E-03,+42.39099E-03
-19.77500E-03,+139.33848E-03
-19.75000E-03,+163.63708E-03
-19.72500E-03,+40.50314E-03
-19.70000E-03,+162.04460E-03
-19.67500E-03,+70.44859E-03
-19.65000E-03,+145.31586E-03
-19.62500E-03,+93.23099E-03
-19.60000E-03,+160.40475E-03
-19.57500E-03,+278.75288E-03
-19.55000E-03,+197.88453E-03
-19.52500E-03,+140.01524E-03
-19.50000E-03,+75.34690E-03
-19.47500E-03,+98.75069E-03
-19.45000E-03,+121.15274E-03
-19.42500E-03,-43.90684E-03
-19.40000E-03,+35.69782E-03
-19.37500E-03,+95.79979E-03
-19.35000E-03,+42.42791E-03
-19.32500E-03,-77.69139E-03
-19.30000E-03,-10.69318E-03
-19.27500E-03,-69.21800E-03
-19.25000E-03,-189.16837E-03
-19.22500E-03,-179.43200E-03
-19.20000E-03,-138.61433E-03
-19.17500E-03,-112.59158E-03
-19.15000E-03,-118.82323E-03
-19.12500E-03,-153.54996E-03
-19.10000E-03,-75.70636E-03
-19.07500E-03,-41.73651E-03
-19.05000E-03,-102.90954E-03
-19.02500E-03,+1.97250E-03
-19.00000E-03,+22.13873E-03
-18.97500E-03,+51.19249E-03
-18.95000E-03,+7.34799E-03
-18.92500E-03,+8.11289E-03
-18.90000E-03,-46.18620E-03
-18.87500E-03,+1.65622E-03
-18.85000E-03,-28.38257E-03
-18.82500E-03,-5.86767E-03
-18.80000E-03,+11.40235E-03
-18.77500E-03,-84.86453E-03
-18.75000E-03,-73.84916E-03
-18.72500E-03,-151.18318E-03
-18.70000E-03,-108.77930E-03
-18.67500E-03,-168.49220E-03
-18.65000E-03,-102.87471E-03
-18.62500E-03,-53.31266E-03
-18.60000E-03,-109.51215E-03
-18.57500E-03,-88.13031E-03
-18.55000E-03,-51.55927E-03
-18.52500E-03,-63.24165E-03
-18.50000E-03,+32.36517E-03
-18.47500E-03,-17.95828E-03
-18.45000E-03,+40.06984E-03
-18.42500E-03,+68.87631E-03
-18.40000E-03,+196.99285E-03
-18.37500E-03,+211.99849E-03
-18.35000E-03,+140.89160E-03
-18.32500E-03,+161.49079E-03
-18.30000E-03,+211.62196E-03
-18.27500E-03,+205.72608E-03
-18.25000E-03,+115.59786E-03
-18.22500E-03,+242.28842E-03
-18.20000E-03,+230.55203E-03
-18.17500E-03,+89.53366E-03
-18.15000E-03,+165.05401E-03
-18.12500E-03,+210.32137E-03
-18.10000E-03,+177.80503E-03
-18.07500E-03,+126.09843E-03
-18.05000E-03,+88.27974E-03
-18.02500E-03,+124.37847E-03
-18.00000E-03,+20.78030E-03
-17.97500E-03,+16.56468E-03
-17.95000E-03,+41.18723E-03
-17.92500E-03,+39.22831E-03
-17.90000E-03,+32.58112E-03
-17.87500E-03,-2.65065E-03
-17.85000E-03,+63.30854E-03
-17.82500E-03,+244.10312E-03
-17.80000E-03,+59.72580E-03
-17.77500E-03,+87.36228E-03
-17.75000E-03,+140.59623E-03
-17.72500E-03,+11.20311E-03
-17.70000E-03,-17.04918E-03
-17.67500E-03,+14.53995E-03
-17.65000E-03,+67.01457E-03
-17.62500E-03,+150.46565E-03
-17.60000E-03,+69.78783E-03
-17.57500E-03,+11.16236E-03
-17.55000E-03,+26.70789E-03
-17.52500E-03,+64.72477E-03
-17.50000E-03,+54.46906E-03
-17.47500E-03,-27.46825E-03
-17.45000E-03,+36.11998E-03
-17.42500E-03,-44.63099E-03
-17.40000E-03,-32.79568E-03
-17.37500E-03,+24.85905E-03
-17.35000E-03,+151.96096E-03
-17.32500E-03,+136.78882E-03
-17.30000E-03,+53.24440E-03
-17.27500E-03,+78.39533E-03
-17.25000E-03,+232.04212E-03
-17.22500E-03,+231.50572E-03
-17.20000E-03,+87.02233E-03
-17.17500E-03,+64.33954E-03
-17.15000E-03,+178.08855E-03
-17.12500E-03,+85.83632E-03
-17.10000E-03,+221.48756E-03
-17.07500E-03,+140.18800E-03
-17.05000E-03,+183.86566E-03
-17.02500E-03,+97.42014E-03
-17.00000E-03,+104.54243E-03
-16.97500E-03,+51.62823E-03
-16.95000E-03,+81.13654E-03
-16.92500E-03,+135.68224E-03
-16.90000E-03,+39.63793E-03
-16.87500E-03,+36.69295E-03
-16.85000E-03,+28.16313E-03
-16.82500E-03,-18.34421E-03
-16.80000E-03,-24.89736E-03
-16.77500E-03,+87.45667E-03
-16.75000E-03,-5.84816E-03
-16.72500E-03,+7.86210E-03
-16.70000E-03,-34.25859E-03
-16.67500E-03,+16.24842E-03
-16.65000E-03,+74.43780E-03
-16.62500E-03,+12.15262E-03
-16.60000E-03,-15.97220E-03
-16.57500E-03,+84.02928E-03
-16.55000E-03,-95.68624E-03
-16.52500E-03,-58.98179E-03
-16.50000E-03,-44.54913E-03
-16.47500E-03,+117.53274E-03
-16.45000E-03,+48.16461E-03
-16.42500E-03,-33.24292E-03
-16.40000E-03,-59.57671E-03
-16.37500E-03,-48.96922E-03
-16.35000E-03,-83.35321E-03
-16.32500E-03,-93.42257E-03
-16.30000E-03,-36.84028E-03
-16.27500E-03,+1.72902E-03
-16.25000E-03,-24.45152E-03
-16.22500E-03,-113.39618E-03
-16.20000E-03,-50.30603E-03
-16.17500E-03,-1.57472E-03
-16.15000E-03,+46.67593E-03
-16.12500E-03,+131.73516E-03
-16.10000E-03,+142.66869E-03
-16.07500E-03,+202.43383E-03
-16.05000E-03,+63.77945E-03
-16.02500E-03,+150.74674E-03
-16.00000E-03,+177.90395E-03
-15.97500E-03,+227.68055E-03
-15.95000E-03,+53.57390E-03
-15.92500E-03,+152.66804E-03
-15.90000E-03,+195.80859E-03
-15.87500E-03,+94.67475E-03
-15.85000E-03,+253.11570E-03
-15.82500E-03,+175.97988E-03
-15.80000E-03,+148.81292E-03
-15.77500E-03,+142.46736E-03
-15.75000E-03,+71.06615E-03
-15.72500E-03,+90.40130E-03
-15.70000E-03,+78.13201E-03
-15.67500E-03,-42.06880E-03
-15.65000E-03,+74.13059E-03
-15.62500E-03,+91.06623E-03
-15.60000E-03,+53.13154E-03
-15.57500E-03,+81.74121E-03
-15.55000E-03,-23.31741E-03
-15.52500E-03,+64.28103E-03
-15.50000E-03,+24.68140E-03
-15.47500E-03,+3.68444E-03
-15.45000E-03,+31.34601E-03
-15.42500E-03,+76.78369E-03
-15.40000E-03,+136.99816E-03
-15.37500E-03,-17.72386E-03
-15.35000E-03,+73.11839E-03
-15.32500E-03,+107.92733E-03
-15.30000E-03,+165.58762E-03
-15.27500E-03,+13.62632E-03
-15.25000E-03,+102.91581E-03
-15.22500E-03,+155.18111E-03
-15.20000E-03,+57.23745E-03
-15.17500E-03,+117.94130E-03
-15.15000E-03,+116.88731E-03
-15.12500E-03,+148.57084E-03
-15.10000E-03,+74.94703E-03
-15.07500E-03,-1.84884E-03
-15.05000E-03,+30.65217E-03
-15.02500E-03,+125.72783E-03
-15.00000E-03,+22.82838E-03
-14.97500E-03,+198.10466E-03
-14.95000E-03,+106.65251E-03
-14.92500E-03,+258.14011E-03
-14.90000E-03,+294.01452E-03
-14.87500E-03,+305.03268E-03
-14.85000E-03,+273.31712E-03
-14.82500E-03,+286.53068E-03
-14.80000E-03,+95.76915E-03
-14.77500E-03,+128.38615E-03
-14.75000E-03,+163.93315E-03
-14.72500E-03,+188.94475E-03
-14.70000E-03,+84.36679E-03
-14.67500E-03,+98.69323E-03
-14.65000E-03,+76.01357E-03
-14.62500E-03,+89.19405E-03
-14.60000E-03,-2.24731E-03
-14.57500E-03,+63.03163E-03
-14.55000E-03,+103.34215E-03
-14.52500E-03,+59.28274E-03
-14.50000E-03,+35.68110E-03
-14.47500E-03,-16.87642E-03
-14.45000E-03,+40.37984E-03
-14.42500E-03,+39.73754E-03
-14.40000E-03,-68.50186E-03
-14.37500E-03,+38.11407E-03
-14.35000E-03,+52.12702E-03
-14.32500E-03,-54.32869E-03
-14.30000E-03,+44.86122E-03
-14.27500E-03,+83.27413E-03
-14.25000E-03,+79.34901E-03
-14.22500E-03,+99.85240E-03
-14.20000E-03,+17.49921E-03
-14.17500E-03,+103.83606E-03
-14.15000E-03,+136.50426E-03
-14.12500E-03,+45.27013E-03
-14.10000E-03,-27.21711E-03
-14.07500E-03,+38.69854E-03
-14.05000E-03,+98.70680E-03
-14.02500E-03,+42.34431E-03
-14.00000E-03,+1.12853E-03
-13.97500E-03,-61.90727E-03
-13.95000E-03,-16.16866E-03
-13.92500E-03,+16.10456E-03
-13.90000E-03,-44.90999E-03
-13.87500E-03,-41.78875E-03
-13.85000E-03,+9.24838E-03
-13.82500E-03,+38.19382E-03
-13.80000E-03,+24.88203E-03
-13.77500E-03,+109.40627E-03
-13.75000E-03,+164.15955E-03
-13.72500E-03,+96.15821E-03
-13.70000E-03,+111.63965E-03
-13.67500E-03,+127.13919E-03
-13.65000E-03,+182.40414E-03
-13.62500E-03,+163.75202E-03
-13.60000E-03,+120.99670E-03
-13.57500E-03,+255.36964E-03
-13.55000E-03,+250.61691E-03
-13.52500E-03,+55.37364E-03
-13.50000E-03,+188.40208E-03
-13.47500E-03,+175.39890E-03
-13.45000E-03,+179.22475E-03
-13.42500E-03,+81.10590E-03
-13.40000E-03,+151.71645E-03
-13.37500E-03,+255.74303E-03
-13.35000E-03,+172.66115E-03
-13.32500E-03,+235.18459E-03
-13.30000E-03,+230.93937E-03
-13.27500E-03,+333.67614E-03
-13.25000E-03,+79.82968E-03
-13.22500E-03,+199.23807E-03
-13.20000E-03,+114.05554E-03
-13.17500E-03,+157.73075E-03
-13.15000E-03,+139.00931E-03
-13.12500E-03,+92.95234E-03
-13.10000E-03,+20.23834E-03
-13.07500E-03,+91.26581E-03
-13.05000E-03,+4.08013E-03
-13.02500E-03,+118.95071E-03
-13.00000E-03,+103.51142E-03
-12.97500E-03,+81.88715E-03
-12.95000E-03,+31.74448E-03
-12.92500E-03,+14.19791E-03
-12.90000E-03,+78.37444E-03
-12.87500E-03,+145.18524E-03
-12.85000E-03,+45.64214E-03
-12.82500E-03,+129.80448E-03
-12.80000E-03,+135.77071E-03
-12.77500E-03,+189.58286E-03
-12.75000E-03,+208.63553E-03
-12.72500E-03,+91.94990E-03
-12.70000E-03,+62.68506E-03
-12.67500E-03,+93.71340E-03
-12.65000E-03,+158.72239E-03
-12.62500E-03,+110.27391E-03
-12.60000E-03,+209.38860E-03
-12.57500E-03,+27.37978E-03
-12.55000E-03,+118.52995E-03
-12.52500E-03,+117.32061E-03
-12.50000E-03,+32.84584E-03
-12.47500E-03,+73.88224E-03
-12.45000E-03,-28.48567E-03
-12.42500E-03,+95.04395E-03
-12.40000E-03,+167.64963E-03
-12.37500E-03,+111.57485E-03
-12.35000E-03,+119.84936E-03
-12.32500E-03,+49.76929E-03
-12.30000E-03,+64.12010E-03
-12.27500E-03,-93.92378E-03
-12.25000E-03,-27.23453E-03
-12.22500E-03,-6.25081E-03
-12.20000E-03,+94.08888E-03
-12.17500E-03,+79.48519E-03
-12.15000E-03,+146.66383E-03
-12.12500E-03,+81.31523E-03
-12.10000E-03,+88.71791E-03
-12.07500E-03,-67.19813E-03
-12.05000E-03,+16.44243E-03
-12.02500E-03,+97.26515E-03
-12.00000E-03,+84.82795E-03
-11.97500E-03,-99.78866E-03
-11.95000E-03,-72.68509E-03
-11.92500E-03,-71.32493E-03
-11.90000E-03,-38.74068E-03
-11.87500E-03,-15.86388E-03
-11.85000E-03,-52.56797E-03
-11.82500E-03,-1.65204E-03
-11.80000E-03,+53.58713E-03
-11.77500E-03,+74.25041E-03
-11.75000E-03,-16.96280E-03
-11.72500E-03,+106.36897E-03
-11.70000E-03,-7.37168E-03
-11.67500E-03,-146.17410E-03
-11.65000E-03,-107.00569E-03
-11.62500E-03,-89.23934E-03
-11.60000E-03,-157.49982E-03
-11.57500E-03,-113.27357E-03
-11.55000E-03,-19.91579E-03
-11.52500E-03,-68.32597E-03
-11.50000E-03,-53.02706E-03
-11.47500E-03,-209.68674E-03
-11.45000E-03,-166.60609E-03
-11.42500E-03,-129.27295E-03
-11.40000E-03,-243.76282E-03
-11.37500E-03,-174.37380E-03
-11.35000E-03,-91.23899E-03
-11.32500E-03,-72.70043E-03
-11.30000E-03,-138.88880E-03
-11.27500E-03,-22.94541E-03
-11.25000E-03,+65.99472E-03
-11.22500E-03,+40.38262E-03
-11.20000E-03,-81.63324E-03
-11.17500E-03,+4.13796E-03
-11.15000E-03,+66.68856E-03
-11.12500E-03,-29.31222E-03
-11.10000E-03,-27.35226E-03
-11.07500E-03,-45.93228E-03
-11.05000E-03,+68.39251E-03
-11.02500E-03,+13.95199E-03
-11.00000E-03,-25.21084E-03
-10.97500E-03,-3.94916E-03
-10.95000E-03,+26.51561E-03
-10.92500E-03,+4.35634E-03
-10.90000E-03,-85.75447E-03
-10.87500E-03,+19.27212E-03
-10.85000E-03,+73.29185E-03
-10.82500E-03,+4.50541E-03
-10.80000E-03,-80.87252E-03
-10.77500E-03,-119.89255E-03
-10.75000E-03,-110.70756E-03
-10.72500E-03,-189.95381E-03
-10.70000E-03,-106.57935E-03
-10.67500E-03,-67.06647E-03
-10.65000E-03,-13.27767E-03
-10.62500E-03,+9.56117E-03
-10.60000E-03,-130.29803E-03
-10.57500E-03,-99.66571E-03
-10.55000E-03,-93.17840E-03
-10.52500E-03,-144.71572E-03
-10.50000E-03,-173.25746E-03
-10.47500E-03,-67.22809E-03
-10.45000E-03,-133.75468E-03
-10.42500E-03,-131.44154E-03
-10.40000E-03,-170.39015E-03
-10.37500E-03,-103.35642E-03
-10.35000E-03,-23.53616E-03
-10.32500E-03,-78.37060E-03
-10.30000E-03,-88.34033E-03
-10.27500E-03,-70.43325E-03
-10.25000E-03,-17.96944E-03
-10.22500E-03,-8.96521E-03
-10.20000E-03,-55.80519E-03
-10.17500E-03,+46.73026E-03
-10.15000E-03,+158.17624E-03
-10.12500E-03,+203.60068E-03
-10.10000E-03,+194.40142E-03
-10.07500E-03,+99.74652E-03
-10.05000E-03,-36.26487E-03
-10.02500E-03,-17.43372E-03
-10.00000E-03,+68.98672E-03
-9.97500E-03,+82.32219E-03
-9.95000E-03,-125.62228E-03
-9.92500E-03,-112.86082E-03
-9.90000E-03,+25.45466E-03
-9.87500E-03,+59.27228E-03
-9.85000E-03,-66.64675E-03
-9.82500E-03,-48.53974E-03
-9.80000E-03,-13.93666E-03
-9.77500E-03,-74.75442E-03
-9.75000E-03,+37.31120E-03
-9.72500E-03,-18.55633E-03
-9.70000E-03,-7.09581E-03
-9.67500E-03,+8.38073E-03
-9.65000E-03,-17.75627E-03
-9.62500E-03,-74.47089E-03
-9.60000E-03,-13.58278E-03
-9.57500E-03,+42.72849E-03
-9.55000E-03,-1.52283E-03
-9.52500E-03,+73.85368E-03
-9.50000E-03,+23.97085E-03
-9.47500E-03,-98.69426E-03
-9.45000E-03,-38.86329E-03
-9.42500E-03,-76.24937E-03
-9.40000E-03,+6.66113E-03
-9.37500E-03,-59.57010E-03
-9.35000E-03,-109.08372E-03
-9.32500E-03,-49.72783E-03
-9.30000E-03,-64.08806E-03
-9.27500E-03,-101.48564E-03
-9.25000E-03,-136.09951E-03
-9.22500E-03,-25.28189E-03
-9.20000E-03,-38.17781E-03
-9.17500E-03,-15.08506E-03
-9.15000E-03,-90.78827E-03
-9.12500E-03,-110.36795E-03
-9.10000E-03,-102.71589E-03
-9.07500E-03,-221.63350E-03
-9.05000E-03,-66.64815E-03
-9.02500E-03,-50.88144E-03
-9.00000E-03,-73.80040E-03
-8.97500E-03,-77.40299E-03
-8.95000E-03,-73.74885E-03
-8.92500E-03,-91.48455E-03
-8.90000E-03,-68.55621E-03
-8.87500E-03,-103.93289E-03
-8.85000E-03,-121.91554E-03
-8.82500E-03,-43.69785E-03
-8.80000E-03,+53.32938E-03
-8.77500E-03,-1.35006E-03
-8.75000E-03,-73.09680E-03
-8.72500E-03,+35.63235E-03
-8.70000E-03,+39.24364E-03
-8.67500E-03,+30.12762E-03
-8.65000E-03,+79.28144E-03
-8.62500E-03,+180.47276E-03
-8.60000E-03,+129.96364E-03
-8.57500E-03,+24.09659E-03
-8.55000E-03,+109.90295E-03
-8.52500E-03,+117.26418E-03
-8.50000E-03,+78.16822E-03
-8.47500E-03,+24.47765E-03
-8.45000E-03,+8.57615E-03
-8.42500E-03,+70.74534E-03
-8.40000E-03,-100.68034E-03
-8.37500E-03,-19.35745E-03
-8.35000E-03,-45.28685E-03
-8.32500E-03,-15.53543E-03
-8.30000E-03,-134.72298E-03
-8.27500E-03,-70.24726E-03
-8.25000E-03,-73.11422E-03
-8.22500E-03,-65.40120E-03
-8.20000E-03,-159.64403E-03
-8.17500E-03,-114.29482E-03
-8.15000E-03,-36.77828E-03
-8.12500E-03,+9.80847E-03
-8.10000E-03,-79.23406E-03
-8.07500E-03,-24.12967E-03
-8.05000E-03,+48.94833E-03
-8.02500E-03,-121.13950E-03
-8.00000E-03,-7.87186E-03
-7.97500E-03,-66.51021E-03
-7.95000E-03,+13.66987E-03
-7.92500E-03,-42.41119E-03
-7.90000E-03,-43.99602E-03
-7.87500E-03,-24.41495E-03
-7.85000E-03,-13.75693E-03
-7.82500E-03,+18.01157E-03
-7.80000E-03,-23.00950E-03
-7.77500E-03,-432.25E-06
-7.75000E-03,+75.92857E-03
-7.72500E-03,+28.65425E-03
-7.70000E-03,-74.35768E-03
-7.67500E-03,-30.56404E-03
-7.65000E-03,-52.54778E-03
-7.62500E-03,-22.58457E-03
-7.60000E-03,-68.01283E-03
-7.57500E-03,-17.70540E-03
-7.55000E-03,-28.77338E-03
-7.52500E-03,+60.50287E-03
-7.50000E-03,+66.65302E-03
-7.47500E-03,-16.05649E-03
-7.45000E-03,-5.01152E-03
-7.42500E-03,-119.66893E-03
-7.40000E-03,-10.79072E-03
-7.37500E-03,+100.85556E-03
-7.35000E-03,+79.02646E-03
-7.32500E-03,+102.20281E-03
-7.30000E-03,+68.06161E-03
-7.27500E-03,+43.83545E-03
-7.25000E-03,-11.89835E-03
-7.22500E-03,+20.50165E-03
-7.20000E-03,-21.73189E-03
-7.17500E-03,-3.97354E-03
-7.15000E-03,-621.39E-06
-7.12500E-03,-7.36159E-03
-7.10000E-03,-77.14975E-03
-7.07500E-03,-154.31276E-03
-7.05000E-03,-228.99090E-03
-7.02500E-03,-131.64635E-03
-7.00000E-03,-152.44929E-03
-6.97500E-03,-18.45081E-03
-6.95000E-03,-53.49101E-03
-6.92500E-03,-120.85945E-03
-6.90000E-03,-117.94270E-03
-6.87500E-03,-114.22900E-03
-6.85000E-03,-63.84285E-03
-6.82500E-03,-65.27720E-03
-6.80000E-03,-108.24011E-03
-6.77500E-03,-35.92667E-03
-6.75000E-03,-28.36307E-03
-6.72500E-03,-184.10181E-03
-6.70000E-03,-183.98966E-03
-6.67500E-03,-61.70212E-03
-6.65000E-03,-62.50254E-03
-6.62500E-03,-70.32773E-03
-6.60000E-03,-8.44726E-03
-6.57500E-03,-68.56317E-03
-6.55000E-03,-89.96069E-03
-6.52500E-03,-40.25897E-03
-6.50000E-03,-15.69494E-03
-6.47500E-03,-11.25572E-03
-6.45000E-03,-56.58681E-03
-6.42500E-03,-2.94115E-03
-6.40000E-03,+45.78217E-03
-6.37500E-03,+25.01577E-03
-6.35000E-03,-48.68429E-03
-6.32500E-03,-27.95693E-03
-6.30000E-03,+59.27021E-03
-6.27500E-03,+81.80007E-03
-6.25000E-03,+139.70803E-03
-6.22500E-03,+107.41706E-03
-6.20000E-03,+137.18624E-03
-6.17500E-03,-56.56486E-03
-6.15000E-03,+100.71587E-03
-6.12500E-03,+83.07768E-03
-6.10000E-03,+27.54732E-03
-6.07500E-03,-11.27730E-03
-6.05000E-03,+25.09730E-03
-6.02500E-03,+15.42188E-03
-6.00000E-03,-2.29190E-03
-5.97500E-03,-134.51016E-03
-5.95000E-03,-5.46641E-03
-5.92500E-03,-85.20205E-03
-5.90000E-03,-69.20128E-03
-5.87500E-03,-63.27963E-03
-5.85000E-03,-79.25427E-03
-5.82500E-03,+10.69981E-03
-5.80000E-03,-4.09059E-03
-5.77500E-03,-85.06899E-03
-5.75000E-03,+38.31087E-03
-5.72500E-03,+1.84954E-03
-5.70000E-03,-103.10320E-03
-5.67500E-03,-93.77157E-03
-5.65000E-03,-46.04757E-03
-5.62500E-03,+17.11433E-03
-5.60000E-03,+42.48991E-03
-5.57500E-03,+37.37668E-03
-5.55000E-03,+50.50389E-03
-5.52500E-03,+125.92289E-03
-5.50000E-03,+97.10944E-03
-5.47500E-03,+109.47417E-03
-5.45000E-03,+71.34828E-03
-5.42500E-03,+77.94704E-03
-5.40000E-03,+87.39710E-03
-5.37500E-03,-60.13436E-03
-5.35000E-03,-12.18187E-03
-5.32500E-03,-29.73541E-03
-5.30000E-03,-7.08606E-03
-5.27500E-03,+90.85759E-03
-5.25000E-03,+48.72192E-03
-5.22500E-03,+122.12522E-03
-5.20000E-03,+65.93689E-03
-5.17500E-03,+13.78098E-03
-5.15000E-03,+46.38475E-03
-5.12500E-03,+148.89824E-03
-5.10000E-03,+95.04325E-03
-5.07500E-03,-2.46744E-03
-5.05000E-03,+114.92143E-03
-5.02500E-03,+96.34873E-03
-5.00000E-03,-17.87538E-03
-4.97500E-03,+9.13171E-03
-4.95000E-03,+24.55741E-03
-4.92500E-03,+125.80201E-03
-4.90000E-03,+127.34155E-03
-4.87500E-03,+100.42539E-03
-4.85000E-03,+49.34540E-03
-4.82500E-03,+90.29263E-03
-4.80000E-03,-10.90914E-03
-4.77500E-03,+77.93835E-03
-4.75000E-03,+132.50146E-03
-4.72500E-03,+56.82853E-03
-4.70000E-03,+13.96454E-03
-4.67500E-03,+121.19699E-03
-4.65000E-03,+96.41211E-03
-4.62500E-03,+58.89436E-03
-4.60000E-03,-22.68766E-03
-4.57500E-03,+134.01835E-03
-4.55000E-03,+64.40502E-03
-4.52500E-03,-39.34883E-03
-4.50000E-03,+27.55151E-03
-4.47500E-03,-19.13801E-03
-4.45000E-03,+49.85601E-03
-4.42500E-03,-84.72451E-03
-4.40000E-03,-69.45484E-03
-4.37500E-03,+32.38955E-03
-4.35000E-03,+20.79981E-03
-4.32500E-03,-54.49101E-03
-4.30000E-03,-109.70998E-03
-4.27500E-03,-20.38705E-03
-4.25000E-03,+3.62592E-03
-4.22500E-03,-7.25535E-03
-4.20000E-03,-6.67227E-03
-4.17500E-03,+80.05923E-03
-4.15000E-03,+41.34466E-03
-4.12500E-03,+93.16829E-03
-4.10000E-03,+76.72623E-03
-4.07500E-03,+86.72697E-03
-4.05000E-03,+128.13152E-03
-4.02500E-03,-20.23728E-03
-4.00000E-03,-29.62743E-03
-3.97500E-03,+65.71398E-03
-3.95000E-03,+77.31416E-03
-3.92500E-03,-39.92494E-03
-3.90000E-03,+56.15351E-03
-3.87500E-03,+14.21462E-03
-3.85000E-03,+125.66687E-03
-3.82500E-03,+38.53413E-03
-3.80000E-03,+169.02757E-03
-3.77500E-03,+192.73369E-03
-3.75000E-03,+237.04736E-03
-3.72500E-03,+84.92897E-03
-3.70000E-03,+136.56626E-03
-3.67500E-03,+93.61796E-03
-3.65000E-03,+84.17313E-03
-3.62500E-03,-44.12070E-03
-3.60000E-03,+49.11622E-03
-3.57500E-03,+18.96560E-03
-3.55000E-03,+10.04950E-03
-3.52500E-03,-4.38178E-03
-3.50000E-03,-32.51842E-03
-3.47500E-03,+8.13378E-03
-3.45000E-03,-28.93222E-03
-3.42500E-03,-60.55476E-03
-3.40000E-03,+18.99975E-03
-3.37500E-03,-11.46122E-03
-3.35000E-03,-31.97507E-03
-3.32500E-03,-29.83851E-03
-3.30000E-03,-4.23268E-03
-3.27500E-03,+101.97780E-03
-3.25000E-03,+49.98280E-03
-3.22500E-03,+16.45357E-03
-3.20000E-03,-22.19026E-03
-3.17500E-03,-64.75996E-03
-3.15000E-03,-17.10702E-03
-3.12500E-03,+65.20754E-03
-3.10000E-03,+45.46728E-03
-3.07500E-03,-57.67528E-03
-3.05000E-03,+48.10261E-03
-3.02500E-03,-58.18450E-03
-3.00000E-03,+30.60966E-03
-2.97500E-03,-10.34313E-03
-2.95000E-03,-60.87173E-03
-2.92500E-03,-37.32060E-03
-2.90000E-03,+39.10291E-03
-2.87500E-03,+37.26418E-03
-2.85000E-03,+13.42047E-03
-2.82500E-03,-2.87357E-03
-2.80000E-03,+10.83808E-03
-2.77500E-03,+9.19231E-03
-2.75000E-03,+91.19512E-03
-2.72500E-03,+163.69561E-03
-2.70000E-03,+134.07372E-03
-2.67500E-03,+45.41956E-03
-2.65000E-03,+53.41577E-03
-2.62500E-03,+96.03143E-03
-2.60000E-03,+56.84594E-03
-2.57500E-03,-2.92687E-03
-2.55000E-03,-11.09583E-03
-2.52500E-03,+87.46121E-03
-2.50000E-03,+9.43229E-03
-2.47500E-03,+17.91787E-03
-2.45000E-03,+21.90815E-03
-2.42500E-03,+51.97934E-03
-2.40000E-03,+76.34724E-03
-2.37500E-03,-33.40314E-03
-2.35000E-03,+96.83151E-03
-2.32500E-03,+171.50684E-03
-2.30000E-03,+172.50928E-03
-2.27500E-03,-6.24627E-03
-2.25000E-03,-40.45646E-03
-2.22500E-03,-41.15901E-03
-2.20000E-03,-13.85727E-03
-2.17500E-03,-20.39439E-03
-2.15000E-03,-11.43647E-03
-2.12500E-03,+41.56409E-03
-2.10000E-03,-66.70039E-03
-2.07500E-03,+81.81018E-03
-2.05000E-03,+32.58391E-03
-2.02500E-03,+44.44045E-03
-2.00000E-03,-52.21199E-03
-1.97500E-03,-25.54974E-03
-1.95000E-03,-35.14469E-03
-1.92500E-03,-66.94561E-03
-1.90000E-03,-157.84952E-03
-1.87500E-03,-50.87971E-03
-1.85000E-03,+25.62813E-03
-1.82500E-03,+37.66404E-03
-1.80000E-03,-14.45634E-03
-1.77500E-03,+6.69456E-03
-1.75000E-03,+166.28427E-03
-1.72500E-03,+111.43761E-03
-1.70000E-03,+119.00713E-03
-1.67500E-03,+112.20982E-03
-1.65000E-03,+164.41105E-03
-1.62500E-03,+171.49151E-03
-1.60000E-03,+3.31176E-03
-1.57500E-03,+95.13974E-03
-1.55000E-03,+118.81904E-03
-1.52500E-03,+169.04949E-03
-1.50000E-03,+108.22758E-03
-1.47500E-03,+136.39838E-03
-1.45000E-03,+285.60765E-03
-1.42500E-03,+244.87846E-03
-1.40000E-03,+191.08408E-03
-1.37500E-03,+207.06813E-03
-1.35000E-03,+192.57067E-03
-1.32500E-03,+153.79447E-03
-1.30000E-03,+135.59237E-03
-1.27500E-03,+110.25512E-03
-1.25000E-03,+89.88892E-03
-1.22500E-03,+105.91965E-03
-1.20000E-03,+142.92225E-03
-1.17500E-03,+89.72454E-03
-1.15000E-03,+57.26182E-03
-1.12500E-03,+27.96250E-03
-1.10000E-03,-33.60795E-03
-1.07500E-03,+35.32688E-03
-1.05000E-03,+41.77656E-03
-1.02500E-03,-49.89153E-03
-1.00000E-03,+3.61548E-03
-975.00E-06,-89.70711E-03
-950.00E-06,-61.05566E-03
-925.00E-06,-128.10645E-03
-900.00E-06,-17.56050E-03
-875.00E-06,+31.42996E-03
-850.00E-06,+100.14184E-03
-825.00E-06,+93.98159E-03
-800.00E-06,+38.04544E-03
-775.00E-06,+158.02645E-03
-750.00E-06,-12.20486E-03
-725.00E-06,+40.65188E-03
-700.00E-06,+83.00142E-03
-675.00E-06,+90.94327E-03
-650.00E-06,+103.65491E-03
-625.00E-06,+35.10292E-03
-600.00E-06,+106.73263E-03
-575.00E-06,+225.40990E-03
-550.00E-06,+53.96124E-03
-525.00E-06,+5.04635E-03
-500.00E-06,+95.77194E-03
-475.00E-06,+134.78497E-03
-450.00E-06,-28.20144E-03
-425.00E-06,+41.99462E-03
-400.00E-06,+60.96858E-03
-375.00E-06,+52.65609E-03
-350.00E-06,-3.98329E-03
-325.00E-06,+70.18005E-03
-300.00E-06,+100.92557E-03
-275.00E-06,+47.10330E-03
-250.00E-06,+66.76797E-03
-225.00E-06,+1.26021E-03
-200.00E-06,+92.81686E-03
-175.00E-06,+106.47033E-03
-150.00E-06,+56.91562E-03
-125.00E-06,+228.35349E-03
-100.00E-06,+210.29700E-03
-75.00E-06,+112.21122E-03
-50.00E-06,+46.81456E-03
-25.00E-06,+89.27208E-03
+0.0E+00,+119.24816E-03
+25.00E-06,+213.29211E-03
+50.00E-06,+178.84439E-03
+75.00E-06,+93.64791E-03
+100.00E-06,+81.66249E-03
+125.00E-06,-47.30950E-03
+150.00E-06,+32.05865E-03
+175.00E-06,+20.73434E-03
+200.00E-06,-30.90922E-03
+225.00E-06,+62.31304E-03
+250.00E-06,+20.82908E-03
+275.00E-06,+121.28024E-03
+300.00E-06,+137.24754E-03
+325.00E-06,+66.05462E-03
+350.00E-06,-10.91261E-03
+375.00E-06,+12.22925E-03
+400.00E-06,+90.26161E-03
+425.00E-06,-68.38901E-03
+450.00E-06,-63.54886E-03
+475.00E-06,-14.68693E-03
+500.00E-06,-26.35331E-03
+525.00E-06,-30.89531E-03
+550.00E-06,-61.75575E-03
+575.00E-06,-11.68308E-03
+600.00E-06,+133.09008E-03
+625.00E-06,+68.65932E-03
+650.00E-06,+79.85894E-03
+675.00E-06,+190.31468E-03
+700.00E-06,+11.09862E-03
+725.00E-06,+46.37917E-03
+750.00E-06,+133.50806E-03
+775.00E-06,+232.41689E-03
+800.00E-06,+191.33068E-03
+825.00E-06,+101.21293E-03
+850.00E-06,+172.97326E-03
+875.00E-06,+195.08966E-03
+900.00E-06,+218.84317E-03
+925.00E-06,+275.06181E-03
+950.00E-06,+204.60277E-03
+975.00E-06,+181.42468E-03
+1.00000E-03,-2.24313E-03
+1.02500E-03,+182.87540E-03
+1.05000E-03,+122.39135E-03
+1.07500E-03,+237.19782E-03
+1.10000E-03,+142.92643E-03
+1.12500E-03,+140.79476E-03
+1.15000E-03,+110.94720E-03
+1.17500E-03,-43.13777E-03
+1.20000E-03,+63.39699E-03
+1.22500E-03,+50.08591E-03
+1.25000E-03,+154.28143E-03
+1.27500E-03,+130.09635E-03
+1.30000E-03,-43.01377E-03
+1.32500E-03,+55.23953E-03
+1.35000E-03,+86.01432E-03
+1.37500E-03,+35.98065E-03
+1.40000E-03,-97.88130E-03
+1.42500E-03,-86.79905E-03
+1.45000E-03,+50.35272E-03
+1.47500E-03,+25.99488E-03
+1.50000E-03,-15.78552E-03
+1.52500E-03,-50.09217E-03
+1.55000E-03,-26.96424E-03
+1.57500E-03,+29.43168E-03
+1.60000E-03,-6.01744E-03
+1.62500E-03,+155.42562E-03
+1.65000E-03,+166.03833E-03
+1.67500E-03,+198.92353E-03
+1.70000E-03,+148.92299E-03
+1.72500E-03,+115.34883E-03
+1.75000E-03,+174.85969E-03
+1.77500E-03,+154.13233E-03
+1.80000E-03,+138.41647E-03
+1.82500E-03,+145.45381E-03
+1.85000E-03,+149.37856E-03
+1.87500E-03,+94.35951E-03
+1.90000E-03,+51.54882E-03
+1.92500E-03,+126.29733E-03
+1.95000E-03,+133.72959E-03
+1.97500E-03,+41.86991E-03
+2.00000E-03,+16.70506E-03
+2.02500E-03,+40.93714E-03
+2.05000E-03,-39.82461E-03
+2.07500E-03,+14.31041E-03
+2.10000E-03,+154.94320E-03
+2.12500E-03,+202.51049E-03
+2.15000E-03,+169.90600E-03
+2.17500E-03,+84.66494E-03
+2.20000E-03,+96.07846E-03
+2.22500E-03,+231.53255E-03
+2.25000E-03,+224.67879E-03
+2.27500E-03,+274.92562E-03
+2.30000E-03,+158.96413E-03
+2.32500E-03,+332.83355E-03
+2.35000E-03,+285.66826E-03
+2.37500E-03,+166.71095E-03
+2.40000E-03,+177.68801E-03
+2.42500E-03,+137.66239E-03
+2.45000E-03,+148.86445E-03
+2.47500E-03,+49.10018E-03
+2.50000E-03,+97.26969E-03
+2.52500E-03,+83.18671E-03
+2.55000E-03,+73.64017E-03
+2.57500E-03,+11.75207E-03
+2.60000E-03,+37.53832E-03
+2.62500E-03,+66.43706E-03
+2.65000E-03,+16.65210E-03
+2.67500E-03,-12.33930E-03
+2.70000E-03,+84.21355E-03
+2.72500E-03,-77.60640E-03
+2.75000E-03,+60.86755E-03
+2.77500E-03,+53.00858E-03
+2.80000E-03,+85.93979E-03
+2.82500E-03,+55.75503E-03
+2.85000E-03,-34.58949E-03
+2.87500E-03,+152.58861E-03
+2.90000E-03,+87.89312E-03
+2.92500E-03,+97.74302E-03
+2.95000E-03,+115.24466E-03
+2.97500E-03,+21.15301E-03
+3.00000E-03,+91.11152E-03
+3.02500E-03,+127.08972E-03
+3.05000E-03,+107.78173E-03
+3.07500E-03,+48.33704E-03
+3.10000E-03,+113.16106E-03
+3.12500E-03,+130.24263E-03
+3.15000E-03,+39.62610E-03
+3.17500E-03,+173.80642E-03
+3.20000E-03,+248.27415E-03
+3.22500E-03,+14.62354E-03
+3.25000E-03,+71.29255E-03
+3.27500E-03,+217.59343E-03
+3.30000E-03,+200.01898E-03
+3.32500E-03,+303.97276E-03
+3.35000E-03,+186.05795E-03
+3.37500E-03,+360.98907E-03
+3.40000E-03,+334.43545E-03
+3.42500E-03,+151.84986E-03
+3.45000E-03,+219.58369E-03
+3.47500E-03,+339.13317E-03
+3.50000E-03,+303.86061E-03
+3.52500E-03,+220.77525E-03
+3.55000E-03,+74.66352E-03
+3.57500E-03,+99.13001E-03
+3.60000E-03,+23.46927E-03
+3.62500E-03,-90.88337E-03
+3.65000E-03,-74.19607E-03
+3.67500E-03,+11.29439E-03
+3.70000E-03,-164.87567E-03
+3.72500E-03,-65.64396E-03
+3.75000E-03,-65.98426E-03
+3.77500E-03,+2.25569E-03
+3.80000E-03,-18.47450E-03
+3.82500E-03,-105.39683E-03
+3.85000E-03,-64.03092E-03
+3.87500E-03,-40.78912E-03
+3.90000E-03,-70.36744E-03
+3.92500E-03,-111.06979E-03
+3.95000E-03,-32.62848E-03
+3.97500E-03,+3.76455E-03
+4.00000E-03,-115.36797E-03
+4.02500E-03,+14.42641E-03
+4.05000E-03,+76.31592E-03
+4.07500E-03,+127.01030E-03
+4.10000E-03,+45.22206E-03
+4.12500E-03,-83.63324E-03
+4.15000E-03,+23.30349E-03
+4.17500E-03,+90.28077E-03
+4.20000E-03,+20.45567E-03
+4.22500E-03,+105.44629E-03
+4.25000E-03,+94.52150E-03
+4.27500E-03,+38.39167E-03
+4.30000E-03,+94.97776E-03
+4.32500E-03,+108.01787E-03
+4.35000E-03,+114.25338E-03
+4.37500E-03,+183.11818E-03
+4.40000E-03,+36.78596E-03
+4.42500E-03,+115.78004E-03
+4.45000E-03,+111.06494E-03
+4.47500E-03,+102.39367E-03
+4.50000E-03,+61.43529E-03
+4.52500E-03,+1.92303E-03
+4.55000E-03,+88.24283E-03
+4.57500E-03,+7.43680E-03
+4.60000E-03,+707.77E-06
+4.62500E-03,-15.65488E-03
+4.65000E-03,+66.62585E-03
+4.67500E-03,+40.17466E-03
+4.70000E-03,+17.56189E-03
+4.72500E-03,-6.03171E-03
+4.75000E-03,+63.91180E-03
+4.77500E-03,-99.74755E-03
+4.80000E-03,-26.21538E-03
+4.82500E-03,-106.21954E-03
+4.85000E-03,-99.54694E-03
+4.87500E-03,-170.55281E-03
+4.90000E-03,-74.14733E-03
+4.92500E-03,-99.04780E-03
+4.95000E-03,-59.51890E-03
+4.97500E-03,-194.15828E-03
+5.00000E-03,-180.28639E-03
+5.02500E-03,-165.13516E-03
+5.05000E-03,-152.54264E-03
+5.07500E-03,-173.32365E-03
+5.10000E-03,-229.98079E-03
+5.12500E-03,-206.55785E-03
+5.15000E-03,-305.76658E-03
+5.17500E-03,-172.29892E-03
+5.20000E-03,-208.68220E-03
+5.22500E-03,-137.68120E-03
+5.25000E-03,-85.39571E-03
+5.27500E-03,-141.31827E-03
+5.30000E-03,-137.90655E-03
+5.32500E-03,-71.69622E-03
+5.35000E-03,-56.89542E-03
+5.37500E-03,-48.72018E-03
+5.40000E-03,-56.00581E-03
+5.42500E-03,-13.47725E-03
+5.45000E-03,+12.40269E-03
+5.47500E-03,-129.96748E-03
+5.50000E-03,-111.78035E-03
+5.52500E-03,-29.00397E-03
+5.55000E-03,-3.31455E-03
+5.57500E-03,-71.37996E-03
+5.60000E-03,-55.64914E-03
+5.62500E-03,+20.22126E-03
+5.65000E-03,+29.34530E-03
+5.67500E-03,+41.41780E-03
+5.70000E-03,+125.04548E-03
+5.72500E-03,+122.81244E-03
+5.75000E-03,+78.29012E-03
+5.77500E-03,+88.27484E-03
+5.80000E-03,+79.28005E-03
+5.82500E-03,+117.43241E-03
+5.85000E-03,+99.75383E-03
+5.87500E-03,+34.80686E-03
+5.90000E-03,-9.69700E-03
+5.92500E-03,-50.97550E-03
+5.95000E-03,-183.98826E-03
+5.97500E-03,-144.03615E-03
+6.00000E-03,-41.24712E-03
+6.02500E-03,-85.29853E-03
+6.05000E-03,-163.04286E-03
+6.07500E-03,-124.20046E-03
+6.10000E-03,-58.12076E-03
+6.12500E-03,-91.95967E-03
+6.15000E-03,-135.80764E-03
+6.17500E-03,-175.18710E-03
+6.20000E-03,-160.69453E-03
+6.22500E-03,-259.15996E-03
+6.25000E-03,-155.12780E-03
+6.27500E-03,-80.20305E-03
+6.30000E-03,-3.81194E-03
+6.32500E-03,-110.43830E-03
+6.35000E-03,+16.41735E-03
+6.37500E-03,-12.62979E-03
+6.40000E-03,+52.15069E-03
+6.42500E-03,+67.88047E-03
+6.45000E-03,+43.27221E-03
+6.47500E-03,+19.70230E-03
+6.50000E-03,+52.84591E-03
+6.52500E-03,-109.79950E-03
+6.55000E-03,-35.04719E-03
+6.57500E-03,-16.28463E-03
+6.60000E-03,+8.96276E-03
+6.62500E-03,-115.23386E-03
+6.65000E-03,-129.03295E-03
+6.67500E-03,-42.01724E-03
+6.70000E-03,+11.00247E-03
+6.72500E-03,+26.68349E-03
+6.75000E-03,-27.65597E-03
+6.77500E-03,-25.83884E-03
+6.80000E-03,-144.24165E-03
+6.82500E-03,-62.24967E-03
+6.85000E-03,-122.75637E-03
+6.87500E-03,-29.51597E-03
+6.90000E-03,+86.82308E-03
+6.92500E-03,+82.99373E-03
+6.95000E-03,+25.70267E-03
+6.97500E-03,+53.43424E-03
+7.00000E-03,+34.38537E-03
+7.02500E-03,+58.93929E-03
+7.05000E-03,+37.94584E-03
+7.07500E-03,+135.56136E-03
+7.10000E-03,+75.45975E-03
+7.12500E-03,+1.32012E-03
+7.15000E-03,-31.75353E-03
+7.17500E-03,+26.82421E-03
+7.20000E-03,-110.58633E-03
+7.22500E-03,-119.87721E-03
+7.25000E-03,-63.20820E-03
+7.27500E-03,-49.22524E-03
+7.30000E-03,-60.53668E-03
+7.32500E-03,-34.94756E-03
+7.35000E-03,-45.31331E-03
+7.37500E-03,-126.41470E-03
+7.40000E-03,-96.25818E-03
+7.42500E-03,-124.43383E-03
+7.45000E-03,-36.11717E-03
+7.47500E-03,-86.35079E-03
+7.50000E-03,-130.59617E-03
+7.52500E-03,-29.11124E-03
+7.55000E-03,-23.36616E-03
+7.57500E-03,-17.18156E-03
+7.60000E-03,-141.73938E-03
+7.62500E-03,-116.52262E-03
+7.65000E-03,-64.31305E-03
+7.67500E-03,-107.12483E-03
+7.70000E-03,-152.07589E-03
+7.72500E-03,-108.04923E-03
+7.75000E-03,+52.97134E-03
+7.77500E-03,-114.92525E-03
+7.80000E-03,-53.05909E-03
+7.82500E-03,-25.88867E-03
+7.85000E-03,+23.92556E-03
+7.87500E-03,+28.62951E-03
+7.90000E-03,+34.14295E-03
+7.92500E-03,+84.71164E-03
+7.95000E-03,+147.09433E-03
+7.97500E-03,-27.97225E-03
+8.00000E-03,+16.14777E-03
+8.02500E-03,-8.95720E-03
+8.05000E-03,-4.33510E-03
+8.07500E-03,+80.95541E-03
+8.10000E-03,+22.67932E-03
+8.12500E-03,+73.17519E-03
+8.15000E-03,+75.37893E-03
+8.17500E-03,-62.40675E-03
+8.20000E-03,-19.55982E-03
+8.22500E-03,-46.27710E-03
+8.25000E-03,+10.24386E-03
+8.27500E-03,+59.43668E-03
+8.30000E-03,+47.82050E-03
+8.32500E-03,+85.36646E-03
+8.35000E-03,+91.57755E-03
+8.37500E-03,+43.60345E-03
+8.40000E-03,-34.05934E-03
+8.42500E-03,-26.07742E-03
+8.45000E-03,-92.15506E-03
+8.47500E-03,-52.13190E-03
+8.50000E-03,-135.31232E-03
+8.52500E-03,-134.31336E-03
+8.55000E-03,-127.41819E-03
+8.57500E-03,-188.31292E-03
+8.60000E-03,-183.88794E-03
+8.62500E-03,-182.90572E-03
+8.65000E-03,-210.45511E-03
+8.67500E-03,-105.57832E-03
+8.70000E-03,-90.97357E-03
+8.72500E-03,+4.32846E-03
+8.75000E-03,-59.25836E-03
+8.77500E-03,-58.72998E-03
+8.80000E-03,+49.00894E-03
+8.82500E-03,+64.51160E-03
+8.85000E-03,+66.63282E-03
+8.87500E-03,-44.73547E-03
+8.90000E-03,-8.13796E-03
+8.92500E-03,+60.47117E-03
+8.95000E-03,+21.99591E-03
+8.97500E-03,+111.94685E-03
+9.00000E-03,+69.78786E-03
+9.02500E-03,+53.45651E-03
+9.05000E-03,-92.99449E-03
+9.07500E-03,-160.31975E-03
+9.10000E-03,-82.19192E-03
+9.12500E-03,+2.93801E-03
+9.15000E-03,-47.56063E-03
+9.17500E-03,-30.54837E-03
+9.20000E-03,-23.99173E-03
+9.22500E-03,-139.11903E-03
+9.25000E-03,-115.34010E-03
+9.27500E-03,-52.58016E-03
+9.30000E-03,+79.18532E-03
+9.32500E-03,+26.62497E-03
+9.35000E-03,-46.61671E-03
+9.37500E-03,+66.58687E-03
+9.40000E-03,+69.76274E-03
+9.42500E-03,+113.03671E-03
+9.45000E-03,+87.65484E-03
+9.47500E-03,+37.40073E-03
+9.50000E-03,+41.11476E-03
+9.52500E-03,-57.48335E-03
+9.55000E-03,-41.95768E-03
+9.57500E-03,-37.02732E-03
+9.60000E-03,+47.10155E-03
+9.62500E-03,+32.63162E-03
+9.65000E-03,-19.20664E-03
+9.67500E-03,-135.14234E-03
+9.70000E-03,-255.20558E-03
+9.72500E-03,-109.88520E-03
+9.75000E-03,-144.70630E-03
+9.77500E-03,-67.56559E-03
+9.80000E-03,-66.41200E-03
+9.82500E-03,-12.96558E-03
+9.85000E-03,-93.61378E-03
+9.87500E-03,-10.20379E-03
+9.90000E-03,-40.69960E-03
+9.92500E-03,-86.90879E-03
+9.95000E-03,-132.39625E-03
+9.97500E-03,-138.77524E-03
+10.00000E-03,-273.89183E-03
+10.02500E-03,-258.56086E-03
+10.05000E-03,-226.27267E-03
+10.07500E-03,-127.93472E-03
+10.10000E-03,-217.61710E-03
+10.12500E-03,-84.43960E-03
+10.15000E-03,-29.40380E-03
+10.17500E-03,+3.22326E-03
+10.20000E-03,-135.31789E-03
+10.22500E-03,+34.96462E-03
+10.25000E-03,+71.88470E-03
+10.27500E-03,+128.30602E-03
+10.30000E-03,+149.65442E-03
+10.32500E-03,+58.35275E-03
+10.35000E-03,+188.14504E-03
+10.37500E-03,+34.05971E-03
+10.40000E-03,+177.69495E-03
+10.42500E-03,+163.07524E-03
+10.45000E-03,+124.63309E-03
+10.47500E-03,+12.02201E-03
+10.50000E-03,+41.05905E-03
+10.52500E-03,+105.82528E-03
+10.55000E-03,+137.90937E-03
+10.57500E-03,+72.80491E-03
+10.60000E-03,+17.89348E-03
+10.62500E-03,-6.51342E-03
+10.65000E-03,+74.61198E-03
+10.67500E-03,+32.63649E-03
+10.70000E-03,+58.38686E-03
+10.72500E-03,-22.10354E-03
+10.75000E-03,+89.20974E-03
+10.77500E-03,-66.79722E-03
+10.80000E-03,+90.90113E-03
+10.82500E-03,+30.07887E-03
+10.85000E-03,+32.18894E-03
+10.87500E-03,-4.86767E-03
+10.90000E-03,-13.62737E-03
+10.92500E-03,-82.37513E-03
+10.95000E-03,-89.08713E-03
+10.97500E-03,-161.74122E-03
+11.00000E-03,-79.35944E-03
+11.02500E-03,-27.31463E-03
+11.05000E-03,-34.37077E-03
+11.07500E-03,-179.52046E-03
+11.10000E-03,-20.01821E-03
+11.12500E-03,+47.37570E-03
+11.15000E-03,+103.43757E-03
+11.17500E-03,-29.66016E-03
+11.20000E-03,+1.64544E-03
+11.22500E-03,+16.99728E-03
+11.25000E-03,+8.64510E-03
+11.27500E-03,+10.99100E-03
+11.30000E-03,+109.39791E-03
+11.32500E-03,+129.75502E-03
+11.35000E-03,+89.36088E-03
+11.37500E-03,+134.57390E-03
+11.40000E-03,+98.10564E-03
+11.42500E-03,+155.69175E-03
+11.45000E-03,+158.82549E-03
+11.47500E-03,+141.89542E-03
+11.50000E-03,+67.46112E-03
+11.52500E-03,+122.21685E-03
+11.55000E-03,+12.43196E-03
+11.57500E-03,+69.92718E-03
+11.60000E-03,+67.38868E-03
+11.62500E-03,+39.22693E-03
+11.65000E-03,-6.89240E-03
+11.67500E-03,+40.80340E-03
+11.70000E-03,+124.40461E-03
+11.72500E-03,+125.83475E-03
+11.75000E-03,+114.15236E-03
+11.77500E-03,-42.29729E-03
+11.80000E-03,+3.56533E-03
+11.82500E-03,+126.87619E-03
+11.85000E-03,-17.76948E-03
+11.87500E-03,+187.58876E-03
+11.90000E-03,+74.24764E-03
+11.92500E-03,+141.53805E-03
+11.95000E-03,+59.88462E-03
+11.97500E-03,-33.42577E-03
+12.00000E-03,+1.07281E-03
+12.02500E-03,-132.33147E-03
+12.05000E-03,+14.24248E-03
+12.07500E-03,-85.13550E-03
+12.10000E-03,-56.38895E-03
+12.12500E-03,-32.01687E-03
+12.15000E-03,-180.31426E-03
+12.17500E-03,-160.79589E-03
+12.20000E-03,-74.71992E-03
+12.22500E-03,-171.73080E-03
+12.25000E-03,-36.52752E-03
+12.27500E-03,-11.20937E-03
+12.30000E-03,+107.12553E-03
+12.32500E-03,+103.99661E-03
+12.35000E-03,+63.39420E-03
+12.37500E-03,+63.31271E-03
+12.40000E-03,+79.71056E-03
+12.42500E-03,+74.06649E-03
+12.45000E-03,+20.01123E-03
+12.47500E-03,+26.49123E-03
+12.50000E-03,+4.93906E-03
+12.52500E-03,+66.64988E-03
+12.55000E-03,+19.94086E-03
+12.57500E-03,-77.14104E-03
+12.60000E-03,+7.60991E-03
+12.62500E-03,+17.92065E-03
+12.65000E-03,+21.43933E-03
+12.67500E-03,+37.13776E-03
+12.70000E-03,+69.75857E-03
+12.72500E-03,+128.27188E-03
+12.75000E-03,+137.70874E-03
+12.77500E-03,+170.18711E-03
+12.80000E-03,+183.14812E-03
+12.82500E-03,+184.26969E-03
+12.85000E-03,+33.78908E-03
+12.87500E-03,+78.84919E-03
+12.90000E-03,+102.00392E-03
+12.92500E-03,+115.85664E-03
+12.95000E-03,+28.51286E-03
+12.97500E-03,+130.18762E-03
+13.00000E-03,+108.23452E-03
+13.02500E-03,+61.59795E-03
+13.05000E-03,+36.75250E-03
+13.07500E-03,+80.42426E-03
+13.10000E-03,+14.06345E-03
+13.12500E-03,-34.54039E-03
+13.15000E-03,-93.14146E-03
+13.17500E-03,-87.42915E-03
+13.20000E-03,-153.97490E-03
+13.22500E-03,-177.25224E-03
+13.25000E-03,-137.51016E-03
+13.27500E-03,-96.24496E-03
+13.30000E-03,-232.96375E-03
+13.32500E-03,-82.99724E-03
+13.35000E-03,-110.79741E-03
+13.37500E-03,-56.84805E-03
+13.40000E-03,-6.12474E-03
+13.42500E-03,-98.09202E-03
+13.45000E-03,+18.53020E-03
+13.47500E-03,+48.28929E-03
+13.50000E-03,-44.82779E-03
+13.52500E-03,+64.61852E-03
+13.55000E-03,+11.36265E-03
+13.57500E-03,+53.29663E-03
+13.60000E-03,+98.13208E-03
+13.62500E-03,+109.36480E-03
+13.65000E-03,+132.28690E-03
+13.67500E-03,+100.18782E-03
+13.70000E-03,+34.65567E-03
+13.72500E-03,-132.05177E-03
+13.75000E-03,+23.21503E-03
+13.77500E-03,+48.27501E-03
+13.80000E-03,+23.22545E-03
+13.82500E-03,+36.69331E-03
+13.85000E-03,+75.45489E-03
+13.87500E-03,+58.67491E-03
+13.90000E-03,+36.96149E-03
+13.92500E-03,+61.16191E-03
+13.95000E-03,+184.67864E-03
+13.97500E-03,-21.22613E-03
+14.00000E-03,-6.75028E-03
+14.02500E-03,+123.73063E-03
+14.05000E-03,+198.13808E-03
+14.07500E-03,+157.52070E-03
+14.10000E-03,+68.03097E-03
+14.12500E-03,+47.57075E-03
+14.15000E-03,+129.75256E-03
+14.17500E-03,+184.65666E-03
+14.20000E-03,+54.52342E-03
+14.22500E-03,+29.41811E-03
+14.25000E-03,+153.50814E-03
+14.27500E-03,+111.71941E-03
+14.30000E-03,+74.33542E-03
+14.32500E-03,+68.57711E-03
+14.35000E-03,+181.43512E-03
+14.37500E-03,+135.76337E-03
+14.40000E-03,+190.72323E-03
+14.42500E-03,+111.89184E-03
+14.45000E-03,-22.96980E-03
+14.47500E-03,+41.19591E-03
+14.50000E-03,-1.85999E-03
+14.52500E-03,-70.33609E-03
+14.55000E-03,-10.95443E-03
+14.57500E-03,-145.01978E-03
+14.60000E-03,-116.97158E-03
+14.62500E-03,-39.18685E-03
+14.65000E-03,+31.55917E-03
+14.67500E-03,+48.77797E-03
+14.70000E-03,+22.82700E-03
+14.72500E-03,+98.23033E-03
+14.75000E-03,-77.39497E-03
+14.77500E-03,-77.20165E-03
+14.80000E-03,-42.96360E-03
+14.82500E-03,+65.17860E-03
+14.85000E-03,-121.79641E-03
+14.87500E-03,-38.22205E-03
+14.90000E-03,-50.50944E-03
+14.92500E-03,+54.71496E-03
+14.95000E-03,+18.37415E-03
+14.97500E-03,-61.96752E-03
+15.00000E-03,+34.27394E-03
+15.02500E-03,+61.20228E-03
+15.05000E-03,+27.10010E-03
+15.07500E-03,+107.97123E-03
+15.10000E-03,+136.38375E-03
+15.12500E-03,+206.98799E-03
+15.15000E-03,+255.83462E-03
+15.17500E-03,+55.30154E-03
+15.20000E-03,+227.52175E-03
+15.22500E-03,+162.67955E-03
+15.25000E-03,+172.70711E-03
+15.27500E-03,+126.50980E-03
+15.30000E-03,+160.02162E-03
+15.32500E-03,+149.01144E-03
+15.35000E-03,+89.58659E-03
+15.37500E-03,+62.79721E-03
+15.40000E-03,+171.03944E-03
+15.42500E-03,+116.36101E-03
+15.45000E-03,+146.81636E-03
+15.47500E-03,+58.01907E-03
+15.50000E-03,+118.11966E-03
+15.52500E-03,+44.61669E-03
+15.55000E-03,+100.66919E-03
+15.57500E-03,+44.14302E-03
+15.60000E-03,+138.69512E-03
+15.62500E-03,+49.39415E-03
+15.65000E-03,-61.13505E-03
+15.67500E-03,-66.88917E-03
+15.70000E-03,+20.84298E-03
+15.72500E-03,-27.55742E-03
+15.75000E-03,-96.89696E-03
+15.77500E-03,-37.09349E-03
+15.80000E-03,-57.59971E-03
+15.82500E-03,-85.00E-06
+15.85000E-03,+2.72868E-03
+15.87500E-03,-51.18273E-03
+15.90000E-03,+59.84838E-03
+15.92500E-03,+48.65016E-03
+15.95000E-03,+107.17148E-03
+15.97500E-03,+189.83402E-03
+16.00000E-03,+72.81118E-03
+16.02500E-03,+61.61016E-03
+16.05000E-03,-19.21288E-03
+16.07500E-03,+3.08815E-03
+16.10000E-03,+67.39422E-03
+16.12500E-03,+111.67062E-03
+16.15000E-03,+113.80753E-03
+16.17500E-03,+100.31638E-03
+16.20000E-03,+170.55314E-03
+16.22500E-03,+46.95354E-03
+16.25000E-03,+139.30749E-03
+16.27500E-03,+185.15722E-03
+16.30000E-03,+53.70837E-03
+16.32500E-03,+221.20751E-03
+16.35000E-03,+87.17141E-03
+16.37500E-03,+159.52698E-03
+16.40000E-03,+239.30162E-03
+16.42500E-03,+89.53088E-03
+16.45000E-03,+213.29665E-03
+16.47500E-03,+217.48893E-03
+16.50000E-03,+242.31384E-03
+16.52500E-03,+127.58051E-03
+16.55000E-03,+245.59567E-03
+16.57500E-03,+240.37860E-03
+16.60000E-03,+187.52571E-03
+16.62500E-03,+78.79347E-03
+16.65000E-03,+116.68391E-03
+16.67500E-03,+130.83336E-03
+16.70000E-03,+112.99943E-03
+16.72500E-03,+58.25942E-03
+16.75000E-03,+128.13712E-03
+16.77500E-03,+68.80490E-03
+16.80000E-03,+182.34283E-03
+16.82500E-03,+47.51677E-03
+16.85000E-03,+57.03336E-03
+16.87500E-03,+6.18252E-03
+16.90000E-03,-71.77045E-03
+16.92500E-03,-107.58005E-03
+16.95000E-03,-5.52770E-03
+16.97500E-03,-13.68694E-03
+17.00000E-03,+32.99909E-03
+17.02500E-03,+49.79402E-03
+17.05000E-03,-22.39298E-03
+17.07500E-03,+31.93116E-03
+17.10000E-03,+64.39177E-03
+17.12500E-03,+31.63892E-03
+17.15000E-03,+165.42459E-03
+17.17500E-03,+118.67414E-03
+17.20000E-03,+64.25941E-03
+17.22500E-03,-35.49092E-03
+17.25000E-03,-80.05956E-03
+17.27500E-03,-36.73128E-03
+17.30000E-03,-72.01563E-03
+17.32500E-03,+78.64927E-03
+17.35000E-03,+176.18396E-03
+17.37500E-03,+279.17223E-03
+17.40000E-03,+181.22268E-03
+17.42500E-03,+245.74299E-03
+17.45000E-03,+90.54309E-03
+17.47500E-03,+270.24499E-03
+17.50000E-03,+176.19027E-03
+17.52500E-03,+196.21334E-03
+17.55000E-03,+262.13836E-03
+17.57500E-03,+244.60118E-03
+17.60000E-03,+200.39793E-03
+17.62500E-03,+147.11836E-03
+17.65000E-03,+84.55069E-03
+17.67500E-03,-2.91955E-03
+17.70000E-03,-7.30200E-03
+17.72500E-03,+68.08354E-03
+17.75000E-03,+119.01827E-03
+17.77500E-03,+123.76647E-03
+17.80000E-03,+59.96124E-03
+17.82500E-03,+70.67466E-03
+17.85000E-03,+102.64063E-03
+17.87500E-03,+2.60016E-03
+17.90000E-03,-20.12965E-03
+17.92500E-03,+46.41364E-03
+17.95000E-03,+75.95295E-03
+17.97500E-03,+20.44626E-03
+18.00000E-03,-20.70367E-03
+18.02500E-03,+96.71723E-03
+18.05000E-03,+90.07491E-03
+18.07500E-03,-71.41027E-03
+18.10000E-03,+45.16077E-03
+18.12500E-03,-22.48880E-03
+18.15000E-03,-158.61511E-03
+18.17500E-03,-39.33491E-03
+18.20000E-03,+11.27140E-03
+18.22500E-03,+25.15092E-03
+18.25000E-03,+77.49597E-03
+18.27500E-03,+100.41841E-03
+18.30000E-03,+121.06500E-03
+18.32500E-03,+116.97645E-03
+18.35000E-03,+38.95593E-03
+18.37500E-03,+3.45875E-03
+18.40000E-03,+39.60590E-03
+18.42500E-03,+147.11591E-03
+18.45000E-03,+66.81117E-03
+18.47500E-03,+110.53691E-03
+18.50000E-03,+74.09299E-03
+18.52500E-03,+103.12757E-03
+18.55000E-03,+37.33908E-03
+18.57500E-03,+131.14096E-03
+18.60000E-03,+174.58523E-03
+18.62500E-03,+238.78716E-03
+18.65000E-03,+190.86325E-03
+18.67500E-03,+183.83712E-03
+18.70000E-03,+207.33633E-03
+18.72500E-03,+76.80215E-03
+18.75000E-03,+72.19469E-03
+18.77500E-03,+217.17336E-03
+18.80000E-03,+220.76862E-03
+18.82500E-03,+224.68052E-03
+18.85000E-03,+165.39812E-03
+18.87500E-03,+208.66517E-03
+18.90000E-03,+208.14022E-03
+18.92500E-03,+215.09252E-03
+18.95000E-03,+106.17254E-03
+18.97500E-03,+138.30609E-03
+19.00000E-03,+210.68011E-03
+19.02500E-03,+72.03238E-03
+19.05000E-03,+162.99896E-03
+19.07500E-03,+158.39676E-03
+19.10000E-03,+169.08885E-03
+19.12500E-03,+180.37347E-03
+19.15000E-03,+221.58787E-03
+19.17500E-03,+201.22557E-03
+19.20000E-03,+164.12330E-03
+19.22500E-03,+123.97127E-03
+19.25000E-03,+40.20918E-03
+19.27500E-03,+34.55468E-03
+19.30000E-03,+84.62731E-03
+19.32500E-03,+64.24442E-03
+19.35000E-03,-38.26626E-03
+19.37500E-03,+44.99847E-03
+19.40000E-03,+60.30258E-03
+19.42500E-03,+80.96726E-03
+19.45000E-03,+66.33539E-03
+19.47500E-03,+133.46800E-03
+19.50000E-03,+60.69687E-03
+19.52500E-03,+64.50671E-03
+19.55000E-03,+12.68972E-03
+19.57500E-03,+117.10325E-03
+19.60000E-03,+47.24506E-03
+19.62500E-03,-393.57E-06
+19.65000E-03,+75.83523E-03
+19.67500E-03,-14.01192E-03
+19.70000E-03,-89.49534E-03
+19.72500E-03,+27.30245E-03
+19.75000E-03,+86.30479E-03
+19.77500E-03,+167.29085E-03
+19.80000E-03,+94.34247E-03
+19.82500E-03,+123.07020E-03
+19.85000E-03,+227.51896E-03
+19.87500E-03,+291.19943E-03
+19.90000E-03,+254.52843E-03
+19.92500E-03,+208.57775E-03
+19.95000E-03,+277.65154E-03
+19.97500E-03,+256.86074E-03
+20.00000E-03,+174.62980E-03
+20.02500E-03,+88.41733E-03
+20.05000E-03,+43.56829E-03
+20.07500E-03,+29.75943E-03
+20.10000E-03,+24.95032E-03
+20.12500E-03,+12.30414E-03
+20.15000E-03,+96.27840E-03
+20.17500E-03,+31.17845E-03
+20.20000E-03,+5.41414E-03
+20.22500E-03,+49.12250E-03
+20.25000E-03,-20.44943E-03
+20.27500E-03,+62.88776E-03
+20.30000E-03,+8.67018E-03
+20.32500E-03,+90.52742E-03
+20.35000E-03,+62.77002E-03
+20.37500E-03,+68.25351E-03
+20.40000E-03,+108.08545E-03
+20.42500E-03,-2.27064E-03
+20.45000E-03,+34.80542E-03
+20.47500E-03,-163.36260E-03
+20.50000E-03,+11.75205E-03
+20.52500E-03,-71.97906E-03
+20.55000E-03,+47.02910E-03
+20.57500E-03,-57.89818E-03
+20.60000E-03,-11.41069E-03
+20.62500E-03,-21.17214E-03
+20.65000E-03,+22.96491E-03
+20.67500E-03,-41.29066E-03
+20.70000E-03,-14.58452E-03
+20.72500E-03,+42.72643E-03
+20.75000E-03,-8.87500E-03
+20.77500E-03,+20.80607E-03
+20.80000E-03,+75.05431E-03
+20.82500E-03,+120.92460E-03
+20.85000E-03,+137.35411E-03
+20.87500E-03,+43.43974E-03
+20.90000E-03,+39.85251E-03
+20.92500E-03,+37.25619E-03
+20.95000E-03,+59.68119E-03
+20.97500E-03,-65.10825E-03
+21.00000E-03,-27.71867E-03
+21.02500E-03,-13.46855E-03
+21.05000E-03,+92.51867E-03
+21.07500E-03,-17.80570E-03
+21.10000E-03,-2.34205E-03
+21.12500E-03,+18.53543E-03
+21.15000E-03,-74.98954E-03
+21.17500E-03,-86.90392E-03
+21.20000E-03,-83.73564E-03
+21.22500E-03,-5.22888E-03
+21.25000E-03,-94.13485E-03
+21.27500E-03,-122.85250E-03
+21.30000E-03,-40.31363E-03
+21.32500E-03,-62.85225E-03
+21.35000E-03,-40.41886E-03
+21.37500E-03,-82.67711E-03
+21.40000E-03,+7.80500E-03
+21.42500E-03,+59.80240E-03
+21.45000E-03,-13.18573E-03
+21.47500E-03,-8.20798E-03
+21.50000E-03,+32.39305E-03
+21.52500E-03,-7.99202E-03
+21.55000E-03,-48.15069E-03
+21.57500E-03,-167.36402E-03
+21.60000E-03,-155.07973E-03
+21.62500E-03,-82.24872E-03
+21.65000E-03,-84.83425E-03
+21.67500E-03,-256.57235E-03
+21.70000E-03,-136.95356E-03
+21.72500E-03,-271.45991E-03
+21.75000E-03,-261.75663E-03
+21.77500E-03,-195.52992E-03
+21.80000E-03,-194.20495E-03
+21.82500E-03,-137.73311E-03
+21.85000E-03,-270.61421E-03
+21.87500E-03,-268.93533E-03
+21.90000E-03,-159.02406E-03
+21.92500E-03,-225.50290E-03
+21.95000E-03,-91.47656E-03
+21.97500E-03,-112.68807E-03
+22.00000E-03,-151.52976E-03
+22.02500E-03,-166.65034E-03
+22.05000E-03,-148.72306E-03
+22.07500E-03,-59.57948E-03
+22.10000E-03,-69.84358E-03
+22.12500E-03,-172.16553E-03
+22.15000E-03,-85.20206E-03
+22.17500E-03,-108.27737E-03
+22.20000E-03,+13.82936E-03
+22.22500E-03,-51.37290E-03
+22.25000E-03,-5.69838E-03
+22.27500E-03,+67.16158E-03
+22.30000E-03,+64.02256E-03
+22.32500E-03,+66.35521E-03
+22.35000E-03,+59.34267E-03
+22.37500E-03,+44.23045E-03
+22.40000E-03,+79.88748E-03
+22.42500E-03,+85.05017E-03
+22.45000E-03,+43.56549E-03
+22.47500E-03,+16.64063E-03
+22.50000E-03,+55.66725E-03
+22.52500E-03,-122.70271E-03
+22.55000E-03,-70.70459E-03
+22.57500E-03,-87.31384E-03
+22.60000E-03,-237.57958E-03
+22.62500E-03,-37.28160E-03
+22.65000E-03,+27.22550E-03
+22.67500E-03,-87.02929E-03
+22.70000E-03,-239.99130E-03
+22.72500E-03,-265.32752E-03
+22.75000E-03,-250.06726E-03
+22.77500E-03,-169.78064E-03
+22.80000E-03,-147.55063E-03
+22.82500E-03,-195.62258E-03
+22.85000E-03,-134.68047E-03
+22.87500E-03,-2.95720E-03
+22.90000E-03,-170.95581E-03
+22.92500E-03,-232.17237E-03
+22.95000E-03,-205.63446E-03
+22.97500E-03,-126.40495E-03
+23.00000E-03,-64.31935E-03
+23.02500E-03,-50.58262E-03
+23.05000E-03,-52.88701E-03
+23.07500E-03,-29.25650E-03
+23.10000E-03,-160.61792E-03
+23.12500E-03,-118.31992E-03
+23.15000E-03,-9.55279E-03
+23.17500E-03,-24.17533E-03
+23.20000E-03,-19.13072E-03
+23.22500E-03,-26.75489E-03
+23.25000E-03,+174.50445E-03
+23.27500E-03,+142.08594E-03
+23.30000E-03,-61.58159E-03
+23.32500E-03,-60.40393E-03
+23.35000E-03,-54.17506E-03
+23.37500E-03,-14.05791E-03
+23.40000E-03,+34.78243E-03
+23.42500E-03,+120.12803E-03
+23.45000E-03,+155.76102E-03
+23.47500E-03,+121.40177E-03
+23.50000E-03,+64.98811E-03
+23.52500E-03,+104.31532E-03
+23.55000E-03,+102.51383E-03
+23.57500E-03,+47.76997E-03
+23.60000E-03,+106.65876E-03
+23.62500E-03,+104.93255E-03
+23.65000E-03,+17.61205E-03
+23.67500E-03,-81.65691E-03
+23.70000E-03,+85.02161E-03
+23.72500E-03,-33.93675E-03
+23.75000E-03,+24.35049E-03
+23.77500E-03,-123.25793E-03
+23.80000E-03,-59.42763E-03
+23.82500E-03,+110.97856E-03
+23.85000E-03,+57.33220E-03
+23.87500E-03,+57.77805E-03
+23.90000E-03,+90.60574E-03
+23.92500E-03,+80.04391E-03
+23.95000E-03,+29.58632E-03
+23.97500E-03,-15.41802E-03
+24.00000E-03,+17.18574E-03
+24.02500E-03,+106.52471E-03
+24.05000E-03,+204.10048E-03
+24.07500E-03,+49.45126E-03
+24.10000E-03,+56.36250E-03
+24.12500E-03,+46.45964E-03
+24.15000E-03,-17.04363E-03
+24.17500E-03,-1.41417E-03
+24.20000E-03,+1.05190E-03
+24.22500E-03,+16.70190E-03
+24.25000E-03,-33.57728E-03
+24.27500E-03,-12.45737E-03
+24.30000E-03,-77.58165E-03
+24.32500E-03,-121.28719E-03
+24.35000E-03,-25.77302E-03
+24.37500E-03,-57.94868E-03
+24.40000E-03,+73.50784E-03
+24.42500E-03,+165.57541E-03
+24.45000E-03,+104.46998E-03
+24.47500E-03,+132.01310E-03
+24.50000E-03,+211.31408E-03
+24.52500E-03,+108.87752E-03
+24.55000E-03,+52.88358E-03
+24.57500E-03,+117.69994E-03
+24.60000E-03,+311.44827E-03
+24.62500E-03,+333.13276E-03
+24.65000E-03,+326.74819E-03
+24.67500E-03,+243.79071E-03
+24.70000E-03,+268.28263E-03
+24.72500E-03,+191.71172E-03
+24.75000E-03,+12.67509E-03
+24.77500E-03,+128.80270E-03
+24.80000E-03,+119.19245E-03
+24.82500E-03,+242.03832E-03
+24.85000E-03,+132.96332E-03
+24.87500E-03,+164.93980E-03
+24.90000E-03,+199.32101E-03
+24.92500E-03,+130.48123E-03
+24.95000E-03,+113.20843E-03
+24.97500E-03,+83.51416E-03
