x-axis,1,3
second,Volt,Volt
-25.00000E-03,-116.63185E-03,-1.20502089E+00
-24.97500E-03,-13.44E-06,-1.27411210E+00
-24.95000E-03,-51.83185E-03,-446.73130E-03
-24.92500E-03,-138.19586E-03,+58.57915E-03
-24.90000E-03,+73.47695E-03,+634.69449E-03
-24.87500E-03,-2.15905E-03,-29.60654E-03
-24.85000E-03,-86.37745E-03,-1.20051373E+00
-24.82500E-03,-49.68625E-03,-1.37913868E+00
-24.80000E-03,+4.38574E-03,+803.34726E-03
-24.77500E-03,-49.68625E-03,+832.64380E-03
-24.75000E-03,-99.25107E-03,+626.54399E-03
-24.72500E-03,+73.36897E-03,-963.51166E-03
-24.70000E-03,-56.12306E-03,+234.30265E-03
-24.67500E-03,-97.10547E-03,-582.99799E-03
-24.65000E-03,-64.70547E-03,-1.62578899E+00
-24.62500E-03,-134.01263E-03,-740.89489E-03
-24.60000E-03,-116.63185E-03,-1.33548471E+00
-24.57500E-03,-60.30628E-03,+478.29534E-03
-24.55000E-03,-112.12469E-03,+1.08915832E+00
-24.52500E-03,-116.63185E-03,-22.62985E-03
-24.50000E-03,-14.92469E-03,+1.18356486E+00
-24.47500E-03,-144.63267E-03,-819.12232E-03
-24.45000E-03,-116.63185E-03,-1.39190432E+00
-24.42500E-03,-107.83348E-03,-1.52846709E+00
-24.40000E-03,-49.68625E-03,-260.07775E-03
-24.37500E-03,-153.43103E-03,-100.62740E-03
-24.35000E-03,-77.57909E-03,-641.54928E-03
-24.32500E-03,-181.32388E-03,-1.36463148E+00
-24.30000E-03,-131.65107E-03,+456.16359E-03
-24.27500E-03,-146.56232E-03,-144.15946E-03
-24.25000E-03,-215.76150E-03,-1.47471903E+00
-24.22500E-03,-183.46948E-03,+200.51289E-03
-24.20000E-03,-34.23512E-03,+252.35915E-03
-24.17500E-03,-187.43676E-03,-772.76893E-03
-24.15000E-03,-153.10710E-03,-1.10671326E+00
-24.12500E-03,+11.14648E-03,+428.16278E-03
-24.10000E-03,-88.30710E-03,-478.91534E-03
-24.07500E-03,-49.68625E-03,+302.13993E-03
-24.05000E-03,-252.02080E-03,-506.78033E-03
-24.02500E-03,-58.05271E-03,+560.67815E-03
-24.00000E-03,-205.03349E-03,+98.71168E-03
-23.97500E-03,-116.63185E-03,-1.23987649E+00
-23.95000E-03,-261.46703E-03,-341.13698E-03
-23.92500E-03,-122.96068E-03,-642.45488E-03
-23.90000E-03,-116.63185E-03,+375.10437E-03
-23.87500E-03,-157.50629E-03,-151.56806E-03
-23.85000E-03,-174.77909E-03,-1.34121794E+00
-23.82500E-03,-175.10302E-03,-1.43465615E+00
-23.80000E-03,-168.12633E-03,-61.80451E-03
-23.77500E-03,-135.72633E-03,-984.85972E-03
-23.75000E-03,-16.00445E-03,-510.20772E-03
-23.72500E-03,-137.87193E-03,-55.38163E-03
-23.70000E-03,-172.41753E-03,-825.68103E-03
-23.67500E-03,-73.07193E-03,-645.16477E-03
-23.65000E-03,-58.70056E-03,-1.52039670E+00
-23.62500E-03,-116.63185E-03,-1.10230361E+00
-23.60000E-03,-183.57746E-03,-896.02617E-03
-23.57500E-03,-203.21181E-03,-316.98153E-03
-23.55000E-03,-116.63185E-03,-1.29486455E+00
-23.52500E-03,-64.59749E-03,+535.87484E-03
-23.50000E-03,-81.87029E-03,-1.49725483E+00
-23.47500E-03,-131.11119E-03,+9.59599E-03
-23.45000E-03,-116.84780E-03,-394.97908E-03
-23.42500E-03,-217.69115E-03,-904.80014E-03
-23.40000E-03,-219.62080E-03,+463.47814E-03
-23.37500E-03,-198.92061E-03,-1.07663303E+00
-23.35000E-03,-175.85886E-03,-1.64217358E+00
-23.32500E-03,-135.83430E-03,-838.07049E-03
-23.30000E-03,-226.05761E-03,+17.12304E-03
-23.27500E-03,-129.82940E-03,-1.18724654E+00
-23.25000E-03,-242.37255E-03,-1.75862830E+00
-23.22500E-03,-92.38236E-03,+619.91908E-03
-23.20000E-03,-126.92796E-03,+69.59276E-03
-23.17500E-03,-94.52796E-03,-559.57052E-03
-23.15000E-03,-129.07356E-03,-1.71421849E+00
-23.12500E-03,-143.66088E-03,-676.30036E-03
-23.10000E-03,-49.68625E-03,+532.17923E-03
-23.07500E-03,-67.49893E-03,-745.90014E-03
-23.05000E-03,-116.63185E-03,-393.29324E-03
-23.02500E-03,-100.96477E-03,-1.39160825E+00
-23.00000E-03,-49.68625E-03,-1.54831740E+00
-22.97500E-03,-103.11037E-03,-1.14828782E+00
-22.95000E-03,-14.27683E-03,+647.32430E-03
-22.92500E-03,-38.31037E-03,-602.51044E-03
-22.90000E-03,-50.96804E-03,-644.90703E-03
-22.87500E-03,-121.24699E-03,-655.66290E-03
-22.85000E-03,-75.00158E-03,-754.40244E-03
-22.82500E-03,-109.54718E-03,-1.31216521E+00
-22.80000E-03,-10.20158E-03,+202.62016E-03
-22.77500E-03,-116.63185E-03,-649.96800E-03
-22.75000E-03,-64.48951E-03,-1.67430191E+00
-22.72500E-03,-148.70792E-03,-1.45883600E+00
-22.70000E-03,-99.03512E-03,-1.20885233E+00
-22.67500E-03,-117.27971E-03,-1.79198270E+00
-22.65000E-03,-33.58726E-03,+594.86149E-03
-22.62500E-03,-51.18399E-03,+87.68759E-03
-22.60000E-03,-3.33286E-03,-973.19824E-03
-22.57500E-03,-44.22123E-03,-667.17807E-03
-22.55000E-03,-20.92959E-03,+573.98367E-03
-22.52500E-03,+5.68146E-03,+134.63657E-03
-22.50000E-03,-36.38072E-03,-753.05100E-03
-22.47500E-03,+9.32481E-03,-614.41227E-03
-22.45000E-03,-49.68625E-03,-773.21822E-03
-22.42500E-03,-88.19913E-03,+771.29905E-03
-22.40000E-03,-38.52632E-03,-836.74345E-03
-22.37500E-03,-43.57337E-03,-1.35577038E+00
-22.35000E-03,+14.04792E-03,+1.28571786E+00
-22.32500E-03,-90.34473E-03,-119.15759E-03
-22.30000E-03,-89.58889E-03,-1.09804728E+00
-22.27500E-03,-41.42776E-03,-1.17725341E+00
-22.25000E-03,-116.63185E-03,-856.63901E-03
-22.22500E-03,-25.54473E-03,-291.92394E-03
-22.20000E-03,-35.94881E-03,-1.25300440E+00
-22.17500E-03,-39.28216E-03,-1.17876508E+00
-22.15000E-03,+28.85119E-03,-699.73831E-03
-22.12500E-03,-27.69033E-03,-1.19356144E+00
-22.10000E-03,+21.98247E-03,-485.25465E-03
-22.07500E-03,+59.10559E-03,-543.87558E-03
-22.05000E-03,-12.56313E-03,-31.06249E-03
-22.02500E-03,-29.83593E-03,-1.59657258E+00
-22.00000E-03,+22.41438E-03,-1.74044644E+00
-21.97500E-03,-12.13123E-03,+184.50794E-03
-21.95000E-03,+20.26878E-03,+413.71129E-03
-21.92500E-03,+151.15057E-03,-609.14582E-03
-21.90000E-03,+18.55508E-03,-2.05112699E+00
-21.87500E-03,+418.46E-06,-1.78985448E+00
-21.85000E-03,+50.09127E-03,-3.05822E-03
-21.82500E-03,+115.32317E-03,-936.22144E-03
-21.80000E-03,+146.00948E-03,-678.13597E-03
-21.77500E-03,+84.20496E-03,-38.95872E-03
-21.75000E-03,+114.89127E-03,-108.63861E-03
-21.72500E-03,+44.08636E-03,-628.24030E-03
-21.70000E-03,+9.54076E-03,-1.45098502E+00
-21.67500E-03,-323.44E-06,-398.28802E-03
-21.65000E-03,-21.14554E-03,-64.44476E-03
-21.62500E-03,-4.61465E-03,-864.99856E-03
-21.60000E-03,+29.26917E-03,-1.67209358E+00
-21.57500E-03,+104.59516E-03,+864.51784E-03
-21.55000E-03,+3.10395E-03,+1.05122711E+00
-21.52500E-03,+35.50395E-03,-1.30580507E+00
-21.50000E-03,+108.65648E-03,-594.91721E-03
-21.47500E-03,+58.78166E-03,+138.11623E-03
-21.45000E-03,-25.43675E-03,-631.52484E-03
-21.42500E-03,+10.28267E-03,-1.36251028E+00
-21.40000E-03,-49.68625E-03,-1.57593155E+00
-21.37500E-03,-10.30955E-03,-1.80357799E+00
-21.35000E-03,+61.46714E-03,+554.49908E-03
-21.32500E-03,+12.42827E-03,-1.48936908E+00
-21.30000E-03,+84.20496E-03,-152.26818E-03
-21.27500E-03,+91.72154E-03,-779.74217E-03
-21.25000E-03,+57.17594E-03,-642.87988E-03
-21.22500E-03,+153.83606E-03,-770.92987E-03
-21.20000E-03,+98.79228E-03,-1.13312920E+00
-21.17500E-03,+55.57022E-03,+1.42198455E+00
-21.15000E-03,+84.20496E-03,-519.52859E-03
-21.12500E-03,+19.41889E-03,-850.85708E-03
-21.10000E-03,+151.16450E-03,+1.00412836E+00
-21.07500E-03,+16.19352E-03,-1.16355431E+00
-21.05000E-03,+1.59228E-03,-925.89747E-03
-21.02500E-03,+85.81068E-03,-1.45625147E+00
-21.00000E-03,+113.39352E-03,+67.08489E-03
-20.97500E-03,+84.20496E-03,-1.77272799E+00
-20.95000E-03,+43.64053E-03,-1.14431709E+00
-20.92500E-03,+9.75671E-03,-1.85514211E+00
-20.90000E-03,-24.78889E-03,-991.46367E-03
-20.87500E-03,+36.25979E-03,-1.31115164E+00
-20.85000E-03,-26.93449E-03,-1.34856737E+00
-20.82500E-03,+5.46551E-03,-1.79989631E+00
-20.80000E-03,+37.86551E-03,+1.58096121E+00
-20.77500E-03,+29.82298E-03,+351.60023E-03
-20.75000E-03,+8.02909E-03,-1.60456986E+00
-20.72500E-03,-49.68625E-03,-1.59865199E+00
-20.70000E-03,-49.68625E-03,-1.34285497E+00
-20.67500E-03,-971.30E-06,-133.44192E-03
-20.65000E-03,+91.28963E-03,-834.15201E-03
-20.62500E-03,+7.07123E-03,+109.14362E-03
-20.60000E-03,+135.71337E-03,+154.67843E-03
-20.57500E-03,-27.78438E-03,+422.02549E-03
-20.55000E-03,+136.33337E-03,-1.10897732E+00
-20.52500E-03,+101.81563E-03,+118.06044E-03
-20.50000E-03,+32.72442E-03,+1.51919848E+00
-20.47500E-03,-2.80691E-03,+200.31432E-03
-20.45000E-03,+148.35711E-03,-1.46422792E+00
-20.42500E-03,+227.12442E-03,+318.37475E-03
-20.40000E-03,+55.89415E-03,-97.13727E-03
-20.37500E-03,+169.07123E-03,-765.45093E-03
-20.35000E-03,+82.90925E-03,-1.17845864E+00
-20.32500E-03,+184.84629E-03,+1.23782494E+00
-20.30000E-03,+49.45734E-03,+10.10100E-03
-20.27500E-03,-65.46130E-03,-1.22346060E+00
-20.25000E-03,+15.76162E-03,-1.97841328E+00
-20.22500E-03,+65.43442E-03,-46.32207E-03
-20.20000E-03,+22.40045E-03,-246.93948E-03
-20.17500E-03,+44.51827E-03,-1.05791129E+00
-20.15000E-03,+80.56162E-03,-1.51333287E+00
-20.12500E-03,-3.65679E-03,-970.88538E-03
-20.10000E-03,+141.71827E-03,-608.72439E-03
-20.07500E-03,+49.75341E-03,-300.01527E-03
-20.05000E-03,+78.41601E-03,-839.57168E-03
-20.02500E-03,-28.86414E-03,-1.16404193E+00
-20.00000E-03,-36.79870E-03,+145.10685E-03
-19.97500E-03,+65.52847E-03,-784.79969E-03
-19.95000E-03,+9.32481E-03,-1.41279607E+00
-19.92500E-03,-7.94800E-03,-419.84858E-03
-19.90000E-03,+151.15057E-03,-322.92726E-03
-19.87500E-03,-49.68625E-03,-1.59617555E+00
-19.85000E-03,-2.90095E-03,-1.10991768E+00
-19.82500E-03,+2.14609E-03,+177.84816E-03
-19.80000E-03,-27.36640E-03,-512.99427E-03
-19.77500E-03,+27.35344E-03,-1.61203072E+00
-19.75000E-03,+59.75345E-03,-888.33543E-03
-19.72500E-03,+54.70640E-03,+429.04743E-03
-19.70000E-03,-29.51200E-03,-1.17018969E+00
-19.67500E-03,-46.78481E-03,-1.85437936E+00
-19.65000E-03,-11.48337E-03,-683.46515E-03
-19.62500E-03,-14.38481E-03,+134.04788E-03
-19.60000E-03,-769.28E-06,-772.20821E-03
-19.57500E-03,+84.96080E-03,-970.92728E-03
-19.55000E-03,+67.68800E-03,-1.09291310E+00
-19.52500E-03,+17.25936E-03,-707.04940E-03
-19.50000E-03,-81.45232E-03,-793.24626E-03
-19.47500E-03,+80.03566E-03,-1.71418016E+00
-19.45000E-03,-20.06578E-03,-496.18469E-03
-19.42500E-03,+12.33422E-03,+768.87130E-03
-19.40000E-03,+42.99267E-03,-1.41591702E+00
-19.37500E-03,+24.33010E-03,-41.97159E-03
-19.35000E-03,+42.58862E-03,-805.14453E-03
-19.32500E-03,-1.17333E-03,+280.64556E-03
-19.30000E-03,-5.92430E-03,-1.39400123E+00
-19.27500E-03,-49.68625E-03,-1.47725821E+00
-19.25000E-03,+15.34364E-03,+185.51105E-03
-19.22500E-03,-9.45967E-03,-175.00600E-03
-19.20000E-03,-40.24002E-03,-1.50607414E+00
-19.17500E-03,+9.43278E-03,-1.77706444E+00
-19.15000E-03,+100.95181E-03,-1.43943497E+00
-19.12500E-03,-31.88749E-03,+123.66820E-03
-19.10000E-03,+9.95874E-03,-1.73824512E+00
-19.07500E-03,-49.68625E-03,-1.41289702E+00
-19.05000E-03,+14.92566E-03,+1.81998698E+00
-19.02500E-03,+39.68718E-03,-618.85681E-03
-19.00000E-03,+17.25936E-03,-1.83302785E+00
-18.97500E-03,+17.25936E-03,-1.41857109E+00
-18.95000E-03,+54.81438E-03,-537.20187E-03
-18.92500E-03,+104.48718E-03,-1.16048572E+00
-18.90000E-03,+84.20496E-03,-1.83382202E+00
-18.87500E-03,+108.36041E-03,-194.39299E-03
-18.85000E-03,+17.25936E-03,-1.14527139E+00
-18.82500E-03,+4.72360E-03,-764.14128E-03
-18.80000E-03,+84.20496E-03,-1.62785804E+00
-18.77500E-03,+34.97800E-03,-1.10587374E+00
-18.75000E-03,-16.42243E-03,-1.50606712E+00
-18.72500E-03,+33.25037E-03,-68.84394E-03
-18.70000E-03,+19.82294E-03,-1.53875963E+00
-18.67500E-03,+76.93220E-03,+1.03728420E+00
-18.65000E-03,+115.32317E-03,-562.80291E-03
-18.62500E-03,+84.20496E-03,-563.41244E-03
-18.60000E-03,+77.35018E-03,-1.88658425E+00
-18.57500E-03,+63.50477E-03,-1.22219619E+00
-18.55000E-03,+8.25897E-03,-1.70964169E+00
-18.52500E-03,+84.20496E-03,-254.76951E-03
-18.50000E-03,-38.54025E-03,-1.49544352E+00
-18.47500E-03,+149.55878E-03,+1.27992545E+00
-18.45000E-03,+70.91337E-03,-425.57490E-03
-18.42500E-03,-21.02364E-03,-1.33930924E+00
-18.40000E-03,+158.86917E-03,+386.08321E-03
-18.37500E-03,+42.25076E-03,+232.95122E-03
-18.35000E-03,+115.98496E-03,-340.84447E-03
-18.32500E-03,+39.48516E-03,-1.39264979E+00
-18.30000E-03,-2.46905E-03,-1.38126679E+00
-18.27500E-03,+17.25936E-03,-1.33173684E+00
-18.25000E-03,+106.74076E-03,-838.49203E-03
-18.22500E-03,+145.88757E-03,-544.61749E-03
-18.20000E-03,+163.16038E-03,-432.82661E-03
-18.17500E-03,+92.58535E-03,+837.06382E-03
-18.15000E-03,+104.59516E-03,-1.39666231E+00
-18.12500E-03,+154.26796E-03,+7.87182E-03
-18.10000E-03,+122.83975E-03,-133.89121E-03
-18.07500E-03,+92.38333E-03,-1.55890958E+00
-18.05000E-03,+65.96037E-03,-578.81833E-03
-18.02500E-03,+85.17675E-03,-117.37079E-03
-18.00000E-03,+51.60294E-03,-987.25604E-03
-17.97500E-03,+50.83317E-03,-332.10171E-03
-17.95000E-03,+1.16037E-03,-831.39343E-03
-17.92500E-03,+19.60699E-03,-2.04362078E+00
-17.90000E-03,-1.18726E-03,-1.12977145E+00
-17.87500E-03,+146.65734E-03,-125.81046E-03
-17.85000E-03,+73.07290E-03,-303.84672E-03
-17.82500E-03,+87.52438E-03,-797.82296E-03
-17.80000E-03,+156.31952E-03,+906.47550E-03
-17.77500E-03,+95.71667E-03,+229.31478E-03
-17.75000E-03,+60.58940E-03,-1.40227018E+00
-17.72500E-03,+218.09617E-03,+1.09162440E+00
-17.70000E-03,+84.20496E-03,+578.42108E-03
-17.67500E-03,+4.18372E-03,-126.05427E-03
-17.65000E-03,+36.58372E-03,-1.21192448E+00
-17.62500E-03,+40.09123E-03,+117.25936E-03
-17.60000E-03,+9.55469E-03,-846.55183E-03
-17.57500E-03,-107.49E-06,+195.65037E-03
-17.55000E-03,-49.68625E-03,-562.11327E-03
-17.52500E-03,+17.25936E-03,-1.55958173E+00
-17.50000E-03,+30.14691E-03,-506.02795E-03
-17.47500E-03,+107.83446E-03,-716.68729E-03
-17.45000E-03,+78.83399E-03,+77.68755E-03
-17.42500E-03,+17.25936E-03,-1.51592776E+00
-17.40000E-03,+159.74691E-03,-564.47482E-03
-17.37500E-03,+84.20496E-03,-747.07752E-03
-17.35000E-03,+214.87081E-03,+412.13689E-03
-17.32500E-03,+137.10314E-03,-1.09023106E+00
-17.30000E-03,+222.40131E-03,+191.79453E-03
-17.27500E-03,+120.91010E-03,-490.31217E-03
-17.25000E-03,+82.04543E-03,-1.94898102E+00
-17.22500E-03,+68.01193E-03,-1.73526000E+00
-17.20000E-03,+117.68473E-03,+803.59798E-03
-17.17500E-03,+15.14161E-03,-617.33466E-03
-17.15000E-03,+87.40248E-03,-1.81585590E+00
-17.12500E-03,+114.47329E-03,+1.12062486E+00
-17.10000E-03,+115.53913E-03,-1.41729631E+00
-17.07500E-03,+112.32769E-03,-1.57582714E+00
-17.05000E-03,+23.68224E-03,-225.53905E-03
-17.02500E-03,-3.22488E-03,-1.82950285E+00
-17.00000E-03,+55.01640E-03,-1.55340277E+00
-16.97500E-03,-13.93897E-03,-1.62251493E+00
-16.95000E-03,-49.68625E-03,-1.78071124E+00
-16.92500E-03,+17.25936E-03,-1.24933665E+00
-16.90000E-03,+98.38823E-03,-372.93101E-03
-16.87500E-03,+84.20496E-03,-800.45629E-03
-16.85000E-03,-42.18360E-03,-1.63265760E+00
-16.82500E-03,+52.04877E-03,+587.74896E-03
-16.80000E-03,+25.00582E-03,+360.73991E-03
-16.77500E-03,+68.95586E-03,-1.07372814E+00
-16.75000E-03,+26.90761E-03,-1.39147230E+00
-16.72500E-03,+30.36286E-03,-1.03181918E+00
-16.70000E-03,+41.32076E-03,-667.32448E-03
-16.67500E-03,+22.73831E-03,-1.16358573E+00
-16.65000E-03,-93.04414E-03,-1.73295070E+00
-16.62500E-03,+34.88395E-03,+354.19858E-03
-16.60000E-03,+104.81111E-03,+509.92903E-03
-16.57500E-03,+147.81722E-03,-1.62725197E+00
-16.55000E-03,+109.33220E-03,+987.67402E-03
-16.52500E-03,+84.20496E-03,-83.28851E-03
-16.50000E-03,-98.17131E-03,+352.97953E-03
-16.47500E-03,+81.82948E-03,-97.07119E-03
-16.45000E-03,+86.81033E-03,-398.61541E-03
-16.42500E-03,-16.09850E-03,+100.53335E-03
-16.40000E-03,+944.42E-06,-1.02272830E+00
-16.37500E-03,+19.17508E-03,-1.55880149E+00
-16.35000E-03,+96.45858E-03,+85.77532E-03
-16.32500E-03,-18.24411E-03,-578.14250E-03
-16.30000E-03,-35.51691E-03,-698.82580E-03
-16.27500E-03,+148.04711E-03,+275.31994E-03
-16.25000E-03,+63.82870E-03,+815.01575E-03
-16.22500E-03,+554.30E-06,+259.55525E-03
-16.20000E-03,+5.23562E-03,-1.32138512E+00
-16.17500E-03,-44.43718E-03,-1.80623907E+00
-16.15000E-03,-72.20811E-03,-1.62611638E+00
-16.12500E-03,+4.61562E-03,-969.57930E-03
-16.10000E-03,+27.13749E-03,-864.76176E-03
-16.07500E-03,-49.68625E-03,-787.15E-06
-16.05000E-03,-14.46492E-03,+1.05695332E+00
-16.02500E-03,-133.56679E-03,+21.03449E-03
-16.00000E-03,-93.43426E-03,-903.45227E-03
-15.97500E-03,-59.22652E-03,-833.11393E-03
-15.95000E-03,-49.86041E-03,+1.64682705E+00
-15.92500E-03,-26.82652E-03,-617.19192E-03
-15.90000E-03,-49.68625E-03,-1.08210853E+00
-15.87500E-03,-17.79827E-03,+1.03190966E+00
-15.85000E-03,-78.64492E-03,-1.51794455E+00
-15.82500E-03,-158.06010E-03,-556.57860E-03
-15.80000E-03,-240.19909E-03,-840.88144E-03
-15.77500E-03,-91.18068E-03,-1.19673444E+00
-15.75000E-03,-40.21216E-03,+25.11320E-03
-15.72500E-03,-194.81750E-03,-309.32566E-03
-15.70000E-03,-112.74469E-03,-1.28060473E+00
-15.67500E-03,+1.28228E-03,+1.14494055E+00
-15.65000E-03,-116.63185E-03,+231.85752E-03
-15.62500E-03,-66.10916E-03,-464.73564E-03
-15.60000E-03,-183.57746E-03,-1.38970991E+00
-15.57500E-03,-152.87722E-03,-1.18987274E+00
-15.55000E-03,-187.42283E-03,+1.57430E-03
-15.52500E-03,-102.35454E-03,-111.68636E-03
-15.50000E-03,-186.57294E-03,-1.74762159E+00
-15.47500E-03,-183.57746E-03,-627.67590E-03
-15.45000E-03,-116.63185E-03,-762.10020E-03
-15.42500E-03,-140.89527E-03,-171.61349E-03
-15.40000E-03,-59.96843E-03,-381.10927E-03
-15.37500E-03,-116.92792E-03,+777.67658E-03
-15.35000E-03,-223.26415E-03,-371.60031E-03
-15.32500E-03,-163.60524E-03,-1.25126641E+00
-15.30000E-03,-49.68625E-03,-108.84053E-03
-15.27500E-03,-123.36473E-03,+874.65372E-03
-15.25000E-03,-133.35084E-03,+17.06721E-03
-15.22500E-03,-199.25847E-03,-335.33064E-03
-15.20000E-03,-77.98314E-03,+603.42997E-03
-15.17500E-03,-143.33695E-03,-778.83646E-03
-15.15000E-03,-160.60975E-03,-655.75349E-03
-15.12500E-03,-110.93695E-03,-25.68807E-03
-15.10000E-03,-171.99956E-03,-1.03937743E+00
-15.07500E-03,-165.08905E-03,+25.49641E-03
-15.05000E-03,-204.39956E-03,-342.35614E-03
-15.02500E-03,-183.57746E-03,-1.30598625E+00
-15.00000E-03,-144.07886E-03,+952.63388E-03
-14.97500E-03,-147.62816E-03,-543.07451E-03
-14.95000E-03,-164.90096E-03,+206.89041E-03
-14.92500E-03,-184.98115E-03,-1.29680122E+00
-14.90000E-03,-148.37006E-03,-1.18915178E+00
-14.87500E-03,-250.52306E-03,-1.26998113E+00
-14.85000E-03,-200.10835E-03,-526.43218E-03
-14.82500E-03,-184.31936E-03,-1.65212481E+00
-14.80000E-03,-152.66127E-03,+844.72670E-03
-14.77500E-03,-120.26127E-03,-474.26199E-03
-14.75000E-03,-212.34804E-03,-997.53142E-03
-14.72500E-03,-186.46497E-03,-1.38329048E+00
-14.70000E-03,-156.95248E-03,+468.61923E-03
-14.67500E-03,-154.06497E-03,-316.06557E-03
-14.65000E-03,-262.76275E-03,-910.52301E-03
-14.62500E-03,-250.52306E-03,-1.56794474E+00
-14.60000E-03,-116.60399E-03,+558.17719E-03
-14.57500E-03,-156.21057E-03,-372.24137E-03
-14.55000E-03,-193.67154E-03,-1.13969850E+00
-14.52500E-03,-130.98928E-03,-1.26929483E+00
-14.50000E-03,-232.48049E-03,-184.46605E-03
-14.47500E-03,-234.02002E-03,-513.46106E-03
-14.45000E-03,-116.63185E-03,-97.50655E-03
-14.42500E-03,-250.52306E-03,-389.72645E-03
-14.40000E-03,-236.77170E-03,+405.29603E-03
-14.37500E-03,-160.50177E-03,-346.65782E-03
-14.35000E-03,-305.86291E-03,-961.29998E-03
-14.32500E-03,-162.51154E-03,+1.23568279E+00
-14.30000E-03,-279.26579E-03,-591.60124E-03
-14.27500E-03,-275.60851E-03,-1.34706962E+00
-14.25000E-03,-243.20851E-03,-1.55040739E+00
-14.22500E-03,-223.29201E-03,-605.93773E-03
-14.20000E-03,-250.52306E-03,+520.43408E-03
-14.17500E-03,-97.84738E-03,-697.84008E-03
-14.15000E-03,-182.06578E-03,+147.49626E-03
-14.12500E-03,-250.52306E-03,-901.34478E-03
-14.10000E-03,-183.57746E-03,-257.24952E-03
-14.07500E-03,-149.90959E-03,-808.02869E-03
-14.05000E-03,-116.63185E-03,-978.19292E-03
-14.02500E-03,-134.53858E-03,-1.07967376E+00
-14.00000E-03,-218.75699E-03,-940.65193E-03
-13.97500E-03,-245.00232E-03,-581.81036E-03
-13.95000E-03,-250.52306E-03,-1.44524476E+00
-13.92500E-03,-203.62979E-03,-1.11154781E+00
-13.90000E-03,-198.98680E-03,+634.52735E-03
-13.87500E-03,-116.63185E-03,-1.06533036E+00
-13.85000E-03,-64.46166E-03,-1.18422654E+00
-13.82500E-03,-161.02773E-03,-48.61733E-03
-13.80000E-03,-144.10671E-03,+27.86487E-03
-13.77500E-03,-106.42979E-03,-1.35864061E+00
-13.75000E-03,-116.63185E-03,-1.53553426E+00
-13.72500E-03,-189.66248E-03,+340.81650E-03
-13.70000E-03,-116.63185E-03,-381.84783E-03
-13.67500E-03,-175.52100E-03,-1.33776280E+00
-13.65000E-03,-68.11893E-03,-450.18655E-03
-13.62500E-03,-102.66454E-03,-168.56574E-03
-13.60000E-03,-70.26454E-03,-535.03554E-03
-13.57500E-03,-55.59710E-03,-702.86272E-03
-13.55000E-03,-116.63185E-03,-635.37021E-03
-13.52500E-03,-11.37539E-03,+728.29985E-03
-13.50000E-03,-70.72430E-03,-1.30261803E+00
-13.47500E-03,-45.92099E-03,+246.01984E-03
-13.45000E-03,-63.19380E-03,-631.30198E-03
-13.42500E-03,-49.68625E-03,+176.17269E-03
-13.40000E-03,-78.84695E-03,-536.80495E-03
-13.37500E-03,-113.39255E-03,-217.57330E-03
-13.35000E-03,-65.33940E-03,-1.07616614E+00
-13.32500E-03,-49.68625E-03,-1.24341532E+00
-13.30000E-03,-150.08376E-03,-1.00359906E+00
-13.27500E-03,-116.63185E-03,-1.00102835E+00
-13.25000E-03,+30.80870E-03,+1.34396260E+00
-13.22500E-03,-116.63185E-03,-1.45691682E+00
-13.20000E-03,-116.63185E-03,-603.88985E-03
-13.17500E-03,-119.30341E-03,-1.71669839E+00
-13.15000E-03,-2.68500E-03,+303.49147E-03
-13.12500E-03,-49.68625E-03,-1.32438752E+00
-13.10000E-03,-133.75489E-03,-476.37973E-03
-13.07500E-03,+17.25936E-03,+440.70555E-03
-13.05000E-03,-26.92057E-03,-103.01692E-03
-13.02500E-03,-22.10341E-03,-850.17790E-03
-13.00000E-03,+17.25936E-03,-1.53424567E+00
-12.97500E-03,-3.62893E-03,-1.23875138E+00
-12.95000E-03,-49.68625E-03,-1.46247232E+00
-12.92500E-03,-49.68625E-03,-678.92679E-03
-12.90000E-03,-41.52181E-03,-1.54136522E+00
-12.87500E-03,+56.87986E-03,-812.45563E-03
-12.85000E-03,-61.88415E-03,+1.11992129E+00
-12.82500E-03,+20.18866E-03,-573.07473E-03
-12.80000E-03,-55.70508E-03,-543.79903E-03
-12.77500E-03,+106.13469E-03,+109.07041E-03
-12.75000E-03,-11.26741E-03,-1.23999149E+00
-12.72500E-03,-7.39418E-03,-929.92057E-03
-12.70000E-03,-45.81302E-03,-1.03072559E+00
-12.67500E-03,+3.85979E-03,-1.67343108E+00
-12.65000E-03,+22.86021E-03,-1.65683756E+00
-12.62500E-03,-11.68539E-03,-741.73095E-03
-12.60000E-03,+85.93259E-03,-1.99238772E+00
-12.57500E-03,+53.11461E-03,+1.40460723E+00
-12.55000E-03,+18.56901E-03,-363.54029E-03
-12.52500E-03,+50.96901E-03,-1.10152348E+00
-12.50000E-03,+18.09531E-03,-1.11843034E+00
-12.47500E-03,+17.25936E-03,-1.02187485E+00
-12.45000E-03,+46.25982E-03,+298.13421E-03
-12.42500E-03,+46.67780E-03,-1.52296384E+00
-12.40000E-03,+143.45983E-03,-520.47586E-03
-12.37500E-03,-49.68625E-03,-1.07358517E+00
-12.35000E-03,+151.15057E-03,-1.14311196E+00
-12.32500E-03,+54.95021E-03,-1.20016907E+00
-12.30000E-03,+137.02302E-03,+360.30801E-03
-12.27500E-03,+85.20461E-03,+1.69462246E+00
-12.25000E-03,+72.64099E-03,+69.07026E-03
-12.22500E-03,-49.68625E-03,-74.27765E-03
-12.20000E-03,+137.44100E-03,-618.26801E-03
-12.17500E-03,+60.07738E-03,-253.84987E-03
-12.15000E-03,+125.60536E-03,-1.12133546E+00
-12.12500E-03,+126.33333E-03,-1.67823799E+00
-12.10000E-03,+75.20457E-03,-826.40556E-03
-12.07500E-03,+139.27660E-03,+1.35153834E+00
-12.05000E-03,+37.40574E-03,-697.98995E-03
-12.02500E-03,+157.27738E-03,-807.67691E-03
-12.00000E-03,+17.25936E-03,+390.24906E-03
-11.97500E-03,+161.25858E-03,+713.69860E-03
-11.95000E-03,+59.76737E-03,+205.14184E-03
-11.92500E-03,+84.20496E-03,-1.15179544E+00
-11.90000E-03,+84.20496E-03,-1.28477047E+00
-11.87500E-03,+84.20496E-03,-1.92978893E+00
-11.85000E-03,+7.63897E-03,-756.30434E-03
-11.82500E-03,+78.69816E-03,-1.71024441E+00
-11.80000E-03,+135.71337E-03,-170.42207E-03
-11.77500E-03,+118.44057E-03,-1.62872531E+00
-11.75000E-03,+118.13057E-03,+508.88403E-03
-11.72500E-03,+150.84057E-03,+142.26123E-03
-11.70000E-03,+115.98496E-03,-1.68849209E+00
-11.67500E-03,+145.61936E-03,+1.45344408E+00
-11.65000E-03,+218.09617E-03,-1.20877589E+00
-11.62500E-03,+79.29376E-03,-1.36475673E+00
-11.60000E-03,+111.69376E-03,+1.30011017E+00
-11.57500E-03,+174.03815E-03,+449.16595E-03
-11.55000E-03,+205.42458E-03,-1.04364802E+00
-11.52500E-03,+262.03574E-03,+699.59200E-03
-11.50000E-03,+107.40255E-03,-101.42858E-03
-11.47500E-03,+139.80255E-03,+962.75226E-03
-11.45000E-03,+84.20496E-03,-1.35196701E+00
-11.42500E-03,+70.71134E-03,-1.32385098E+00
-11.40000E-03,+103.11134E-03,+1.10073611E+00
-11.37500E-03,+135.51135E-03,-304.00706E-03
-11.35000E-03,+259.90061E-03,-116.74042E-03
-11.32500E-03,+191.41893E-03,+316.94320E-03
-11.30000E-03,+165.76574E-03,+393.89921E-03
-11.27500E-03,+64.27453E-03,-876.42680E-03
-11.25000E-03,+132.44621E-03,-876.21430E-03
-11.22500E-03,+129.07454E-03,-1.07399970E+00
-11.20000E-03,+94.52893E-03,+1.15904359E+00
-11.17500E-03,+151.15057E-03,-611.26022E-03
-11.15000E-03,+142.97221E-03,-1.63987487E+00
-11.12500E-03,+124.78333E-03,+691.71327E-03
-11.10000E-03,+120.69415E-03,+327.23218E-03
-11.07500E-03,-49.68625E-03,+852.32340E-03
-11.05000E-03,+23.09010E-03,-620.86658E-03
-11.02500E-03,+1.93014E-03,-1.94705126E+00
-11.00000E-03,-15.34267E-03,-65.69156E-03
-10.97500E-03,+50.06341E-03,-1.08788366E+00
-10.95000E-03,+17.05734E-03,-1.93111931E+00
-10.92500E-03,+17.25936E-03,-1.43169888E+00
-10.90000E-03,+113.85329E-03,+1.10077800E+00
-10.87500E-03,+54.35462E-03,-1.34398020E+00
-10.85000E-03,+151.15057E-03,+250.13699E-03
-10.82500E-03,+131.53014E-03,+237.71623E-03
-10.80000E-03,+114.25734E-03,-272.17135E-03
-10.77500E-03,+96.98454E-03,+303.66197E-03
-10.75000E-03,+12.76613E-03,-1.38652622E+00
-10.72500E-03,+85.85247E-03,+1.78741281E+00
-10.70000E-03,+73.07290E-03,-395.57133E-03
-10.67500E-03,+38.52730E-03,-1.51920561E+00
-10.65000E-03,+131.23407E-03,-905.71610E-03
-10.62500E-03,+60.29333E-03,-846.45098E-03
-10.60000E-03,+27.59726E-03,+1.02994524E+00
-10.57500E-03,-49.68625E-03,-581.68845E-03
-10.55000E-03,+57.85165E-03,-1.82389497E+00
-10.52500E-03,-8.79788E-03,-359.55206E-03
-10.50000E-03,-2.45512E-03,-142.32051E-03
-10.47500E-03,-43.34348E-03,-306.53220E-03
-10.45000E-03,-60.61629E-03,-1.75697723E+00
-10.42500E-03,-403.56E-06,-1.00731183E+00
-10.40000E-03,-6.74632E-03,-758.03898E-03
-10.37500E-03,-32.89761E-03,-1.63964499E+00
-10.35000E-03,+111.92364E-03,-298.63587E-03
-10.32500E-03,-80.03469E-03,-259.76062E-03
-10.30000E-03,+36.58372E-03,-774.36785E-03
-10.27500E-03,-43.53158E-03,-1.24248899E+00
-10.25000E-03,+53.76247E-03,+131.07000E-03
-10.22500E-03,-15.23469E-03,-1.52996138E+00
-10.20000E-03,-17.09815E-03,-715.16870E-03
-10.17500E-03,-49.68625E-03,-2.00404196E+00
-10.15000E-03,-107.49E-06,-880.38004E-03
-10.12500E-03,-84.32590E-03,-1.81219873E+00
-10.10000E-03,+47.32566E-03,-202.02121E-03
-10.07500E-03,-54.16555E-03,-1.50615415E+00
-10.05000E-03,+112.12566E-03,+1.76009818E+00
-10.02500E-03,-26.15080E-03,+1.06084404E+00
-10.00000E-03,-8.51574E-03,-1.38976584E+00
-9.97500E-03,-40.91574E-03,-435.87079E-03
-9.95000E-03,+40.88885E-03,+1.20110576E+00
-9.92500E-03,-4.57286E-03,+197.55217E-03
-9.90000E-03,+84.20496E-03,-1.50675688E+00
-9.87500E-03,+64.61239E-03,+277.57007E-03
-9.85000E-03,+36.59765E-03,+243.94377E-03
-9.82500E-03,-80.10088E-03,-664.74352E-03
-9.80000E-03,+17.25936E-03,-109.39801E-03
-9.77500E-03,-67.03917E-03,-1.42330100E+00
-9.75000E-03,-19.59209E-03,-497.18088E-03
-9.72500E-03,-2.23916E-03,-689.92647E-03
-9.70000E-03,-116.63185E-03,-1.51079736E+00
-9.67500E-03,-71.33037E-03,-1.29008551E+00
-9.65000E-03,-67.02524E-03,+313.86425E-03
-9.62500E-03,+36.62550E-03,-791.15649E-03
-9.60000E-03,-112.32672E-03,-1.69602983E+00
-9.57500E-03,+138.18290E-03,+255.13879E-03
-9.55000E-03,+30.18869E-03,-489.88004E-03
-9.52500E-03,+84.20496E-03,-1.31958785E+00
-9.50000E-03,+15.09983E-03,-1.85072220E+00
-9.47500E-03,+38.86515E-03,+470.85532E-03
-9.45000E-03,+19.43282E-03,-818.34564E-03
-9.42500E-03,-34.60083E-03,-880.65182E-03
-9.40000E-03,+84.16318E-03,-133.55692E-03
-9.37500E-03,-32.42737E-03,-974.92565E-03
-9.35000E-03,+13.02387E-03,-26.88294E-03
-9.32500E-03,-49.68625E-03,-72.57097E-03
-9.30000E-03,+77.80994E-03,-1.82418046E+00
-9.27500E-03,+17.25936E-03,+255.17000E-03
-9.25000E-03,+77.79601E-03,+157.05381E-03
-9.22500E-03,+84.20496E-03,-1.59447934E+00
-9.20000E-03,+71.37313E-03,-1.60222202E+00
-9.17500E-03,-4.29072E-03,-1.74058573E+00
-9.15000E-03,-10.86336E-03,-338.42731E-03
-9.12500E-03,+38.95920E-03,-1.53997545E+00
-9.10000E-03,+125.45905E-03,-83.49745E-03
-9.07500E-03,-10.57777E-03,+1.35317192E+00
-9.05000E-03,+43.23648E-03,-721.41029E-03
-9.02500E-03,+49.38769E-03,-1.19759156E+00
-9.00000E-03,+67.06800E-03,-1.41442619E+00
-8.97500E-03,-34.42321E-03,-470.88663E-03
-8.95000E-03,+17.25936E-03,-927.05379E-03
-8.92500E-03,+23.81807E-03,-1.27220005E+00
-8.90000E-03,+62.77679E-03,-923.79355E-03
-8.87500E-03,-77.67313E-03,-308.32580E-03
-8.85000E-03,+15.37150E-03,+64.08930E-03
-8.82500E-03,-112.21874E-03,-992.44259E-03
-8.80000E-03,-8.46002E-03,+352.50594E-03
-8.77500E-03,-6.19251E-03,-438.20795E-03
-8.75000E-03,+8.93469E-03,+407.45556E-03
-8.72500E-03,+86.47247E-03,-1.78150908E+00
-8.70000E-03,+69.19967E-03,-1.32736195E+00
-8.67500E-03,+54.31628E-03,-138.71204E-03
-8.65000E-03,+34.65407E-03,-471.80995E-03
-8.62500E-03,+17.13745E-03,-1.80119225E+00
-8.60000E-03,+116.84878E-03,+213.01377E-03
-8.57500E-03,-19.06613E-03,+1.14777569E+00
-8.55000E-03,+32.50846E-03,-1.46275112E+00
-8.52500E-03,+13.21196E-03,-1.79352903E+00
-8.50000E-03,-30.38975E-03,-1.06283967E+00
-8.47500E-03,+41.44266E-03,-197.58726E-03
-8.45000E-03,+43.46636E-03,-1.11304577E+00
-8.42500E-03,-37.17834E-03,-1.51127419E+00
-8.40000E-03,+108.26636E-03,+1.89853834E+00
-8.37500E-03,+45.49006E-03,-1.69783045E+00
-8.35000E-03,+39.17516E-03,-1.24987675E+00
-8.32500E-03,+77.89006E-03,-1.65093696E+00
-8.30000E-03,+123.74535E-03,+977.46148E-03
-8.27500E-03,+17.25936E-03,-1.47280331E+00
-8.25000E-03,+34.88395E-03,-1.55723432E+00
-8.22500E-03,-49.68625E-03,-1.32823624E+00
-8.20000E-03,+182.10854E-03,+298.93540E-03
-8.17500E-03,+41.19885E-03,-448.70284E-03
-8.15000E-03,+131.15049E-03,-1.72197909E+00
-8.12500E-03,+129.93835E-03,-510.36439E-03
-8.10000E-03,+67.51383E-03,-295.11810E-03
-8.07500E-03,+15.69543E-03,-1.18020031E+00
-8.05000E-03,+142.10839E-03,-684.92824E-03
-8.02500E-03,+167.08932E-03,+1.19545621E+00
-8.00000E-03,-5.86858E-03,-535.56484E-03
-7.97500E-03,+123.50154E-03,-1.08054470E+00
-7.95000E-03,+151.15057E-03,-593.44052E-03
-7.92500E-03,+24.61570E-03,-1.65837353E+00
-7.90000E-03,+86.81033E-03,+506.90580E-03
-7.87500E-03,+133.64789E-03,-1.55329836E+00
-7.85000E-03,+150.69081E-03,-2.06290012E+00
-7.82500E-03,+50.11912E-03,-1.23175028E+00
-7.80000E-03,+48.20340E-03,+291.98311E-03
-7.77500E-03,-65.04333E-03,+146.85877E-03
-7.75000E-03,+84.20496E-03,-1.50707703E+00
-7.72500E-03,+17.25936E-03,-1.82629141E+00
-7.70000E-03,+84.20496E-03,-630.59851E-03
-7.67500E-03,+30.47084E-03,-1.53364316E+00
-7.65000E-03,+13.19804E-03,-1.52939687E+00
-7.62500E-03,+108.48232E-03,+158.90010E-03
-7.60000E-03,+73.93671E-03,-256.70629E-03
-7.57500E-03,+51.00734E-03,-1.32063285E+00
-7.55000E-03,+23.46629E-03,+665.91031E-03
-7.52500E-03,+37.24551E-03,-278.26317E-03
-7.50000E-03,+69.64551E-03,-1.28366986E+00
-7.47500E-03,+93.12524E-03,-1.34809378E+00
-7.45000E-03,-49.68625E-03,-1.61529777E+00
-7.42500E-03,+115.59484E-03,+46.11638E-03
-7.40000E-03,-49.68625E-03,-736.40165E-03
-7.37500E-03,+30.80870E-03,-99.21679E-03
-7.35000E-03,+17.25936E-03,-1.49258732E+00
-7.32500E-03,+45.03030E-03,-1.61809825E+00
-7.30000E-03,+61.06309E-03,-731.85984E-03
-7.27500E-03,+26.51749E-03,-1.73988237E+00
-7.25000E-03,+17.25936E-03,-1.11212580E+00
-7.22500E-03,-12.65718E-03,+105.44110E-03
-7.20000E-03,-29.92998E-03,-382.93462E-03
-7.17500E-03,+86.68843E-03,-1.28665153E+00
-7.15000E-03,+69.41562E-03,+497.41077E-03
-7.12500E-03,-113.81053E-03,+128.24857E-03
-7.10000E-03,+119.42629E-03,-592.27027E-03
-7.07500E-03,-49.01053E-03,-1.05592604E+00
-7.05000E-03,+117.28068E-03,+777.67647E-03
-7.02500E-03,-49.68625E-03,-31.66835E-03
-7.00000E-03,-3.29107E-03,-637.89913E-03
-6.97500E-03,+86.01271E-03,-217.16558E-03
-6.95000E-03,-68.76679E-03,-919.46746E-03
-6.92500E-03,+78.44387E-03,-637.47770E-03
-6.90000E-03,-9.72788E-03,-683.47217E-03
-6.87500E-03,-45.73290E-03,-1.77512064E+00
-6.85000E-03,+62.97881E-03,-432.68052E-03
-6.82500E-03,+74.15267E-03,-1.27196649E+00
-6.80000E-03,+50.68341E-03,-646.42583E-03
-6.77500E-03,+65.90811E-03,-1.59392520E+00
-6.75000E-03,+37.46146E-03,-1.04775793E+00
-6.72500E-03,+29.21690E-03,-387.27463E-03
-6.70000E-03,-22.60150E-03,-384.29998E-03
-6.67500E-03,+67.71586E-03,+259.53787E-03
-6.65000E-03,-33.77535E-03,-490.53492E-03
-6.62500E-03,-44.16551E-03,+240.17874E-03
-6.60000E-03,-35.92096E-03,-1.35203666E+00
-6.57500E-03,-70.46656E-03,-1.51660693E+00
-6.55000E-03,+28.87905E-03,-222.42512E-03
-6.52500E-03,+39.26920E-03,-895.96700E-03
-6.50000E-03,+7.78528E-03,-924.28139E-03
-6.47500E-03,+71.66920E-03,-519.55623E-03
-6.45000E-03,-42.35777E-03,+766.70486E-03
-6.42500E-03,-29.82201E-03,-1.00341442E+00
-6.40000E-03,-41.91193E-03,-58.73949E-03
-6.37500E-03,-64.36761E-03,-318.86226E-03
-6.35000E-03,-46.64897E-03,-442.86520E-03
-6.32500E-03,-63.47594E-03,-13.86647E-03
-6.30000E-03,-48.34874E-03,-1.78969792E+00
-6.27500E-03,-33.22154E-03,-197.57646E-03
-6.25000E-03,-83.78601E-03,-1.20878269E+00
-6.22500E-03,-116.63185E-03,-828.04281E-03
-6.20000E-03,-51.38601E-03,-1.65729711E+00
-6.17500E-03,+27.28725E-03,+1.23402135E+00
-6.15000E-03,-13.44087E-03,-1.11251625E+00
-6.12500E-03,-49.68625E-03,-1.12407320E+00
-6.10000E-03,+13.41399E-03,+627.15697E-03
-6.07500E-03,+17.25936E-03,+1.76170390E+00
-6.05000E-03,-88.07722E-03,-168.17227E-03
-6.02500E-03,-94.06819E-03,-1.06665751E+00
-6.00000E-03,-61.66819E-03,-1.15918287E+00
-5.97500E-03,-49.68625E-03,+484.34181E-03
-5.95000E-03,-49.68625E-03,-1.37085936E+00
-5.92500E-03,-49.68625E-03,-611.48654E-03
-5.90000E-03,-108.49527E-03,-1.57342358E+00
-5.87500E-03,-91.22247E-03,-600.07222E-03
-5.85000E-03,-110.78718E-03,-371.56554E-03
-5.82500E-03,-3.71251E-03,-286.86308E-03
-5.80000E-03,-137.19621E-03,-1.40652629E+00
-5.77500E-03,-53.56995E-03,+1.52014587E+00
-5.75000E-03,-50.27839E-03,-765.62520E-03
-5.72500E-03,-111.78683E-03,-1.17814184E+00
-5.70000E-03,-20.02399E-03,+1.13244646E+00
-5.67500E-03,-79.38683E-03,+1.15316415E+00
-5.65000E-03,-49.68625E-03,-259.29773E-03
-5.62500E-03,-122.03068E-03,-1.49331908E+00
-5.60000E-03,-64.25963E-03,-1.60669452E+00
-5.57500E-03,-81.53243E-03,+391.22787E-03
-5.55000E-03,-49.68625E-03,-728.44637E-03
-5.52500E-03,-51.90149E-03,-984.24684E-03
-5.50000E-03,-66.40524E-03,-787.39436E-03
-5.47500E-03,-150.62364E-03,-590.05469E-03
-5.45000E-03,-132.31286E-03,-1.04639969E+00
-5.42500E-03,+12.48399E-03,-1.73908431E+00
-5.40000E-03,-68.55084E-03,-789.31732E-03
-5.37500E-03,-60.34462E-03,+545.05631E-03
-5.35000E-03,-130.16726E-03,-502.64256E-03
-5.32500E-03,+9.78457E-03,+642.96680E-03
-5.30000E-03,-3.75084E-03,+438.34389E-03
-5.27500E-03,-78.34885E-03,-880.70753E-03
-5.25000E-03,-72.46585E-03,-1.15970570E+00
-5.22500E-03,-61.45224E-03,-793.81390E-03
-5.20000E-03,-206.73326E-03,-1.04338995E+00
-5.17500E-03,-90.11485E-03,-186.07555E-03
-5.15000E-03,-165.08905E-03,-1.07753885E+00
-5.12500E-03,-57.71485E-03,-243.69662E-03
-5.10000E-03,-100.28905E-03,-300.46802E-03
-5.07500E-03,-134.83466E-03,+420.78538E-03
-5.05000E-03,-42.58765E-03,-1.66151900E+00
-5.02500E-03,-70.03465E-03,+352.42917E-03
-5.00000E-03,-104.58026E-03,+850.22995E-03
-4.97500E-03,-49.68625E-03,-495.40467E-03
-4.95000E-03,-173.67147E-03,-1.61196821E+00
-4.92500E-03,-128.95166E-03,-986.51770E-03
-4.90000E-03,-183.57746E-03,-1.42768993E+00
-4.87500E-03,-176.87243E-03,-448.67855E-03
-4.85000E-03,-244.90828E-03,-786.07111E-03
-4.82500E-03,-145.56267E-03,-1.53268854E+00
-4.80000E-03,-176.63909E-03,+990.30735E-03
-4.77500E-03,-147.70827E-03,-825.92161E-03
-4.75000E-03,-115.97006E-03,-1.77245654E+00
-4.72500E-03,-133.24286E-03,+287.40274E-03
-4.70000E-03,-51.33030E-03,+490.17266E-03
-4.67500E-03,-163.99881E-03,-266.52169E-03
-4.65000E-03,-49.68625E-03,-1.14418449E+00
-4.62500E-03,-172.90170E-03,-1.06015774E+00
-4.60000E-03,-152.66127E-03,-40.66907E-03
-4.57500E-03,-130.27523E-03,-1.18629224E+00
-4.55000E-03,-120.26127E-03,-1.73494298E+00
-4.52500E-03,-70.58847E-03,+619.46623E-03
-4.50000E-03,-87.86127E-03,-24.86971E-03
-4.47500E-03,-195.07524E-03,-691.70290E-03
-4.45000E-03,-122.40687E-03,-1.10791126E+00
-4.42500E-03,+15.06150E-03,+1.69449008E+00
-4.40000E-03,-170.64812E-03,+317.20083E-03
-4.37500E-03,-164.87310E-03,-1.27640757E+00
-4.35000E-03,-116.63185E-03,-862.37224E-03
-4.32500E-03,-116.63185E-03,-959.58952E-03
-4.30000E-03,-134.61870E-03,+275.76567E-03
-4.27500E-03,-95.01213E-03,-1.42558287E+00
-4.25000E-03,-49.68625E-03,-638.28191E-03
-4.22500E-03,-77.02527E-03,-455.29989E-03
-4.20000E-03,-94.29808E-03,-736.23451E-03
-4.17500E-03,-44.62527E-03,-487.26107E-03
-4.15000E-03,-116.63185E-03,-1.52033386E+00
-4.12500E-03,-108.65551E-03,-592.82754E-03
-4.10000E-03,-136.82002E-03,-290.17213E-03
-4.07500E-03,-46.77088E-03,-1.60356342E+00
-4.05000E-03,-64.04368E-03,-444.74593E-03
-4.02500E-03,-46.00111E-03,-112.39361E-03
-4.00000E-03,-165.53489E-03,+402.16114E-03
-3.97500E-03,-51.22578E-03,-1.58206203E+00
-3.95000E-03,-66.18928E-03,-973.04492E-03
-3.92500E-03,-49.68625E-03,+1.26893613E+00
-3.90000E-03,-97.37714E-03,-734.82747E-03
-3.87500E-03,-51.06208E-03,+714.38825E-03
-3.85000E-03,-86.98353E-03,-1.63969357E+00
-3.82500E-03,-121.52913E-03,+1.24258282E+00
-3.80000E-03,-89.12913E-03,-1.24010314E+00
-3.77500E-03,+3.17359E-03,-1.82517676E+00
-3.75000E-03,-24.32913E-03,-916.44423E-03
-3.72500E-03,-96.94178E-03,+988.43331E-03
-3.70000E-03,-116.63185E-03,-1.13708633E+00
-3.67500E-03,+258.23E-06,-1.56951547E+00
-3.65000E-03,-72.62609E-03,-1.36372588E+00
-3.62500E-03,-63.16594E-03,+65.81347E-03
-3.60000E-03,-49.68625E-03,+141.17779E-03
-3.57500E-03,-57.49889E-03,-1.30766151E+00
-3.55000E-03,-74.77170E-03,-1.58991981E+00
-3.52500E-03,-158.99010E-03,-122.93677E-03
-3.50000E-03,-94.68820E-03,-986.69899E-03
-3.47500E-03,-173.61920E-03,-1.31347130E+00
-3.45000E-03,-104.14835E-03,-192.94383E-03
-3.42500E-03,-49.68625E-03,-820.09433E-03
-3.40000E-03,+12.09041E-03,-612.34690E-03
-3.37500E-03,+114.83901E-03,-1.04841961E+00
-3.35000E-03,-3.92500E-03,-80.51567E-03
-3.32500E-03,-9.09395E-03,-851.48777E-03
-3.30000E-03,-235.40634E-03,-1.12986928E+00
-3.27500E-03,-63.93570E-03,-945.84183E-03
-3.25000E-03,-41.88407E-03,-397.77254E-03
-3.22500E-03,-31.53570E-03,-1.15976833E+00
-3.20000E-03,-48.80850E-03,-1.76715521E+00
-3.17500E-03,+35.01978E-03,-989.14369E-03
-3.15000E-03,+16.86924E-03,-129.59989E-03
-3.12500E-03,+1.25442E-03,-666.70459E-03
-3.10000E-03,-49.68625E-03,-1.61785422E+00
-3.07500E-03,+47.12364E-03,+1.70350440E+00
-3.05000E-03,-13.87278E-03,-1.37636271E+00
-3.02500E-03,+98.06430E-03,-886.00897E-03
-3.00000E-03,-39.44585E-03,-546.57133E-03
-2.97500E-03,-116.63185E-03,-1.70898681E+00
-2.95000E-03,-29.67224E-03,-579.05534E-03
-2.92500E-03,-171.86372E-03,-917.21766E-03
-2.90000E-03,-38.56811E-03,-396.82494E-03
-2.87500E-03,-49.68625E-03,-937.23847E-03
-2.85000E-03,-22.84531E-03,-1.68627695E+00
-2.82500E-03,-59.25438E-03,-1.46304730E+00
-2.80000E-03,-101.22251E-03,-1.36305685E+00
-2.77500E-03,+9.27255E-03,+227.84835E-03
-2.75000E-03,-32.13130E-03,-354.37307E-03
-2.72500E-03,+203.25112E-03,-372.26922E-03
-2.70000E-03,+27.10963E-03,-399.48602E-03
-2.67500E-03,-9.86372E-03,-195.03404E-03
-2.65000E-03,+62.35881E-03,-1.08453293E+00
-2.62500E-03,-60.24010E-03,-875.88346E-03
-2.60000E-03,+60.21321E-03,+418.69917E-03
-2.57500E-03,+34.07585E-03,+652.63956E-03
-2.55000E-03,+11.52613E-03,-80.26528E-03
-2.52500E-03,+74.81100E-03,-1.46891637E+00
-2.50000E-03,+70.06348E-03,-1.20230376E+00
-2.47500E-03,-10.03788E-03,+400.15159E-03
-2.45000E-03,-13.16920E-03,-736.36710E-03
-2.42500E-03,-48.70053E-03,-1.88720803E+00
-2.40000E-03,+51.63080E-03,-131.98229E-03
-2.37500E-03,-16.30053E-03,+1.13615945E+00
-2.35000E-03,+100.31788E-03,-1.03909918E+00
-2.32500E-03,+17.25936E-03,+427.19109E-03
-2.30000E-03,+84.20496E-03,-336.65076E-03
-2.27500E-03,+12.79399E-03,-205.35467E-03
-2.25000E-03,-10.67527E-03,-94.39272E-03
-2.22500E-03,-46.38076E-03,-1.61414134E+00
-2.20000E-03,+89.41570E-03,-57.05344E-03
-2.17500E-03,+46.35387E-03,-317.21487E-03
-2.15000E-03,+96.02668E-03,-1.21259340E+00
-2.12500E-03,+73.30278E-03,-393.83647E-03
-2.10000E-03,+16.03328E-03,+1.51089465E+00
-2.07500E-03,+31.16048E-03,-1.55023668E+00
-2.05000E-03,-87.60353E-03,-915.52481E-03
-2.02500E-03,-49.68625E-03,-1.71969377E+00
-2.00000E-03,+51.67258E-03,+374.78378E-03
-1.97500E-03,-7.54395E-03,-485.49177E-03
-1.95000E-03,-34.62524E-03,-1.56489732E+00
-1.92500E-03,-49.68625E-03,-1.79653856E+00
-1.90000E-03,+43.09017E-03,+1.57731084E+00
-1.87500E-03,+17.25936E-03,-1.06701966E+00
-1.85000E-03,+84.20496E-03,+99.98634E-03
-1.82500E-03,+170.54457E-03,+608.14974E-03
-1.80000E-03,+101.45336E-03,+241.47759E-03
-1.77500E-03,-34.58345E-03,+576.58904E-03
-1.75000E-03,+77.72637E-03,-142.52945E-03
-1.72500E-03,+56.13796E-03,-1.33475997E+00
-1.70000E-03,+25.92535E-03,+288.04045E-03
-1.67500E-03,+5.41325E-03,-207.35720E-03
-1.65000E-03,+151.15057E-03,-1.88892518E+00
-1.62500E-03,+68.02586E-03,-473.65246E-03
-1.60000E-03,+117.74045E-03,-65.85915E-03
-1.57500E-03,+151.15057E-03,-1.26605575E+00
-1.55000E-03,+149.04675E-03,+271.99005E-03
-1.52500E-03,-19.39006E-03,-394.58540E-03
-1.50000E-03,+17.25936E-03,-154.58126E-03
-1.47500E-03,+98.28026E-03,-1.31181721E+00
-1.45000E-03,+141.55804E-03,-822.12806E-03
-1.42500E-03,+89.73963E-03,-587.57480E-03
-1.40000E-03,+46.46185E-03,-1.14441470E+00
-1.37500E-03,+206.16649E-03,-93.46963E-03
-1.35000E-03,+89.54808E-03,-836.03264E-03
-1.32500E-03,+38.97313E-03,-1.96403846E+00
-1.30000E-03,+98.43002E-03,-1.22371844E+00
-1.27500E-03,+103.77313E-03,-909.95537E-03
-1.25000E-03,+69.22753E-03,-1.21728120E+00
-1.22500E-03,-7.50216E-03,-681.38930E-03
-1.20000E-03,+136.32E-06,-1.16138452E+00
-1.17500E-03,+68.92800E-03,-1.37573936E+00
-1.15000E-03,+7.62504E-03,-305.33042E-03
-1.12500E-03,+57.29784E-03,-1.25883514E+00
-1.10000E-03,+106.97064E-03,-104.36835E-03
-1.07500E-03,+89.69784E-03,-1.68428835E+00
-1.05000E-03,+17.25936E-03,-1.68226422E+00
-1.02500E-03,+159.99072E-03,+180.57867E-03
-1.00000E-03,-8.44609E-03,-1.28666546E+00
-975.00E-06,-53.03352E-03,-960.66961E-03
-950.00E-06,+56.35391E-03,-1.21677976E+00
-925.00E-06,+57.55558E-03,+232.67944E-03
-900.00E-06,-1.21511E-03,-325.19844E-03
-875.00E-06,+19.66270E-03,-2.00561680E+00
-850.00E-06,+68.13383E-03,-546.10454E-03
-825.00E-06,+51.11877E-03,-67.46109E-03
-800.00E-06,+33.58823E-03,-205.72718E-03
-775.00E-06,+151.15057E-03,-830.64774E-03
-750.00E-06,+47.77150E-03,+1.14991794E+00
-725.00E-06,+115.66103E-03,-203.27180E-03
-700.00E-06,-7.13644E-03,-1.10460977E+00
-675.00E-06,+74.93636E-03,-1.62009388E+00
-650.00E-06,+84.20496E-03,+197.47928E-03
-625.00E-06,+75.88029E-03,-366.98204E-03
-600.00E-06,-37.64858E-03,-1.24323802E+00
-575.00E-06,+6.78908E-03,-52.35138E-03
-550.00E-06,+83.62675E-03,+282.77357E-03
-525.00E-06,+4.64348E-03,+579.21179E-03
-500.00E-06,+94.09703E-03,-968.30820E-03
-475.00E-06,+203.33469E-03,-612.48586E-03
-450.00E-06,+101.84348E-03,+704.93500E-03
-425.00E-06,+17.25936E-03,-540.34399E-03
-400.00E-06,+32.75227E-03,-1.52588634E+00
-375.00E-06,+17.25936E-03,-1.39842092E+00
-350.00E-06,+137.69874E-03,+507.72048E-03
-325.00E-06,+38.45765E-03,-374.86779E-03
-300.00E-06,+78.60411E-03,-1.13701668E+00
-275.00E-06,+107.54886E-03,-1.16557423E+00
-250.00E-06,-78.63100E-03,-1.76953048E+00
-225.00E-06,+104.93302E-03,-946.47598E-03
-200.00E-06,+24.16986E-03,-1.48705655E+00
-175.00E-06,+70.38741E-03,-1.33345032E+00
-150.00E-06,-44.92135E-03,+860.52606E-03
-125.00E-06,+102.78741E-03,-863.15259E-03
-100.00E-06,+17.25936E-03,-358.45524E-03
-75.00E-06,-65.64940E-03,+155.54214E-03
-50.00E-06,+17.73305E-03,+1.06828752E+00
-25.00E-06,+50.13305E-03,-667.39780E-03
+0.0E+00,+18.93127E-03,-1.16573101E+00
+25.00E-06,-849.40E-06,-962.47714E-03
+50.00E-06,+13.44185E-03,-1.31014163E+00
+75.00E-06,+45.84185E-03,-1.46003087E+00
+100.00E-06,+78.24185E-03,-1.65845343E+00
+125.00E-06,+43.69624E-03,+901.20549E-03
+150.00E-06,-20.26780E-03,-263.82540E-03
+175.00E-06,+41.55064E-03,-1.23697538E+00
+200.00E-06,+73.95064E-03,+731.27449E-03
+225.00E-06,+106.60493E-03,-620.07899E-03
+250.00E-06,+71.80504E-03,-42.21572E-03
+275.00E-06,+84.20496E-03,-1.36447502E+00
+300.00E-06,+69.65944E-03,-653.60066E-03
+325.00E-06,+59.65940E-03,-814.54530E-03
+350.00E-06,+67.51383E-03,-258.25986E-03
+375.00E-06,+9.40492E-03,-1.58011856E+00
+400.00E-06,+171.00434E-03,+417.45927E-03
+425.00E-06,+138.02267E-03,+925.85201E-03
+450.00E-06,-1.72368E-03,-63.93641E-03
+475.00E-06,+22.96819E-03,-1.73590462E+00
+500.00E-06,+72.64099E-03,-1.22933279E+00
+525.00E-06,+64.64025E-03,+844.51788E-03
+550.00E-06,+105.04099E-03,-866.82401E-03
+575.00E-06,+151.15057E-03,-1.41784343E+00
+600.00E-06,+30.96893E-03,-469.51069E-03
+625.00E-06,+94.16667E-03,+263.39338E-03
+650.00E-06,+6.38504E-03,+415.94727E-03
+675.00E-06,-46.85100E-03,-1.92614591E+00
+700.00E-06,+87.72986E-03,+1.77582098E+00
+725.00E-06,+85.58426E-03,+547.97848E-03
+750.00E-06,-16.59660E-03,-502.47519E-03
+775.00E-06,+82.74901E-03,-841.90171E-03
+800.00E-06,+97.14823E-03,-1.65341006E+00
+825.00E-06,+112.27543E-03,-301.68049E-03
+850.00E-06,+31.65858E-03,-862.98555E-03
+875.00E-06,+78.45780E-03,-1.79486989E+00
+900.00E-06,+90.71142E-03,-1.77374502E+00
+925.00E-06,+180.67699E-03,-1.00446989E+00
+950.00E-06,+41.76659E-03,-910.93407E-03
+975.00E-06,+141.11220E-03,+339.74721E-03
+1.00000E-03,+84.27461E-03,+1.58426324E+00
+1.02500E-03,+151.15057E-03,-1.29030870E+00
+1.05000E-03,+47.58340E-03,-640.29556E-03
+1.07500E-03,+203.76660E-03,+7.16479E-03
+1.10000E-03,+102.27539E-03,-1.43993642E+00
+1.12500E-03,+42.49457E-03,-846.10254E-03
+1.15000E-03,+9.29695E-03,-1.46839398E+00
+1.17500E-03,+160.46096E-03,+1.25911037E+00
+1.20000E-03,-9.32383E-03,-345.45571E-03
+1.22500E-03,-26.59664E-03,-666.84755E-03
+1.25000E-03,+156.96738E-03,-355.24380E-03
+1.27500E-03,+160.81620E-03,-51.19506E-03
+1.30000E-03,+170.12659E-03,+1.48229132E+00
+1.32500E-03,+193.03858E-03,-1.21249590E+00
+1.35000E-03,+154.82177E-03,-1.28837916E+00
+1.37500E-03,+70.60337E-03,-1.90061775E+00
+1.40000E-03,+156.34738E-03,-421.23511E-03
+1.42500E-03,+169.94897E-03,-1.20828481E+00
+1.45000E-03,+148.09937E-03,-692.15921E-03
+1.47500E-03,+135.40337E-03,-1.89418094E+00
+1.50000E-03,+52.09056E-03,+658.58885E-03
+1.52500E-03,+100.85776E-03,-791.04171E-03
+1.55000E-03,+84.20496E-03,+528.74482E-03
+1.57500E-03,+66.31216E-03,-1.91026255E+00
+1.60000E-03,+151.15057E-03,-491.00894E-03
+1.62500E-03,+218.09617E-03,-591.32968E-03
+1.65000E-03,+220.86178E-03,-1.14474867E+00
+1.67500E-03,+64.16656E-03,-515.97918E-03
+1.70000E-03,+173.10815E-03,-793.35791E-03
+1.72500E-03,-12.60146E-03,-636.38757E-03
+1.75000E-03,+12.34815E-03,-1.95744476E+00
+1.77500E-03,+39.44337E-03,-1.58647838E+00
+1.80000E-03,+60.26893E-03,+229.63536E-03
+1.82500E-03,+94.42096E-03,-1.30238146E+00
+1.85000E-03,+70.09134E-03,-1.25766467E+00
+1.87500E-03,+102.49134E-03,-840.54671E-03
+1.90000E-03,+51.68651E-03,+123.35809E-03
+1.92500E-03,+92.27535E-03,-1.69600554E+00
+1.95000E-03,+17.25936E-03,-767.45000E-03
+1.97500E-03,+98.20014E-03,+786.32183E-03
+2.00000E-03,+107.40255E-03,-423.61761E-03
+2.02500E-03,-49.68625E-03,-572.28067E-03
+2.05000E-03,+105.75850E-03,+896.33941E-03
+2.07500E-03,+65.28811E-03,+392.95182E-03
+2.10000E-03,+151.15057E-03,-1.24670710E+00
+2.12500E-03,+151.15057E-03,-522.06798E-03
+2.15000E-03,+57.21772E-03,-578.13570E-03
+2.17500E-03,-18.91982E-03,-685.41197E-03
+2.20000E-03,+55.07212E-03,-815.71965E-03
+2.22500E-03,-48.05267E-03,-1.93485714E+00
+2.25000E-03,+1.62014E-03,-1.01431962E+00
+2.27500E-03,+51.29294E-03,-1.66691081E+00
+2.30000E-03,-49.68625E-03,-450.78593E-03
+2.32500E-03,+18.79543E-03,-119.04248E-03
+2.35000E-03,-525.47E-06,-1.99058332E+00
+2.37500E-03,+45.97768E-03,+363.82923E-03
+2.40000E-03,-5.84072E-03,-1.25450938E+00
+2.42500E-03,-52.34387E-03,-1.61301957E+00
+2.45000E-03,-69.61668E-03,-1.03433384E+00
+2.47500E-03,+69.28324E-03,+103.94670E-03
+2.50000E-03,+17.25936E-03,-903.80082E-03
+2.52500E-03,-111.82862E-03,-1.86937407E+00
+2.55000E-03,-49.68625E-03,-2.00836815E+00
+2.57500E-03,-10.33741E-03,-277.95695E-03
+2.60000E-03,+48.23126E-03,-354.73523E-03
+2.62500E-03,+10.31052E-03,-756.56877E-03
+2.65000E-03,-6.96228E-03,-651.95649E-03
+2.67500E-03,-14.82719E-03,-534.97302E-03
+2.70000E-03,-33.32952E-03,-685.22787E-03
+2.72500E-03,+26.35380E-03,+1.23811410E+00
+2.75000E-03,-76.05349E-03,-789.31008E-03
+2.77500E-03,-26.38068E-03,-989.32865E-03
+2.80000E-03,+84.20496E-03,-963.12521E-03
+2.82500E-03,+17.25936E-03,-1.98489879E+00
+2.85000E-03,+65.61204E-03,+1.37859178E+00
+2.87500E-03,-7.36633E-03,-1.30662375E+00
+2.90000E-03,-164.14167E-03,-840.92344E-03
+2.92500E-03,-49.68625E-03,-1.68707792E+00
+2.95000E-03,-44.05753E-03,-362.27264E-03
+2.97500E-03,-97.61749E-03,-109.71860E-03
+3.00000E-03,-118.37341E-03,-1.84737859E+00
+3.02500E-03,-80.74874E-03,-1.08184031E+00
+3.05000E-03,-116.63185E-03,-1.47280331E+00
+3.07500E-03,-82.89434E-03,-79.04968E-03
+3.10000E-03,-182.76936E-03,-1.91960393E+00
+3.12500E-03,-85.03995E-03,-175.63637E-03
+3.15000E-03,-84.63590E-03,-108.79216E-03
+3.17500E-03,+17.25936E-03,-557.20227E-03
+3.20000E-03,-54.78555E-03,-734.50666E-03
+3.22500E-03,+17.25936E-03,+1.38342297E+00
+3.25000E-03,-94.02641E-03,-302.26551E-03
+3.27500E-03,-104.05430E-03,-1.32998848E+00
+3.30000E-03,-49.68625E-03,-1.49643248E+00
+3.32500E-03,-70.61287E-03,-1.27404936E+00
+3.35000E-03,-61.22236E-03,+623.31160E-03
+3.37500E-03,-49.68625E-03,-124.36508E-03
+3.40000E-03,-63.36796E-03,-1.52021530E+00
+3.42500E-03,-97.91357E-03,+1.06573430E+00
+3.45000E-03,-100.80453E-03,-255.69628E-03
+3.47500E-03,-133.20453E-03,-93.11438E-03
+3.50000E-03,-67.65917E-03,+79.06673E-03
+3.52500E-03,-116.63185E-03,-346.24988E-03
+3.55000E-03,-93.21831E-03,+930.30000E-03
+3.57500E-03,-189.71819E-03,-1.53119814E+00
+3.60000E-03,-127.76392E-03,-1.25092811E+00
+3.62500E-03,-106.49598E-03,+916.96673E-03
+3.65000E-03,-186.71925E-03,-600.81791E-03
+3.67500E-03,-128.61725E-03,-100.95845E-03
+3.70000E-03,-143.18719E-03,+834.36073E-03
+3.72500E-03,-183.57746E-03,-399.81039E-03
+3.75000E-03,-183.57746E-03,-277.53541E-03
+3.77500E-03,-114.78232E-03,-1.66105588E+00
+3.80000E-03,-132.05512E-03,-232.68624E-03
+3.82500E-03,-149.32792E-03,-162.00033E-03
+3.85000E-03,-149.62400E-03,-891.74922E-03
+3.87500E-03,-182.98531E-03,-1.72607821E+00
+3.90000E-03,-84.82399E-03,+566.45328E-03
+3.92500E-03,-189.05295E-03,-205.07263E-03
+3.95000E-03,-49.68625E-03,-894.80043E-03
+3.97500E-03,-59.45295E-03,+223.83227E-03
+4.00000E-03,-61.59855E-03,+1.42557218E+00
+4.02500E-03,-153.61913E-03,-346.60232E-03
+4.05000E-03,-129.31737E-03,-1.21482970E+00
+4.07500E-03,-183.57746E-03,-1.07112968E+00
+4.10000E-03,-183.57746E-03,-1.08341796E+00
+4.12500E-03,-167.08489E-03,+1.33793675E+00
+4.15000E-03,-250.52306E-03,-1.17455777E+00
+4.17500E-03,-123.36473E-03,-494.01792E-03
+4.20000E-03,-183.57746E-03,+833.77593E-03
+4.22500E-03,-157.91034E-03,-1.01635077E+00
+4.25000E-03,-150.20912E-03,-1.44657569E+00
+4.27500E-03,-259.40155E-03,+651.69908E-03
+4.30000E-03,-235.88003E-03,-310.63844E-03
+4.32500E-03,-227.00154E-03,+363.67634E-03
+4.35000E-03,-135.37799E-03,-871.17082E-03
+4.37500E-03,-138.68003E-03,+59.12583E-03
+4.40000E-03,-106.28003E-03,+613.54479E-03
+4.42500E-03,-204.95337E-03,-508.06935E-03
+4.45000E-03,-49.68625E-03,-1.33329753E+00
+4.47500E-03,-49.68625E-03,+449.96379E-03
+4.50000E-03,-238.40182E-03,+292.44309E-03
+4.52500E-03,-259.77774E-03,+182.32746E-03
+4.55000E-03,-114.67434E-03,-799.82258E-03
+4.57500E-03,-131.94714E-03,-990.13632E-03
+4.60000E-03,-183.57746E-03,-1.04384982E+00
+4.62500E-03,-183.57746E-03,-836.48949E-03
+4.65000E-03,-116.81995E-03,-1.06680349E+00
+4.67500E-03,-267.98396E-03,+104.69239E-03
+4.70000E-03,-220.83295E-03,+133.89121E-03
+4.72500E-03,-198.51656E-03,-934.43486E-03
+4.75000E-03,-183.57746E-03,+179.83353E-03
+4.77500E-03,-175.45135E-03,+368.64995E-03
+4.80000E-03,-153.51115E-03,-618.95075E-03
+4.82500E-03,-224.93606E-03,-336.82504E-03
+4.85000E-03,-241.56446E-03,-1.20428913E+00
+4.87500E-03,-160.13606E-03,+470.51725E-03
+4.90000E-03,-289.54797E-03,-56.16176E-03
+4.92500E-03,-261.17096E-03,-76.12027E-03
+4.95000E-03,-123.25676E-03,-1.62865890E+00
+4.97500E-03,-140.52956E-03,+612.32573E-03
+5.00000E-03,-132.02726E-03,-426.05583E-03
+5.02500E-03,-108.12956E-03,-1.34097791E+00
+5.05000E-03,-183.57746E-03,-1.49267792E+00
+5.07500E-03,-209.62077E-03,-981.65508E-03
+5.10000E-03,-93.00236E-03,-570.93971E-03
+5.12500E-03,-250.52306E-03,-1.11980662E+00
+5.15000E-03,-60.60236E-03,+1.28143367E+00
+5.17500E-03,-239.95528E-03,-644.75705E-03
+5.20000E-03,-231.53311E-03,+542.08511E-03
+5.22500E-03,-125.05403E-03,-731.32697E-03
+5.25000E-03,-170.51574E-03,-1.43037865E+00
+5.27500E-03,-146.96637E-03,+459.21112E-03
+5.30000E-03,-144.90088E-03,+645.61741E-03
+5.32500E-03,-49.68625E-03,+298.76469E-03
+5.35000E-03,-43.56991E-03,-894.59117E-03
+5.37500E-03,-80.18100E-03,-866.32213E-03
+5.40000E-03,-166.38477E-03,-930.70448E-03
+5.42500E-03,-49.92660E-03,-1.67051550E+00
+5.45000E-03,-84.39209E-03,-379.38855E-03
+5.47500E-03,-153.56341E-03,+1.25813145E+00
+5.50000E-03,-116.63185E-03,-750.54346E-03
+5.52500E-03,-118.85757E-03,-1.73630823E+00
+5.55000E-03,-136.13037E-03,-1.18357857E+00
+5.57500E-03,-123.22890E-03,+142.43853E-03
+5.60000E-03,-157.77450E-03,-650.25738E-03
+5.62500E-03,-58.42890E-03,-1.79417322E+00
+5.65000E-03,-92.97450E-03,-1.78387398E+00
+5.67500E-03,-183.57746E-03,-1.15521571E+00
+5.70000E-03,-60.44212E-03,-192.49130E-03
+5.72500E-03,-62.72010E-03,-542.08177E-03
+5.75000E-03,-116.63185E-03,+508.43151E-03
+5.77500E-03,-23.80317E-03,-620.41383E-03
+5.80000E-03,-58.29652E-03,-1.10256167E+00
+5.82500E-03,-58.34878E-03,-852.21175E-03
+5.85000E-03,+17.25936E-03,-1.30033314E+00
+5.87500E-03,-69.15691E-03,-680.93321E-03
+5.90000E-03,-49.68625E-03,-1.43444743E+00
+5.92500E-03,-116.63185E-03,-1.42053529E+00
+5.95000E-03,-95.06439E-03,+1.17266969E+00
+5.97500E-03,-118.80186E-03,-278.74064E-03
+6.00000E-03,+4.30217E-03,-587.39383E-03
+6.02500E-03,-75.59372E-03,-1.18771332E+00
+6.05000E-03,-110.13933E-03,+172.84636E-03
+6.07500E-03,+64.75870E-03,-379.67102E-03
+6.10000E-03,-54.03317E-03,+17.38769E-03
+6.12500E-03,+8.70826E-03,-108.23791E-03
+6.15000E-03,-82.05839E-03,-809.95122E-03
+6.17500E-03,+51.86068E-03,-942.49834E-03
+6.20000E-03,+17.20364E-03,-1.87352977E+00
+6.22500E-03,+15.22519E-03,+1.35819122E+00
+6.25000E-03,-17.25839E-03,-287.60174E-03
+6.27500E-03,-4.22108E-03,-1.22913488E+00
+6.30000E-03,+149.03282E-03,+448.26403E-03
+6.32500E-03,-2.13119E-03,+284.89120E-03
+6.35000E-03,+23.64045E-03,-1.75334792E+00
+6.37500E-03,+43.27827E-03,-1.25381984E+00
+6.40000E-03,+8.73266E-03,-1.51462826E+00
+6.42500E-03,+62.66881E-03,-1.23123135E+00
+6.45000E-03,-4.08524E-03,-437.57078E-03
+6.47500E-03,-17.09469E-03,-1.33128442E+00
+6.50000E-03,-43.27729E-03,-111.11149E-03
+6.52500E-03,+56.42355E-03,+619.34400E-03
+6.55000E-03,+28.28690E-03,+517.44572E-03
+6.57500E-03,-58.40449E-03,-1.58397441E+00
+6.60000E-03,+58.54130E-03,+302.00064E-03
+6.62500E-03,+58.37761E-03,+537.23642E-03
+6.65000E-03,+21.85009E-03,-135.67477E-03
+6.67500E-03,+4.11407E-03,-1.74546239E+00
+6.70000E-03,+52.10449E-03,+144.31290E-03
+6.72500E-03,+95.20465E-03,-1.28988726E+00
+6.75000E-03,+172.85041E-03,-881.82239E-03
+6.77500E-03,+30.54048E-03,-934.43140E-03
+6.80000E-03,+192.40465E-03,+572.86179E-03
+6.82500E-03,+54.08640E-03,-873.85588E-03
+6.85000E-03,-10.57777E-03,+753.64995E-03
+6.87500E-03,+14.97792E-03,-1.62423241E+00
+6.90000E-03,+106.17648E-03,-491.62182E-03
+6.92500E-03,+51.94080E-03,-215.34045E-03
+6.95000E-03,+69.48527E-03,-42.74513E-03
+6.97500E-03,-49.68625E-03,-2.00279893E+00
+7.00000E-03,+34.39633E-03,-930.34146E-03
+7.02500E-03,+116.74080E-03,-793.29863E-03
+7.05000E-03,+99.46800E-03,-1.17479478E+00
+7.07500E-03,+210.05710E-03,+235.00288E-03
+7.10000E-03,+64.92239E-03,-1.86429226E+00
+7.12500E-03,+78.03982E-03,-379.19042E-03
+7.15000E-03,+2.78348E-03,-696.15802E-03
+7.17500E-03,+75.89422E-03,-1.54943863E+00
+7.20000E-03,+86.86605E-03,+878.13661E-03
+7.22500E-03,+101.99325E-03,+265.74112E-03
+7.25000E-03,+106.14862E-03,-1.43894779E+00
+7.27500E-03,+151.15057E-03,+364.66216E-03
+7.30000E-03,+80.42924E-03,-190.42906E-03
+7.32500E-03,+191.99715E-03,-968.96643E-03
+7.35000E-03,+124.67190E-03,-672.45175E-03
+7.37500E-03,+75.75839E-03,-1.73025809E+00
+7.40000E-03,+58.48558E-03,-963.33393E-03
+7.42500E-03,+218.09617E-03,-815.61168E-03
+7.45000E-03,+157.83119E-03,-1.43341658E+00
+7.47500E-03,+73.61278E-03,-1.29190696E+00
+7.50000E-03,+162.36621E-03,-473.00827E-03
+7.52500E-03,+82.68282E-03,-1.37746353E+00
+7.55000E-03,+155.68559E-03,-1.55357035E+00
+7.57500E-03,+192.62061E-03,+302.45015E-03
+7.60000E-03,+128.06441E-03,+1.07111553E+00
+7.62500E-03,+143.19161E-03,-398.87002E-03
+7.65000E-03,+88.98379E-03,-1.90084450E+00
+7.67500E-03,+270.15839E-03,+758.87494E-03
+7.70000E-03,+86.83819E-03,+529.18342E-03
+7.72500E-03,+136.75480E-03,-480.59805E-03
+7.75000E-03,+150.41914E-03,-662.14172E-03
+7.77500E-03,+167.00920E-03,+786.96224E-03
+7.80000E-03,+82.54698E-03,-290.99415E-03
+7.82500E-03,-34.31524E-03,-355.56060E-03
+7.85000E-03,+149.24878E-03,-1.36972366E+00
+7.87500E-03,+179.74699E-03,-842.35835E-03
+7.90000E-03,+145.20138E-03,-35.69512E-03
+7.92500E-03,+151.15057E-03,-1.26856394E+00
+7.95000E-03,+151.15057E-03,-1.18697120E+00
+7.97500E-03,+175.45578E-03,+663.06092E-03
+8.00000E-03,+112.55757E-03,-562.38526E-03
+8.02500E-03,+50.49877E-03,-145.90458E-03
+8.05000E-03,+84.20496E-03,-1.47546418E+00
+8.07500E-03,+80.75317E-03,-1.43622710E+00
+8.10000E-03,+203.56457E-03,-750.43203E-03
+8.12500E-03,+111.00757E-03,-1.67327473E+00
+8.15000E-03,+142.81197E-03,-1.57499766E+00
+8.17500E-03,+141.26196E-03,+1.42919447E+00
+8.20000E-03,+89.44356E-03,-726.89993E-03
+8.22500E-03,-49.68625E-03,-1.29441904E+00
+8.25000E-03,+38.22777E-03,-1.62525948E+00
+8.27500E-03,+56.44796E-03,-191.08717E-03
+8.30000E-03,+17.25936E-03,-734.85554E-03
+8.32500E-03,+21.90235E-03,-1.80602010E+00
+8.35000E-03,+84.20496E-03,-1.79490153E+00
+8.37500E-03,+24.39974E-03,-317.76512E-03
+8.40000E-03,+103.97516E-03,-843.29202E-03
+8.42500E-03,+24.75153E-03,-1.29347511E+00
+8.45000E-03,+92.04892E-03,+506.01402E-03
+8.47500E-03,+20.10854E-03,-1.34246853E+00
+8.50000E-03,+38.43670E-03,-788.85788E-03
+8.52500E-03,+16.90757E-03,-1.58875334E+00
+8.55000E-03,+117.30854E-03,-705.51343E-03
+8.57500E-03,+17.25936E-03,-652.15172E-03
+8.60000E-03,+1.78037E-03,-1.14154490E+00
+8.62500E-03,-40.71717E-03,-1.25101514E+00
+8.65000E-03,+84.20496E-03,+470.31879E-03
+8.67500E-03,-24.81329E-03,+151.09091E-03
+8.70000E-03,+3.92598E-03,-1.34169898E+00
+8.72500E-03,+13.31994E-03,-208.66663E-03
+8.75000E-03,-49.68625E-03,-1.43563819E+00
+8.77500E-03,+35.69550E-03,-232.87088E-03
+8.80000E-03,+39.63492E-03,-166.36809E-03
+8.82500E-03,+78.11994E-03,-1.85623224E+00
+8.85000E-03,-26.32842E-03,-1.98813819E+00
+8.87500E-03,+69.88932E-03,-369.89050E-03
+8.90000E-03,-824.99E-06,-1.12015840E+00
+8.92500E-03,+67.74371E-03,-411.00486E-03
+8.95000E-03,-8.24407E-03,-739.57800E-03
+8.97500E-03,+78.64244E-03,-1.21806522E+00
+9.00000E-03,+31.05251E-03,-1.34950115E+00
+9.02500E-03,-49.68625E-03,-777.90657E-03
+9.05000E-03,+12.90542E-03,+614.15799E-03
+9.07500E-03,-28.53676E-03,-74.81419E-03
+9.10000E-03,+151.15057E-03,-1.02448400E+00
+9.12500E-03,+4.73753E-03,-1.84124789E+00
+9.15000E-03,+24.61570E-03,+645.90991E-03
+9.17500E-03,+9.94826E-03,+469.76497E-03
+9.20000E-03,+17.25936E-03,-1.63376566E+00
+9.22500E-03,+92.48083E-03,+1.08391281E+00
+9.25000E-03,+55.32986E-03,+1.17179174E+00
+9.27500E-03,+3.51145E-03,-493.92431E-03
+9.30000E-03,+83.28544E-03,-320.01557E-03
+9.32500E-03,+17.25936E-03,-983.07940E-03
+9.35000E-03,-18.05255E-03,+1.43258710E+00
+9.37500E-03,+48.43329E-03,-539.37922E-03
+9.40000E-03,-44.62873E-03,-1.91733285E+00
+9.42500E-03,+113.23329E-03,-377.99209E-03
+9.45000E-03,-24.48936E-03,+264.65466E-03
+9.47500E-03,-76.30777E-03,-760.67242E-03
+9.50000E-03,-101.30608E-03,-1.34051393E+00
+9.52500E-03,+41.99648E-03,+920.46009E-03
+9.55000E-03,+74.39648E-03,+416.14919E-03
+9.57500E-03,-71.44882E-03,-1.01050621E+00
+9.60000E-03,+90.18201E-03,-1.42380233E+00
+9.62500E-03,-3.18655E-03,-1.86606513E+00
+9.65000E-03,-10.94003E-03,-662.46208E-03
+9.67500E-03,+35.55967E-03,-1.26188321E+00
+9.70000E-03,+151.15057E-03,+941.43228E-03
+9.72500E-03,+58.80951E-03,-1.36896113E+00
+9.75000E-03,+132.75967E-03,-861.44613E-03
+9.77500E-03,+91.20951E-03,-1.71107713E+00
+9.80000E-03,+63.66846E-03,-1.45307469E+00
+9.82500E-03,+123.60952E-03,-1.06308024E+00
+9.85000E-03,-4.87239E-03,+262.27885E-03
+9.87500E-03,+136.57373E-03,-69.64524E-03
+9.90000E-03,+126.32286E-03,+226.11058E-03
+9.92500E-03,+99.34955E-03,+193.26452E-03
+9.95000E-03,+71.20598E-03,-781.25071E-03
+9.97500E-03,+19.97270E-03,-1.78676193E+00
+10.00000E-03,+92.91274E-03,+1.47865499E+00
+10.02500E-03,+23.82153E-03,+1.61981886E+00
+10.05000E-03,+52.94045E-03,+129.30037E-03
+10.07500E-03,+82.50174E-03,+272.89209E-03
+10.10000E-03,+134.57087E-03,+637.17417E-03
+10.12500E-03,-49.68625E-03,-863.22202E-03
+10.15000E-03,+52.81508E-03,-411.94221E-03
+10.17500E-03,+15.68150E-03,-491.38470E-03
+10.20000E-03,+94.59858E-03,+11.61936E-03
+10.22500E-03,+53.38283E-03,-1.67462595E+00
+10.25000E-03,+30.80870E-03,-1.13086558E+00
+10.27500E-03,+76.75803E-03,-1.84081221E+00
+10.30000E-03,+63.20870E-03,-796.96595E-03
+10.32500E-03,-21.00971E-03,+1.12848275E+00
+10.35000E-03,+49.99376E-03,-1.37123587E+00
+10.37500E-03,+23.12843E-03,+1.07461290E+00
+10.40000E-03,-26.54438E-03,-1.38519584E+00
+10.42500E-03,-23.15531E-03,-1.39815671E+00
+10.45000E-03,-49.68625E-03,-1.54118425E+00
+10.47500E-03,+76.19029E-03,+1.03671278E+00
+10.50000E-03,+116.94628E-03,+1.30763376E+00
+10.52500E-03,+84.20496E-03,-660.96466E-03
+10.55000E-03,+98.43002E-03,-89.96924E-03
+10.57500E-03,+7.09908E-03,-1.49854677E+00
+10.60000E-03,+29.33881E-03,-1.01524628E+00
+10.62500E-03,+151.15057E-03,-539.18767E-03
+10.65000E-03,+146.18365E-03,-1.28146887E+00
+10.67500E-03,-25.07449E-03,-1.22768161E+00
+10.70000E-03,-12.31932E-03,+118.31472E-03
+10.72500E-03,-9.49800E-03,-99.94855E-03
+10.75000E-03,-49.68625E-03,-1.07036359E+00
+10.77500E-03,+122.24761E-03,+1.12065596E+00
+10.80000E-03,+17.25936E-03,-1.41310272E+00
+10.82500E-03,+133.20205E-03,-170.30060E-03
+10.85000E-03,+82.85353E-03,-1.96985225E+00
+10.87500E-03,+51.01080E-03,-1.39427602E+00
+10.90000E-03,+17.25936E-03,-1.67681680E+00
+10.92500E-03,-100.82893E-03,-1.07226214E+00
+10.95000E-03,-45.27659E-03,-1.46184498E+00
+10.97500E-03,+113.66519E-03,+1.72986819E+00
+11.00000E-03,-75.53099E-03,-240.26620E-03
+11.02500E-03,-49.68625E-03,-1.12332471E+00
+11.05000E-03,+24.49034E-03,-1.61952592E+00
+11.07500E-03,+88.48570E-03,+1.57776014E+00
+11.10000E-03,-30.27831E-03,-1.53974891E+00
+11.12500E-03,+40.28278E-03,-1.46944243E+00
+11.15000E-03,+133.86729E-03,-1.25964291E+00
+11.17500E-03,+59.01499E-03,+279.35298E-03
+11.20000E-03,+56.86939E-03,-595.80931E-03
+11.22500E-03,-88.53353E-03,-586.54394E-03
+11.25000E-03,+119.52379E-03,+705.29748E-03
+11.27500E-03,+142.55768E-03,+724.81296E-03
+11.30000E-03,-25.19294E-03,-1.00414261E+00
+11.32500E-03,+10.03886E-03,-1.59287729E+00
+11.35000E-03,-59.73854E-03,-1.60969670E+00
+11.37500E-03,-22.36115E-03,-1.00556013E+00
+11.40000E-03,-4.99084E-03,-511.46209E-03
+11.42500E-03,-34.46154E-03,-1.66737792E+00
+11.45000E-03,-37.48834E-03,-1.60612311E+00
+11.47500E-03,-4.20715E-03,-376.92917E-03
+11.50000E-03,+10.92005E-03,+698.36581E-03
+11.52500E-03,+23.11795E-03,-1.02090339E+00
+11.55000E-03,+108.12006E-03,+1.54452083E+00
+11.57500E-03,+24.68534E-03,+40.73115E-03
+11.60000E-03,+53.37235E-03,-961.09137E-03
+11.62500E-03,-51.25363E-03,-1.96448128E+00
+11.65000E-03,+18.24853E-03,+292.18492E-03
+11.67500E-03,+116.81044E-03,-183.84314E-03
+11.70000E-03,+68.29407E-03,-390.26331E-03
+11.72500E-03,-48.32434E-03,-1.85677212E+00
+11.75000E-03,-12.41682E-03,-1.47694832E+00
+11.77500E-03,-23.51757E-03,+1.44358678E+00
+11.80000E-03,-8.39038E-03,-55.66054E-03
+11.82500E-03,+140.62803E-03,+249.94199E-03
+11.85000E-03,+63.42465E-03,+877.14052E-03
+11.87500E-03,+17.25936E-03,-933.00665E-03
+11.90000E-03,-26.44687E-03,+37.10195E-03
+11.92500E-03,+5.95313E-03,-1.04018876E+00
+11.95000E-03,-5.66656E-03,-1.78094112E+00
+11.97500E-03,-9.64431E-03,+79.14318E-03
+12.00000E-03,-1.68881E-03,-1.51571581E+00
+12.02500E-03,+135.55313E-03,+1.28300808E+00
+12.05000E-03,-24.61473E-03,-1.75712364E+00
+12.07500E-03,+17.25936E-03,-735.95971E-03
+12.10000E-03,-49.68625E-03,-1.53736684E+00
+12.12500E-03,-2.62928E-03,-1.07379433E+00
+12.15000E-03,+69.49920E-03,+1.18153749E+00
+12.17500E-03,-72.14192E-03,-194.51533E-03
+12.20000E-03,+12.07648E-03,-1.68227869E+00
+12.22500E-03,+157.64655E-03,+878.59292E-03
+12.25000E-03,-87.26912E-03,-593.10590E-03
+12.27500E-03,+23.27474E-03,-372.30777E-03
+12.30000E-03,+14.22209E-03,-161.35225E-03
+12.32500E-03,-49.68625E-03,-739.48050E-03
+12.35000E-03,-45.75730E-03,-480.25252E-03
+12.37500E-03,-31.52177E-03,-1.00726692E+00
+12.40000E-03,-115.74018E-03,-1.78256455E+00
+12.42500E-03,-100.25072E-03,-1.59599771E+00
+12.45000E-03,-50.41077E-03,-36.91429E-03
+12.47500E-03,-49.68625E-03,-1.02140483E+00
+12.50000E-03,-45.92445E-03,-1.15235573E+00
+12.52500E-03,-68.21298E-03,-1.32754670E+00
+12.55000E-03,+12.60589E-03,-832.69627E-03
+12.57500E-03,-21.93971E-03,-834.63305E-03
+12.60000E-03,-116.63185E-03,-1.45371542E+00
+12.62500E-03,-91.03092E-03,-810.33054E-03
+12.65000E-03,-78.68671E-03,-317.39649E-03
+12.67500E-03,-81.44886E-03,-665.54838E-03
+12.70000E-03,-66.32166E-03,-1.41775586E+00
+12.72500E-03,-51.19446E-03,+657.19563E-03
+12.75000E-03,+17.25936E-03,-546.11902E-03
+12.77500E-03,+26.84142E-03,-1.34746363E+00
+12.80000E-03,-57.37699E-03,-1.18597479E+00
+12.82500E-03,+34.27788E-03,-1.03483572E+00
+12.85000E-03,-84.74042E-03,+1.27598592E+00
+12.87500E-03,-109.19539E-03,-275.25386E-03
+12.90000E-03,-2.41333E-03,+807.16488E-03
+12.92500E-03,-116.63185E-03,-710.43814E-03
+12.95000E-03,-49.68625E-03,-634.96660E-03
+12.97500E-03,+27.84107E-03,-831.42139E-03
+13.00000E-03,-6.70454E-03,-42.21518E-03
+13.02500E-03,-70.50489E-03,+769.05961E-03
+13.05000E-03,-96.21380E-03,-401.67363E-03
+13.07500E-03,+71.62396E-03,-593.97004E-03
+13.10000E-03,-77.94135E-03,-1.45867576E+00
+13.12500E-03,-76.94170E-03,-391.62500E-03
+13.15000E-03,-49.68625E-03,-1.00968775E+00
+13.17500E-03,-118.63115E-03,-1.11208445E+00
+13.20000E-03,-31.56010E-03,+900.98619E-03
+13.22500E-03,-49.68625E-03,-304.69347E-03
+13.25000E-03,-100.50500E-03,-578.51211E-03
+13.27500E-03,-113.19398E-03,-954.90798E-03
+13.30000E-03,-37.99691E-03,+1.30207458E+00
+13.32500E-03,-49.68625E-03,-1.10238372E+00
+13.35000E-03,-60.70688E-03,-804.66425E-03
+13.37500E-03,-183.57746E-03,-1.75598082E+00
+13.40000E-03,-90.81497E-03,-143.95053E-03
+13.42500E-03,-125.36057E-03,+579.24656E-03
+13.45000E-03,-136.23490E-03,-1.52347598E+00
+13.47500E-03,-49.68625E-03,-1.44697897E+00
+13.50000E-03,-95.10617E-03,+943.15991E-03
+13.52500E-03,-116.63185E-03,-492.81312E-03
+13.55000E-03,-116.63185E-03,-693.21825E-03
+13.57500E-03,-124.21462E-03,-1.25030455E+00
+13.60000E-03,-74.54181E-03,-1.40386543E+00
+13.62500E-03,-158.76022E-03,-1.46759614E+00
+13.65000E-03,-49.68625E-03,-1.49161942E+00
+13.67500E-03,-126.36022E-03,-1.54486538E+00
+13.70000E-03,-116.63185E-03,-1.53751963E+00
+13.72500E-03,-138.23419E-03,+605.71832E-03
+13.75000E-03,-4.33596E-03,-248.34674E-03
+13.77500E-03,-104.75788E-03,-253.86704E-03
+13.80000E-03,-183.57746E-03,-414.86740E-03
+13.82500E-03,-131.79036E-03,-610.71008E-03
+13.85000E-03,-126.39153E-03,-1.71181558E+00
+13.87500E-03,-102.61228E-03,-641.08563E-03
+13.90000E-03,-112.27100E-03,-544.28654E-03
+13.92500E-03,-146.81660E-03,-597.11896E-03
+13.95000E-03,-117.73947E-03,-1.02571710E+00
+13.97500E-03,-82.01660E-03,+542.24859E-03
+14.00000E-03,-83.05458E-03,+34.41301E-03
+14.02500E-03,-84.16220E-03,-551.61535E-03
+14.05000E-03,-247.40912E-03,-1.48888793E+00
+14.07500E-03,-201.88824E-03,-813.03341E-03
+14.10000E-03,-85.26983E-03,-172.48464E-03
+14.12500E-03,-158.89951E-03,-430.02656E-03
+14.15000E-03,-122.99902E-03,-1.39012054E+00
+14.17500E-03,-70.14263E-03,-358.91144E-03
+14.20000E-03,-162.87380E-03,-296.79034E-03
+14.22500E-03,-159.69022E-03,-86.42351E-03
+14.25000E-03,-172.91908E-03,-1.21700240E+00
+14.27500E-03,-49.68625E-03,-278.10671E-03
+14.30000E-03,-49.68625E-03,-399.84894E-03
+14.32500E-03,-126.42986E-03,-450.61878E-03
+14.35000E-03,+9.78457E-03,-104.64704E-03
+14.37500E-03,-166.12703E-03,+442.60054E-03
+14.40000E-03,-91.70664E-03,-1.39946279E+00
+14.42500E-03,-49.68625E-03,-1.39430119E+00
+14.45000E-03,-107.01146E-03,+775.67750E-03
+14.47500E-03,-116.63185E-03,+578.49105E-03
+14.50000E-03,-93.85224E-03,-1.16970228E+00
+14.52500E-03,-111.12504E-03,-693.21112E-03
+14.55000E-03,-73.21824E-03,-765.21381E-03
+14.57500E-03,-107.76384E-03,+822.64700E-03
+14.60000E-03,-95.99784E-03,-879.00107E-03
+14.62500E-03,-113.27065E-03,-1.68961073E+00
+14.65000E-03,-77.50944E-03,-1.44844217E+00
+14.67500E-03,-80.87065E-03,+565.89601E-03
+14.70000E-03,-86.66305E-03,-834.65400E-03
+14.72500E-03,-183.57746E-03,-1.74553570E+00
+14.75000E-03,-65.74345E-03,+1.38436690E+00
+14.77500E-03,-149.67626E-03,+140.17437E-03
+14.80000E-03,-116.63185E-03,-923.44576E-03
+14.82500E-03,-119.42186E-03,-1.04601961E+00
+14.85000E-03,-19.14625E-03,+214.99190E-03
+14.87500E-03,-89.16746E-03,-1.43389696E+00
+14.90000E-03,-49.68625E-03,-777.14069E-03
+14.92500E-03,-186.65306E-03,-1.02191999E+00
+14.95000E-03,-116.63185E-03,-550.01287E-03
+14.97500E-03,-95.60427E-03,+335.87020E-03
+15.00000E-03,-226.41987E-03,-1.16879690E+00
+15.02500E-03,-183.57746E-03,-1.10395770E+00
+15.05000E-03,-94.67427E-03,+461.10924E-03
+15.07500E-03,-183.57746E-03,+3.43398E-03
+15.10000E-03,-79.40422E-03,-617.85047E-03
+15.12500E-03,+76.83815E-03,+541.64306E-03
+15.15000E-03,-56.65948E-03,-622.96359E-03
+15.17500E-03,-217.33591E-03,+1.00304147E+00
+15.20000E-03,-65.20702E-03,-17.48541E-03
+15.22500E-03,-183.57746E-03,-1.30337332E+00
+15.25000E-03,-183.57746E-03,-749.53269E-03
+15.27500E-03,-229.35263E-03,-268.34703E-03
+15.30000E-03,-116.63185E-03,-1.61619690E+00
+15.32500E-03,-73.00228E-03,-78.95563E-03
+15.35000E-03,-78.61707E-03,-1.00082622E+00
+15.37500E-03,-75.14789E-03,-136.74752E-03
+15.40000E-03,-42.74788E-03,+340.63521E-03
+15.42500E-03,-130.43547E-03,-1.88620806E+00
+15.45000E-03,-147.70827E-03,+368.12433E-03
+15.47500E-03,-135.22823E-03,-502.07503E-03
+15.50000E-03,-116.63185E-03,+0.0E+00
+15.52500E-03,-215.47591E-03,-994.12087E-03
+15.55000E-03,-49.68625E-03,-1.46979400E+00
+15.57500E-03,-33.23547E-03,-1.06953141E+00
+15.60000E-03,-117.45388E-03,-443.95846E-03
+15.62500E-03,-147.38780E-03,-1.74781314E+00
+15.65000E-03,-53.47590E-03,-66.95306E-03
+15.67500E-03,-49.68625E-03,-403.36681E-03
+15.70000E-03,+5.38884E-03,-208.42984E-03
+15.72500E-03,-23.22150E-03,-1.38561727E+00
+15.75000E-03,-57.76711E-03,-764.12767E-03
+15.77500E-03,-49.68625E-03,-134.29904E-03
+15.80000E-03,+22.37259E-03,-1.28920053E+00
+15.82500E-03,-5.12668E-03,-915.48993E-03
+15.85000E-03,-49.68625E-03,-1.57686512E+00
+15.87500E-03,-86.58995E-03,-563.56955E-03
+15.90000E-03,+24.51819E-03,+441.99447E-03
+15.92500E-03,+10.61005E-03,+38.28278E-03
+15.95000E-03,-24.54508E-03,-476.51211E-03
+15.97500E-03,+84.20496E-03,-555.55833E-03
+16.00000E-03,+7.85492E-03,+896.27711E-03
+16.02500E-03,+30.85048E-03,+122.32011E-03
+16.05000E-03,-47.64516E-03,-659.79431E-03
+16.07500E-03,-105.18633E-03,-1.71251214E+00
+16.10000E-03,-105.08181E-03,-738.53311E-03
+16.12500E-03,-11.56348E-03,+152.49104E-03
+16.15000E-03,-7.98633E-03,-960.34579E-03
+16.17500E-03,-46.10909E-03,-1.63582780E+00
+16.20000E-03,+3.56371E-03,-482.21694E-03
+16.22500E-03,-44.67753E-03,+802.43108E-03
+16.25000E-03,-116.63185E-03,-883.14608E-03
+16.27500E-03,-49.68625E-03,-1.94537978E+00
+16.30000E-03,+138.88993E-03,+985.30523E-03
+16.32500E-03,+17.97686E-03,-1.60310700E+00
+16.35000E-03,-49.68625E-03,+648.63373E-03
+16.37500E-03,-47.54410E-03,-1.43638679E+00
+16.40000E-03,+48.23126E-03,-26.93120E-03
+16.42500E-03,-25.14770E-03,+475.28927E-03
+16.45000E-03,-87.80555E-03,-1.21753948E+00
+16.47500E-03,-49.68625E-03,-1.23024530E+00
+16.50000E-03,+17.25936E-03,-1.79394712E+00
+16.52500E-03,+38.93480E-03,-33.19115E-03
+16.55000E-03,+4.99181E-03,-307.03753E-03
+16.57500E-03,+7.24885E-03,-489.26684E-03
+16.60000E-03,+84.31640E-03,-200.83681E-03
+16.62500E-03,+17.25936E-03,-300.82035E-03
+16.65000E-03,+63.96108E-03,-1.48593510E+00
+16.67500E-03,+10.10850E-03,-1.29464460E+00
+16.70000E-03,-25.26258E-03,+142.85014E-03
+16.72500E-03,+812.04E-06,-897.40590E-03
+16.75000E-03,+41.18838E-03,-1.48677117E+00
+16.77500E-03,+65.61204E-03,+860.99640E-03
+16.80000E-03,+84.20496E-03,-838.49915E-03
+16.82500E-03,-3.47917E-03,-673.09292E-03
+16.85000E-03,+66.71275E-03,-1.69933910E+00
+16.87500E-03,+49.87877E-03,-662.62890E-03
+16.90000E-03,+26.77523E-03,-237.89676E-03
+16.92500E-03,+126.12084E-03,-90.77745E-03
+16.95000E-03,-53.37138E-03,-1.74979560E+00
+16.97500E-03,+3.67169E-03,-1.20768845E+00
+17.00000E-03,+22.48402E-03,-1.36406039E+00
+17.02500E-03,+36.07169E-03,-818.26563E-03
+17.05000E-03,-45.06765E-03,-1.72285716E+00
+17.07500E-03,+37.00515E-03,-749.07281E-03
+17.10000E-03,+85.13842E-03,-400.74017E-03
+17.12500E-03,+16.98067E-03,+184.44877E-03
+17.15000E-03,+151.15057E-03,-383.49145E-03
+17.17500E-03,+48.44721E-03,-1.07112968E+00
+17.20000E-03,+49.05329E-03,-704.60773E-03
+17.22500E-03,-64.20737E-03,+138.80911E-03
+17.25000E-03,+140.14387E-03,+856.53449E-03
+17.27500E-03,-2.76512E-03,-947.07082E-03
+17.30000E-03,+46.90768E-03,-480.05817E-03
+17.32500E-03,+17.25936E-03,-472.03659E-03
+17.35000E-03,+74.41041E-03,-1.38141968E+00
+17.37500E-03,+106.81041E-03,-822.90517E-03
+17.40000E-03,-22.18352E-03,+825.08165E-03
+17.42500E-03,-29.22641E-03,-1.00779309E+00
+17.45000E-03,+70.11920E-03,+743.59743E-03
+17.47500E-03,+59.88928E-03,-1.72827294E+00
+17.50000E-03,-33.45488E-03,-479.83542E-03
+17.52500E-03,+1.09073E-03,-1.50259838E+00
+17.55000E-03,+56.63951E-03,-770.53587E-03
+17.57500E-03,+4.82110E-03,+340.82719E-03
+17.60000E-03,+84.20496E-03,-635.48877E-03
+17.62500E-03,-43.74753E-03,-1.26926730E+00
+17.65000E-03,+128.48239E-03,+817.85813E-03
+17.67500E-03,+103.66861E-03,+1.63647857E+00
+17.70000E-03,+13.51149E-03,+675.53049E-03
+17.72500E-03,-38.30692E-03,-913.14943E-03
+17.75000E-03,+84.20496E-03,-1.47008618E+00
+17.77500E-03,+89.64558E-03,-1.15605533E+00
+17.80000E-03,+122.04558E-03,-1.36217955E+00
+17.82500E-03,+79.26244E-03,-1.66644791E+00
+17.85000E-03,+88.64939E-03,-102.64062E-03
+17.87500E-03,+52.45628E-03,+526.80437E-03
+17.90000E-03,+637.87E-06,+636.82595E-03
+17.92500E-03,+16.76126E-03,-2.13279553E+00
+17.95000E-03,-511.54E-06,-1.76371356E+00
+17.97500E-03,-52.82804E-03,-39.15340E-03
+18.00000E-03,-49.68625E-03,+121.00344E-03
+18.02500E-03,+143.21947E-03,-1.83567457E+00
+18.05000E-03,+91.40107E-03,+163.18451E-03
+18.07500E-03,+9.82636E-03,+1.08606857E+00
+18.10000E-03,+84.20496E-03,-1.03478000E+00
+18.12500E-03,+17.25936E-03,-1.61106530E+00
+18.15000E-03,+62.90215E-03,+1.38151773E+00
+18.17500E-03,+33.14585E-03,+177.38840E-03
+18.20000E-03,+94.54286E-03,-1.45503997E+00
+18.22500E-03,+130.34585E-03,-1.90406911E+00
+18.25000E-03,+102.73515E-03,-260.60727E-03
+18.27500E-03,+176.61566E-03,-983.19861E-03
+18.30000E-03,+25.45165E-03,-172.28942E-03
+18.32500E-03,+132.98955E-03,-604.64168E-03
+18.35000E-03,+98.44395E-03,+561.91815E-03
+18.37500E-03,-23.35388E-03,+536.34832E-03
+18.40000E-03,-31.54618E-03,-555.43297E-03
+18.42500E-03,+61.75274E-03,-521.87232E-03
+18.45000E-03,+27.20714E-03,-165.61582E-03
+18.47500E-03,+147.72663E-03,-291.11973E-03
+18.50000E-03,-41.88407E-03,-1.71515951E+00
+18.52500E-03,+124.40714E-03,-1.24591929E+00
+18.55000E-03,+22.91593E-03,-85.34374E-03
+18.57500E-03,+36.28765E-03,-1.01751087E+00
+18.60000E-03,-111.36540E-03,-902.12880E-03
+18.62500E-03,+17.25936E-03,-748.36568E-03
+18.65000E-03,+85.57033E-03,-250.03269E-03
+18.67500E-03,+376.68E-06,-962.81208E-03
+18.70000E-03,-49.29613E-03,-1.93635099E+00
+18.72500E-03,+31.21620E-03,+1.06829108E+00
+18.75000E-03,+113.28900E-03,+1.04479710E+00
+18.77500E-03,+46.73352E-03,-1.51530474E+00
+18.80000E-03,+79.13352E-03,-964.62933E-03
+18.82500E-03,-2.54917E-03,-562.15872E-03
+18.85000E-03,+17.25936E-03,+252.35224E-03
+18.87500E-03,+42.44231E-03,-341.45087E-03
+18.90000E-03,+17.25936E-03,-1.78693879E+00
+18.92500E-03,+40.29671E-03,+170.21692E-03
+18.95000E-03,+111.92364E-03,+921.52236E-03
+18.97500E-03,-7.90275E-03,-657.56513E-03
+19.00000E-03,+10.43243E-03,-1.40453402E+00
+19.02500E-03,+145.79698E-03,+712.33626E-03
+19.05000E-03,+42.83243E-03,-1.27049683E+00
+19.07500E-03,+75.90469E-03,-110.62074E-03
+19.10000E-03,+75.23243E-03,-1.54802467E+00
+19.12500E-03,+124.90524E-03,-376.56054E-03
+19.15000E-03,+60.77750E-03,-1.26202595E+00
+19.17500E-03,+84.20496E-03,-1.19044437E+00
+19.20000E-03,+84.20496E-03,-581.93172E-03
+19.22500E-03,+27.42309E-03,-267.78242E-03
+19.25000E-03,+151.15057E-03,-366.14631E-03
+19.27500E-03,+13.25030E-03,-1.88688777E+00
+19.30000E-03,+57.67749E-03,-419.32575E-03
+19.32500E-03,+59.54095E-03,+654.18632E-03
+19.35000E-03,+7.72254E-03,+497.48019E-03
+19.37500E-03,+15.39590E-03,-1.94314704E+00
+19.40000E-03,+37.97694E-03,-1.54077966E+00
+19.42500E-03,+51.52282E-03,-1.69999700E+00
+19.45000E-03,+151.15057E-03,-972.95498E-03
+19.47500E-03,+216.96760E-03,+131.63407E-03
+19.50000E-03,-17.85053E-03,-1.10979178E+00
+19.52500E-03,-14.85850E-03,-320.77777E-03
+19.55000E-03,+69.35991E-03,-1.02074337E+00
+19.57500E-03,+146.29508E-03,+293.45634E-03
+19.60000E-03,+44.80387E-03,-1.61836981E+00
+19.62500E-03,+174.12173E-03,-27.13398E-03
+19.65000E-03,+151.15057E-03,-1.66548293E+00
+19.67500E-03,+26.40606E-03,+506.86066E-03
+19.70000E-03,+175.81102E-03,+1.69548628E+00
+19.72500E-03,+72.91266E-03,-498.06230E-03
+19.75000E-03,+151.15057E-03,-1.76925212E+00
+19.77500E-03,+144.43162E-03,+188.13067E-03
+19.80000E-03,+103.16706E-03,+739.11824E-03
+19.82500E-03,+109.88601E-03,-619.84274E-03
+19.85000E-03,+75.79672E-03,-760.66530E-03
+19.87500E-03,+160.01512E-03,-82.54963E-03
+19.90000E-03,+98.87585E-03,-133.89121E-03
+19.92500E-03,+107.74041E-03,-925.73767E-03
+19.95000E-03,+193.04560E-03,+62.62643E-03
+19.97500E-03,+17.25936E-03,-1.48558277E+00
+20.00000E-03,+55.92200E-03,-1.18997370E+00
+20.02500E-03,+41.42528E-03,-834.70291E-03
+20.05000E-03,-108.39777E-03,-898.21400E-03
+20.07500E-03,+44.73768E-03,-1.23101140E+00
+20.10000E-03,+187.66761E-03,+127.84419E-03
+20.12500E-03,+55.74784E-03,-62.03483E-03
+20.15000E-03,+155.09344E-03,-1.82510777E+00
+20.17500E-03,+120.54784E-03,-214.23617E-03
+20.20000E-03,+86.00223E-03,+505.01124E-03
+20.22500E-03,+135.50087E-03,-271.84062E-03
+20.25000E-03,+84.55330E-03,-1.99878900E+00
+20.27500E-03,+116.25663E-03,-983.50148E-03
+20.30000E-03,+81.71103E-03,-384.41141E-03
+20.32500E-03,+114.11103E-03,-227.31247E-03
+20.35000E-03,+88.84450E-03,-1.80687591E+00
+20.37500E-03,+111.96543E-03,-151.82947E-03
+20.40000E-03,+151.15057E-03,-1.39997838E+00
+20.42500E-03,+4.45193E-03,-721.24703E-03
+20.45000E-03,+160.08131E-03,-240.92021E-03
+20.47500E-03,+131.14348E-03,+1.44144453E+00
+20.50000E-03,+101.06324E-03,-1.17032930E+00
+20.52500E-03,+49.24484E-03,-647.63128E-03
+20.55000E-03,+64.37204E-03,-316.56679E-03
+20.57500E-03,+127.26679E-03,+565.57488E-03
+20.60000E-03,+135.78301E-03,-239.87619E-03
+20.62500E-03,+101.23741E-03,-1.57285660E+00
+20.65000E-03,+84.20496E-03,-76.26669E-03
+20.67500E-03,+99.09181E-03,+688.17757E-03
+20.70000E-03,+21.24402E-03,+1.15799859E+00
+20.72500E-03,+96.94620E-03,-1.53359468E+00
+20.75000E-03,+163.58526E-03,+745.77133E-03
+20.77500E-03,+56.02998E-03,-719.30258E-03
+20.80000E-03,+38.75718E-03,-1.36343359E+00
+20.82500E-03,-37.01120E-03,-1.66388077E+00
+20.85000E-03,+71.15718E-03,-369.35699E-03
+20.87500E-03,+60.18881E-03,-84.36072E-03
+20.90000E-03,+75.31601E-03,+7.87149E-03
+20.92500E-03,-43.44801E-03,-1.10728846E+00
+20.95000E-03,+105.57040E-03,-873.61563E-03
+20.97500E-03,+153.16379E-03,+251.16741E-03
+21.00000E-03,+51.67258E-03,-943.43903E-03
+21.02500E-03,+17.25936E-03,-1.80395709E+00
+21.05000E-03,+99.13359E-03,+540.38556E-03
+21.07500E-03,+84.20496E-03,-382.56566E-03
+21.10000E-03,+2.19835E-03,+63.55978E-03
+21.12500E-03,+15.04757E-03,-1.26371114E+00
+21.15000E-03,+45.23577E-03,-1.12056860E+00
+21.17500E-03,+40.87838E-03,+372.88944E-03
+21.20000E-03,+43.09017E-03,-706.05721E-03
+21.22500E-03,-49.68625E-03,-1.68710891E+00
+21.25000E-03,+86.25997E-03,+260.53730E-03
+21.27500E-03,-43.36443E-03,+1.03222668E+00
+21.30000E-03,+84.20496E-03,+20.67547E-03
+21.32500E-03,+17.25936E-03,-1.88939855E+00
+21.35000E-03,+36.65336E-03,-728.85668E-03
+21.37500E-03,+28.00476E-03,-439.39645E-03
+21.40000E-03,+43.13196E-03,-1.56853397E+00
+21.42500E-03,+75.55636E-03,+274.18781E-03
+21.45000E-03,-8.66205E-03,+107.96981E-03
+21.47500E-03,-6.49204E-03,-1.18347794E+00
+21.50000E-03,+10.78076E-03,-1.76218149E+00
+21.52500E-03,+73.41076E-03,+190.15026E-03
+21.55000E-03,-10.80765E-03,-829.12257E-03
+21.57500E-03,+84.20496E-03,-1.29750512E+00
+21.60000E-03,+12.92637E-03,+492.66649E-03
+21.62500E-03,+45.38554E-03,-1.02440312E+00
+21.65000E-03,+23.77974E-03,-699.66866E-03
+21.67500E-03,+8.69433E-03,+771.41728E-03
+21.70000E-03,+82.01757E-03,-1.34023600E+00
+21.72500E-03,+54.03414E-03,+1.09657404E+00
+21.75000E-03,+19.48854E-03,+1.22954184E+00
+21.77500E-03,+2.25752E-03,-732.90149E-03
+21.80000E-03,+84.24675E-03,+335.68912E-03
+21.82500E-03,-17.20267E-03,-1.15728476E+00
+21.85000E-03,+13.13530E-03,+1.49287292E+00
+21.87500E-03,-107.73253E-03,-466.99991E-03
+21.90000E-03,-45.47861E-03,-853.08582E-03
+21.92500E-03,-40.87050E-03,+435.19151E-03
+21.95000E-03,-19.39006E-03,-773.05108E-03
+21.97500E-03,-49.68625E-03,-1.54889238E+00
+22.00000E-03,+4.51110E-03,-1.51425240E+00
+22.02500E-03,-49.68625E-03,-1.44652321E+00
+22.05000E-03,-70.97513E-03,-1.21944808E+00
+22.07500E-03,-49.68625E-03,-603.38517E-03
+22.10000E-03,+4.46931E-03,-631.08591E-03
+22.12500E-03,-97.02190E-03,-455.08685E-03
+22.15000E-03,-64.62189E-03,-1.07886232E+00
+22.17500E-03,-107.89967E-03,-122.24399E-03
+22.20000E-03,-8.36252E-03,-186.77858E-03
+22.22500E-03,+32.57811E-03,+361.97937E-03
+22.25000E-03,-111.99933E-03,+945.80674E-03
+22.27500E-03,-103.45870E-03,-1.60442745E+00
+22.30000E-03,-127.31808E-03,-1.67143859E+00
+22.32500E-03,-38.65870E-03,-665.89315E-03
+22.35000E-03,-6.25870E-03,-680.21949E-03
+22.37500E-03,-170.25455E-03,-1.72825599E+00
+22.40000E-03,-21.23614E-03,-695.11971E-03
+22.42500E-03,-116.63185E-03,-1.02081604E+00
+22.45000E-03,-144.44112E-03,-1.39968576E+00
+22.47500E-03,-123.51795E-03,+235.26731E-03
+22.50000E-03,-79.64112E-03,-448.41735E-03
+22.52500E-03,-81.93648E-03,-80.09835E-03
+22.55000E-03,-81.78672E-03,-655.73276E-03
+22.57500E-03,-49.98577E-03,-1.66615195E+00
+22.60000E-03,-49.68625E-03,+1.55841850E+00
+22.62500E-03,-118.47793E-03,-490.77215E-03
+22.65000E-03,-49.68625E-03,-310.88301E-03
+22.67500E-03,-53.67793E-03,+551.53156E-03
+22.70000E-03,-107.49217E-03,+1.50121163E+00
+22.72500E-03,-153.17329E-03,+1.23514280E+00
+22.75000E-03,-157.31474E-03,-506.48124E-03
+22.77500E-03,-112.49041E-03,-1.16083006E+00
+22.80000E-03,-49.68625E-03,-197.92523E-03
+22.82500E-03,-194.00594E-03,-47.76777E-03
+22.85000E-03,-206.58004E-03,-1.16932642E+00
+22.87500E-03,-49.68625E-03,-449.40944E-03
+22.90000E-03,-100.53988E-03,+1.36736210E+00
+22.92500E-03,-142.74481E-03,-271.60739E-03
+22.95000E-03,-250.52306E-03,-1.33393870E+00
+22.97500E-03,-125.06450E-03,-1.56453127E+00
+23.00000E-03,-101.09715E-03,-1.00362692E+00
+23.02500E-03,-202.58836E-03,-660.35805E-03
+23.05000E-03,-163.49381E-03,-1.45272020E+00
+23.07500E-03,-194.15571E-03,-743.35384E-03
+23.10000E-03,-161.09046E-03,+713.39929E-03
+23.12500E-03,-116.63185E-03,-885.09646E-03
+23.15000E-03,-107.53396E-03,-1.26810072E+00
+23.17500E-03,-129.35571E-03,-846.00806E-03
+23.20000E-03,-176.62517E-03,+36.55915E-03
+23.22500E-03,-191.49462E-03,-276.16670E-03
+23.25000E-03,-114.22851E-03,-1.35984618E+00
+23.27500E-03,-161.24023E-03,-915.09948E-03
+23.30000E-03,-146.11303E-03,+256.92883E-03
+23.32500E-03,-99.10131E-03,-585.09879E-03
+23.35000E-03,-116.88959E-03,-1.26062593E+00
+23.37500E-03,-200.59252E-03,-357.61172E-03
+23.40000E-03,-219.49544E-03,+419.60498E-03
+23.42500E-03,-204.36824E-03,-1.14140572E+00
+23.45000E-03,-181.68959E-03,-1.38218588E+00
+23.47500E-03,-221.89879E-03,-782.55247E-03
+23.50000E-03,-158.98665E-03,-46.46514E-03
+23.52500E-03,-237.28372E-03,-1.41035126E+00
+23.55000E-03,-179.54399E-03,-662.17594E-03
+23.57500E-03,-274.85613E-03,-1.32063263E+00
+23.60000E-03,-165.42346E-03,-913.41408E-03
+23.62500E-03,-183.57746E-03,-1.31864068E+00
+23.65000E-03,-244.34399E-03,-1.69733224E+00
+23.67500E-03,-120.04186E-03,+1.32868207E+00
+23.70000E-03,-224.30213E-03,-1.03876466E+00
+23.72500E-03,-259.47119E-03,-1.36940372E+00
+23.75000E-03,-191.90213E-03,-552.56241E-03
+23.77500E-03,-167.82680E-03,+982.50831E-03
+23.80000E-03,-135.42680E-03,+680.01681E-03
+23.82500E-03,-183.57746E-03,-1.47528721E+00
+23.85000E-03,-70.62680E-03,+422.29338E-03
+23.87500E-03,-144.37493E-03,+397.45854E-03
+23.90000E-03,-229.74977E-03,+451.31523E-03
+23.92500E-03,-192.89130E-03,-1.51705342E+00
+23.95000E-03,-237.90718E-03,-988.51645E-03
+23.97500E-03,-250.52306E-03,+149.31739E-03
+24.00000E-03,-203.36158E-03,-751.37963E-03
+24.02500E-03,-116.63185E-03,+310.47486E-03
+24.05000E-03,-183.57746E-03,+102.29250E-03
+24.07500E-03,-215.61174E-03,-325.32315E-03
+24.10000E-03,-232.88454E-03,-978.92478E-03
+24.12500E-03,-117.36328E-03,-1.73071138E+00
+24.15000E-03,-133.53894E-03,-596.36582E-03
+24.17500E-03,-184.99163E-03,+203.66515E-03
+24.20000E-03,-34.19333E-03,-1.13195917E+00
+24.22500E-03,-183.57746E-03,-1.53015940E+00
+24.25000E-03,-154.73723E-03,+986.17617E-03
+24.27500E-03,-122.33723E-03,-45.06868E-03
+24.30000E-03,-156.88283E-03,-1.01920373E+00
+24.32500E-03,-128.40832E-03,+681.23252E-03
+24.35000E-03,-162.37916E-03,-1.33891210E+00
+24.37500E-03,-88.15734E-03,-228.40616E-03
+24.40000E-03,-49.68625E-03,+101.60933E-03
+24.42500E-03,-122.70294E-03,-718.67913E-03
+24.45000E-03,-116.63185E-03,-1.71724183E+00
+24.47500E-03,-224.19415E-03,-1.24563759E+00
+24.50000E-03,-116.63185E-03,-1.24089742E+00
+24.52500E-03,-234.08967E-03,-1.72536437E+00
+24.55000E-03,-59.20913E-03,+233.34079E-03
+24.57500E-03,-153.78984E-03,+439.13773E-03
+24.60000E-03,-109.72135E-03,-1.38815008E+00
+24.62500E-03,-307.10637E-03,-1.58596992E+00
+24.65000E-03,-183.57746E-03,-983.94008E-03
+24.67500E-03,-117.46435E-03,-325.17782E-03
+24.70000E-03,-126.16165E-03,-1.61217045E+00
+24.72500E-03,-141.64766E-03,-1.09827661E+00
+24.75000E-03,-139.02836E-03,+1.19714885E+00
+24.77500E-03,-257.79237E-03,-30.59906E-03
+24.80000E-03,-57.54414E-03,-743.10344E-03
+24.82500E-03,-12.04765E-03,+196.52455E-03
+24.85000E-03,-81.61255E-03,+1.45324896E+00
+24.87500E-03,-98.88536E-03,-999.27330E-03
+24.90000E-03,-49.68625E-03,-253.57162E-03
+24.92500E-03,-116.63185E-03,-1.35571121E+00
+24.95000E-03,-83.75816E-03,-1.31562414E+00
+24.97500E-03,-85.43007E-03,-139.02572E-03
