x-axis,1,4
second,Volt,Volt
-25.00000E-03,-401.67363E-03,+74.47699E-03
-24.97500E-03,+1.47291129E+00,+109.02259E-03
-24.95000E-03,+885.31209E-03,+143.56820E-03
-24.92500E-03,-1.02767773E+00,+59.34979E-03
-24.90000E-03,+907.63193E-03,-55.12302E-03
-24.87500E-03,+896.36403E-03,+46.36819E-03
-24.85000E-03,+864.50391E-03,+74.47699E-03
-24.82500E-03,+933.16322E-03,+74.47699E-03
-24.80000E-03,+623.11659E-03,+11.82259E-03
-24.77500E-03,-645.63846E-03,+50.65940E-03
-24.75000E-03,-817.07076E-03,+74.47699E-03
-24.72500E-03,+1.61827242E+00,+7.53138E-03
-24.70000E-03,+1.29129085E+00,+61.60337E-03
-24.67500E-03,+369.61149E-03,+117.71298E-03
-24.65000E-03,+998.82703E-03,+33.49457E-03
-24.62500E-03,+1.50432557E+00,-1.15901E-03
-24.60000E-03,-113.28506E-03,+132.84018E-03
-24.57500E-03,-353.18857E-03,+100.33220E-03
-24.55000E-03,-1.34598284E+00,+7.53138E-03
-24.52500E-03,+1.30713210E+00,-46.32465E-03
-24.50000E-03,-40.75253E-03,-37.95819E-03
-24.47500E-03,+653.38492E-03,+102.47781E-03
-24.45000E-03,+719.03481E-03,+96.14897E-03
-24.42500E-03,+566.35912E-03,+3.13220E-03
-24.40000E-03,+1.17672400E+00,-59.41422E-03
-24.37500E-03,+186.69533E-03,+37.67780E-03
-24.35000E-03,+1.65132028E+00,-59.41422E-03
-24.32500E-03,-36.05728E-03,+74.47699E-03
-24.30000E-03,+624.85815E-03,-29.37578E-03
-24.27500E-03,+915.98446E-03,+5.16983E-03
-24.25000E-03,+1.34406712E+00,+89.28026E-03
-24.22500E-03,+1.26743148E+00,-59.41422E-03
-24.20000E-03,+781.04134E-03,-92.03018E-03
-24.17500E-03,+529.47982E-03,-23.04695E-03
-24.15000E-03,+711.93621E-03,+74.47699E-03
-24.12500E-03,+1.04230684E+00,-57.37660E-03
-24.10000E-03,+987.47901E-03,+7.53138E-03
-24.07500E-03,-518.38609E-03,+37.89376E-03
-24.05000E-03,-537.06258E-03,-5.55819E-03
-24.02500E-03,+782.45897E-03,-55.23099E-03
-24.00000E-03,+437.75876E-03,-16.50216E-03
-23.97500E-03,+1.83574811E+00,-20.68539E-03
-23.95000E-03,-1.10139801E+00,+7.53138E-03
-23.92500E-03,+1.53271996E+00,+13.86022E-03
-23.90000E-03,+102.57098E-03,-59.41422E-03
-23.87500E-03,-255.85273E-03,-18.53979E-03
-23.85000E-03,+978.17910E-03,-1.26698E-03
-23.82500E-03,+798.24796E-03,+66.00255E-03
-23.80000E-03,+278.13425E-03,-85.16146E-03
-23.77500E-03,+598.13912E-03,-83.33979E-03
-23.75000E-03,+1.44828215E+00,-52.76146E-03
-23.72500E-03,+1.03321240E+00,-48.79418E-03
-23.70000E-03,+574.67332E-03,-20.36146E-03
-23.67500E-03,+244.39674E-03,-59.41422E-03
-23.65000E-03,+1.49719911E+00,+3.02422E-03
-23.62500E-03,+949.41197E-03,-17.99990E-03
-23.60000E-03,+809.39395E-03,-36.24449E-03
-23.57500E-03,+727.64162E-03,-59.41422E-03
-23.55000E-03,+89.02164E-03,+2.80827E-03
-23.52500E-03,+363.00051E-03,-111.44858E-03
-23.50000E-03,+1.74316324E+00,-91.59827E-03
-23.47500E-03,-969.20656E-03,-59.41422E-03
-23.45000E-03,+1.73086783E+00,-125.92792E-03
-23.42500E-03,+239.18946E-03,-176.24858E-03
-23.40000E-03,-533.79543E-03,-57.70053E-03
-23.37500E-03,+478.31975E-03,-23.15492E-03
-23.35000E-03,+627.00375E-03,-126.35983E-03
-23.32500E-03,+703.65332E-03,-126.35983E-03
-23.30000E-03,-296.02359E-03,-132.36473E-03
-23.27500E-03,+920.42198E-03,-85.80932E-03
-23.25000E-03,+1.02396820E+00,-63.48948E-03
-23.22500E-03,-129.12631E-03,-105.01177E-03
-23.20000E-03,-512.40904E-03,-126.35983E-03
-23.17500E-03,+1.65217016E+00,-126.35983E-03
-23.15000E-03,+1.20056945E+00,-71.85594E-03
-23.12500E-03,+261.73918E-03,-149.85349E-03
-23.10000E-03,-879.27933E-03,-100.18068E-03
-23.07500E-03,-887.80948E-03,-184.39909E-03
-23.05000E-03,+1.36408112E+00,-117.99337E-03
-23.02500E-03,+801.90523E-03,-85.05348E-03
-23.00000E-03,+1.44020128E+00,-83.44776E-03
-22.97500E-03,+1.56414472E+00,-133.12057E-03
-22.95000E-03,+640.13511E-03,-182.79337E-03
-22.92500E-03,+511.70892E-03,-154.14469E-03
-22.90000E-03,+91.39712E-03,-80.02037E-03
-22.87500E-03,+1.49136838E+00,-251.02077E-03
-22.85000E-03,+1.36985614E+00,-126.35983E-03
-22.82500E-03,+1.48538086E+00,-96.42936E-03
-22.80000E-03,-751.83885E-03,-193.30543E-03
-22.77500E-03,+1.55263301E+00,-193.30543E-03
-22.75000E-03,+1.05831178E+00,-178.50216E-03
-22.72500E-03,+1.45190109E+00,-97.07722E-03
-22.70000E-03,+439.91830E-03,-143.95656E-03
-22.67500E-03,+1.19076798E+00,-60.06208E-03
-22.65000E-03,+215.23604E-03,-176.35656E-03
-22.62500E-03,-156.35736E-03,-193.30543E-03
-22.60000E-03,+1.39551981E+00,-38.82200E-03
-22.57500E-03,+1.60441654E+00,-128.18150E-03
-22.55000E-03,+259.49953E-03,-193.30543E-03
-22.52500E-03,-311.57223E-03,-193.30543E-03
-22.50000E-03,+1.48819872E+00,-86.02527E-03
-22.47500E-03,+1.39692696E+00,-319.26209E-03
-22.45000E-03,+260.78132E-03,-260.25104E-03
-22.42500E-03,-849.09112E-03,-183.22528E-03
-22.40000E-03,+1.48392145E+00,-81.73407E-03
-22.37500E-03,+1.35024964E+00,-138.58559E-03
-22.35000E-03,-564.46780E-03,-213.47967E-03
-22.32500E-03,-347.36831E-03,-207.67680E-03
-22.30000E-03,+1.40705592E+00,-126.35983E-03
-22.27500E-03,+1.32590610E+00,-75.93119E-03
-22.25000E-03,+298.36420E-03,-151.89111E-03
-22.22500E-03,-215.21865E-03,-150.50135E-03
-22.20000E-03,+1.58434682E+00,-140.09726E-03
-22.17500E-03,+1.15931882E+00,-214.11360E-03
-22.15000E-03,+455.85705E-03,-193.30543E-03
-22.12500E-03,+1.13807528E+00,-215.30135E-03
-22.10000E-03,+1.43193935E+00,-131.08294E-03
-22.07500E-03,+1.36825042E+00,-138.90952E-03
-22.05000E-03,+132.03120E-03,-297.37415E-03
-22.02500E-03,+939.96574E-03,-126.35983E-03
-22.00000E-03,+823.89769E-03,-195.88294E-03
-21.97500E-03,+640.06892E-03,-141.05512E-03
-21.95000E-03,-248.59044E-03,-225.27353E-03
-21.92500E-03,+1.29796802E+00,-179.47395E-03
-21.90000E-03,+1.45984612E+00,-127.22364E-03
-21.87500E-03,+1.03494002E+00,-193.30543E-03
-21.85000E-03,-251.11915E-03,-160.47353E-03
-21.82500E-03,+959.35284E-03,-141.91893E-03
-21.80000E-03,+1.65147350E+00,-258.53734E-03
-21.77500E-03,+541.47915E-03,-241.26454E-03
-21.75000E-03,+747.47800E-03,-162.61913E-03
-21.72500E-03,-307.90102E-03,-260.25104E-03
-21.70000E-03,-140.27230E-03,-193.30543E-03
-21.67500E-03,+680.43133E-03,-214.43753E-03
-21.65000E-03,-838.59644E-03,-193.30543E-03
-21.62500E-03,-245.90841E-03,-193.30543E-03
-21.60000E-03,+1.29866112E+00,-193.30543E-03
-21.57500E-03,-168.54134E-03,-196.19294E-03
-21.55000E-03,-1.60669452E+00,-233.85594E-03
-21.52500E-03,+313.54021E-03,-202.42773E-03
-21.50000E-03,+1.28067427E+00,-319.04614E-03
-21.47500E-03,+190.63821E-03,-244.15205E-03
-21.45000E-03,-180.73924E-03,-254.44816E-03
-21.42500E-03,+1.31782880E+00,-126.35983E-03
-21.40000E-03,+751.99207E-03,-146.95205E-03
-21.37500E-03,+815.10278E-03,-260.25104E-03
-21.35000E-03,-853.26042E-03,-215.40932E-03
-21.32500E-03,+1.43208566E+00,-131.19092E-03
-21.30000E-03,+985.80710E-03,-193.30543E-03
-21.27500E-03,+1.01921723E+00,-267.76761E-03
-21.25000E-03,+862.42105E-03,-146.31812E-03
-21.22500E-03,+1.53955736E+00,-257.56555E-03
-21.20000E-03,+903.89799E-03,-260.25104E-03
-21.17500E-03,-1.10582159E+00,-225.16555E-03
-21.15000E-03,+769.49832E-03,-193.30543E-03
-21.12500E-03,+1.66014305E+00,-193.30543E-03
-21.10000E-03,+334.85339E-03,-260.25104E-03
-21.07500E-03,+247.53151E-03,-194.37127E-03
-21.05000E-03,-273.45292E-03,-142.02691E-03
-21.02500E-03,+1.60459416E+00,-196.51687E-03
-21.00000E-03,+633.44056E-03,-164.11687E-03
-20.97500E-03,+1.19831587E+00,-198.66248E-03
-20.95000E-03,+957.66354E-03,-153.40279E-03
-20.92500E-03,+1.20011314E+00,-3.72259E-03
-20.90000E-03,+530.59090E-03,-239.22691E-03
-20.87500E-03,+1.41520988E+00,-174.00893E-03
-20.85000E-03,+842.30252E-03,-237.49929E-03
-20.82500E-03,+632.33639E-03,-132.25675E-03
-20.80000E-03,-800.68618E-03,-260.25104E-03
-20.77500E-03,-831.22617E-03,-152.86290E-03
-20.75000E-03,+616.51264E-03,-135.59010E-03
-20.72500E-03,+1.47257688E+00,-201.34796E-03
-20.70000E-03,+577.76631E-03,-101.04450E-03
-20.67500E-03,-322.32464E-03,-217.66290E-03
-20.65000E-03,+1.65556970E+00,-200.39010E-03
-20.62500E-03,+992.51558E-03,-250.06290E-03
-20.60000E-03,+204.25028E-03,-205.32917E-03
-20.57500E-03,-872.77287E-03,-193.30543E-03
-20.55000E-03,+1.41680869E+00,-131.29889E-03
-20.52500E-03,+856.11651E-03,-302.52917E-03
-20.50000E-03,-1.39680160E+00,-222.91197E-03
-20.47500E-03,-1.33873793E+00,-166.49236E-03
-20.45000E-03,+1.67623858E+00,-123.56637E-03
-20.42500E-03,+607.79082E-03,-155.31851E-03
-20.40000E-03,+57.72224E-03,-158.11197E-03
-20.37500E-03,+1.47177580E+00,-211.22609E-03
-20.35000E-03,+1.64059928E+00,-60.70994E-03
-20.32500E-03,-163.57441E-03,-193.30543E-03
-20.30000E-03,+185.63652E-03,-125.50994E-03
-20.27500E-03,+510.91832E-03,-90.96434E-03
-20.25000E-03,+1.28349559E+00,-60.91197E-03
-20.22500E-03,+655.68029E-03,-174.53489E-03
-20.20000E-03,+35.87620E-03,-157.26209E-03
-20.17500E-03,+184.80402E-03,-193.30543E-03
-20.15000E-03,+281.44319E-03,-126.35983E-03
-20.12500E-03,+560.88708E-03,-147.27598E-03
-20.10000E-03,+754.80648E-03,-164.54878E-03
-20.07500E-03,+1.15490927E+00,-204.78928E-03
-20.05000E-03,+1.42798243E+00,-126.35983E-03
-20.02500E-03,+656.68339E-03,-82.47597E-03
-20.00000E-03,-420.41286E-03,-126.35983E-03
-19.97500E-03,+1.22540417E+00,-126.35983E-03
-19.95000E-03,+1.32451979E+00,-59.41422E-03
-19.92500E-03,+691.37530E-03,-168.09808E-03
-19.90000E-03,+1.07356790E+00,-126.35983E-03
-19.87500E-03,+216.87663E-03,-186.11279E-03
-19.85000E-03,+1.21641760E+00,-22.70909E-03
-19.82500E-03,+115.90436E-03,-99.00687E-03
-19.80000E-03,-290.21370E-03,-148.67967E-03
-19.77500E-03,+1.54746406E+00,-7.60975E-03
-19.75000E-03,+1.23932959E+00,-126.35983E-03
-19.72500E-03,-618.40741E-03,-67.36270E-03
-19.70000E-03,+1.83412846E+00,-99.76271E-03
-19.67500E-03,+570.80711E-03,+4.62994E-03
-19.65000E-03,+1.10333457E+00,-111.98847E-03
-19.62500E-03,-318.98428E-03,-126.35983E-03
-19.60000E-03,-370.91066E-03,-59.41422E-03
-19.57500E-03,+1.77956539E+00,-125.60399E-03
-19.55000E-03,+998.20001E-03,-8.98558E-03
-19.52500E-03,+525.42195E-03,-126.35983E-03
-19.50000E-03,+949.84744E-03,-8.35165E-03
-19.47500E-03,+1.68221552E+00,+7.53138E-03
-19.45000E-03,+1.09184726E+00,-78.07679E-03
-19.42500E-03,-898.38428E-03,-95.34959E-03
-19.40000E-03,+559.36159E-03,-6.20605E-03
-19.37500E-03,+1.44782929E+00,-122.82446E-03
-19.35000E-03,+834.06833E-03,+7.53138E-03
-19.32500E-03,-434.89220E-03,-88.27885E-03
-19.30000E-03,+561.08921E-03,-4.06045E-03
-19.27500E-03,-202.06289E-03,+7.53138E-03
-19.25000E-03,+208.46482E-03,-124.44411E-03
-19.22500E-03,-216.12080E-03,-45.90667E-03
-19.20000E-03,+419.74405E-03,-126.35983E-03
-19.17500E-03,+805.02608E-03,-59.41422E-03
-19.15000E-03,+619.46623E-03,+24.27823E-03
-19.12500E-03,-1.23889423E+00,+7.53138E-03
-19.10000E-03,+1.10777219E+00,+74.47699E-03
-19.07500E-03,+984.16651E-03,-2.44080E-03
-19.05000E-03,-1.10537576E+00,-19.71360E-03
-19.02500E-03,+1.15678666E+00,-37.32426E-03
-19.00000E-03,+1.08631616E+00,+74.47699E-03
-18.97500E-03,+1.37764784E+00,+19.64916E-03
-18.95000E-03,+287.38536E-03,-21.85920E-03
-18.92500E-03,+1.74668468E+00,+33.91255E-03
-18.90000E-03,+1.06885872E+00,+68.45816E-03
-18.87500E-03,+1.14704425E+00,-6.73200E-03
-18.85000E-03,+321.45727E-03,+42.94080E-03
-18.82500E-03,+1.65683756E+00,-28.74185E-03
-18.80000E-03,+1.63390473E+00,+72.74936E-03
-18.77500E-03,+163.39668E-03,+58.06800E-03
-18.75000E-03,+830.75939E-03,+7.11340E-03
-18.72500E-03,-687.34540E-03,+7.53138E-03
-18.70000E-03,+42.59159E-03,+137.57722E-03
-18.67500E-03,+53.89080E-03,+26.08597E-03
-18.65000E-03,+1.33133981E+00,+12.24057E-03
-18.62500E-03,+1.68064122E+00,-59.41422E-03
-18.60000E-03,+1.41636275E+00,+10.95878E-03
-18.57500E-03,+1.63091961E+00,+53.77679E-03
-18.55000E-03,+1.78953055E+00,+112.44998E-03
-18.52500E-03,-865.72653E-03,-47.71442E-03
-18.50000E-03,-111.45993E-03,+1.95839E-03
-18.47500E-03,+46.25232E-03,+7.53138E-03
-18.45000E-03,+360.09216E-03,+74.47699E-03
-18.42500E-03,+66.87942E-03,+122.31419E-03
-18.40000E-03,+1.21808951E+00,+7.53138E-03
-18.37500E-03,+324.10442E-03,+15.55998E-03
-18.35000E-03,+880.12230E-03,+92.05979E-03
-18.32500E-03,+1.48155298E+00,+7.53138E-03
-18.30000E-03,+1.23540756E+00,+74.47699E-03
-18.27500E-03,+559.22910E-03,+114.28559E-03
-18.25000E-03,+448.06880E-03,+51.94119E-03
-18.22500E-03,+1.58501217E+00,+12.79438E-03
-18.20000E-03,+1.43701068E+00,+19.54119E-03
-18.17500E-03,-1.18411867E+00,+36.81399E-03
-18.15000E-03,+768.69713E-03,+100.64220E-03
-18.12500E-03,+1.46493149E+00,-53.17944E-03
-18.10000E-03,+994.18047E-03,+88.63240E-03
-18.07500E-03,+1.28960847E+00,+105.90520E-03
-18.05000E-03,+1.10231764E+00,+190.12361E-03
-18.02500E-03,+1.72503710E+00,-59.41422E-03
-18.00000E-03,+1.03030739E+00,+141.42259E-03
-17.97500E-03,+27.71511E-03,+141.42259E-03
-17.95000E-03,+959.38426E-03,+176.17022E-03
-17.92500E-03,+1.08994892E+00,+206.02057E-03
-17.90000E-03,+756.07424E-03,+141.42259E-03
-17.87500E-03,-155.90451E-03,+43.25080E-03
-17.85000E-03,-778.10859E-03,+113.51582E-03
-17.82500E-03,+1.76881287E+00,+74.47699E-03
-17.80000E-03,-216.09294E-03,+74.47699E-03
-17.77500E-03,-495.57516E-03,+74.47699E-03
-17.75000E-03,+618.53288E-03,+62.66921E-03
-17.72500E-03,+756.89281E-03,+7.53138E-03
-17.70000E-03,-82.07626E-03,+97.21481E-03
-17.67500E-03,-981.16756E-03,+114.48761E-03
-17.65000E-03,+88.33890E-03,+112.43606E-03
-17.62500E-03,+1.34032271E+00,+133.81197E-03
-17.60000E-03,+347.11391E-03,+158.60135E-03
-17.57500E-03,-1.20249910E+00,+116.63321E-03
-17.55000E-03,-1.07934983E+00,+66.96041E-03
-17.52500E-03,+1.12729144E+00,+74.47699E-03
-17.50000E-03,+548.80061E-03,+141.42259E-03
-17.47500E-03,+348.50033E-03,+185.72442E-03
-17.45000E-03,+1.38897859E+00,+141.42259E-03
-17.42500E-03,+554.88563E-03,+98.28065E-03
-17.40000E-03,+1.11749699E+00,+132.82625E-03
-17.37500E-03,-135.42372E-03,+141.42259E-03
-17.35000E-03,+1.20022122E+00,+13.98212E-03
-17.32500E-03,+1.15147475E+00,+141.42259E-03
-17.30000E-03,-453.33525E-03,+105.79722E-03
-17.27500E-03,-362.88563E-03,+74.47699E-03
-17.25000E-03,+1.61533276E+00,+273.15427E-03
-17.22500E-03,+654.45767E-03,+208.36820E-03
-17.20000E-03,-1.40585770E+00,+208.35427E-03
-17.17500E-03,-128.27297E-03,+175.95427E-03
-17.15000E-03,+1.90092073E+00,+273.18213E-03
-17.12500E-03,+45.05410E-03,+74.47699E-03
-17.10000E-03,+1.33602804E+00,+141.42259E-03
-17.07500E-03,+855.61496E-03,+127.36123E-03
-17.05000E-03,+1.72996213E+00,+13.95426E-03
-17.02500E-03,+785.83756E-03,+187.88395E-03
-17.00000E-03,+1.89509702E+00,+246.12524E-03
-16.97500E-03,+1.24076817E+00,+196.45244E-03
-16.95000E-03,+1.34955643E+00,+197.65411E-03
-16.92500E-03,+1.17106387E+00,+97.10683E-03
-16.90000E-03,+366.68921E-03,+141.42259E-03
-16.87500E-03,-432.08136E-03,+141.42259E-03
-16.85000E-03,+756.01852E-03,+193.36290E-03
-16.82500E-03,-18.99006E-03,+166.19804E-03
-16.80000E-03,-1.15522618E+00,+183.47084E-03
-16.77500E-03,+1.72885818E+00,+141.42259E-03
-16.75000E-03,+217.17260E-03,+198.71995E-03
-16.72500E-03,+1.02539273E+00,+141.42259E-03
-16.70000E-03,+479.58415E-03,+118.67084E-03
-16.67500E-03,-286.61570E-03,+202.88925E-03
-16.65000E-03,+390.22109E-03,+141.42259E-03
-16.62500E-03,-180.58245E-03,+56.85240E-03
-16.60000E-03,-1.01937055E+00,+187.76205E-03
-16.57500E-03,+1.96836800E+00,+205.03485E-03
-16.55000E-03,-158.83737E-03,+88.41644E-03
-16.52500E-03,+731.00984E-03,+136.90150E-03
-16.50000E-03,-1.65051218E+00,+189.90765E-03
-16.47500E-03,+1.80796335E+00,+11.09461E-03
-16.45000E-03,+976.31898E-03,+90.56205E-03
-16.42500E-03,-128.14416E-03,+141.42259E-03
-16.40000E-03,+996.84177E-03,+175.73831E-03
-16.37500E-03,+1.90885529E+00,+273.39808E-03
-16.35000E-03,+755.53090E-03,+159.65325E-03
-16.32500E-03,+189.56881E-03,+109.98045E-03
-16.30000E-03,+1.72498138E+00,+246.97513E-03
-16.27500E-03,+1.27240877E+00,+71.37352E-03
-16.25000E-03,+160.01453E-03,+121.04633E-03
-16.22500E-03,-426.48050E-03,+141.42259E-03
-16.20000E-03,+372.12292E-03,+117.37512E-03
-16.17500E-03,+487.03097E-03,+203.11913E-03
-16.15000E-03,+595.69043E-03,+252.79193E-03
-16.12500E-03,+866.96643E-03,+74.47699E-03
-16.10000E-03,+1.57152902E+00,+198.49007E-03
-16.07500E-03,+1.36385113E+00,+81.87166E-03
-16.05000E-03,-895.02307E-03,+74.47699E-03
-16.02500E-03,-1.15342189E+00,+225.30314E-03
-16.00000E-03,-347.54593E-03,+192.90314E-03
-15.97500E-03,+1.54105845E+00,+141.42259E-03
-15.95000E-03,-1.04518744E+00,+114.60952E-03
-15.92500E-03,+313.49151E-03,+162.64874E-03
-15.90000E-03,-580.35775E-03,+141.42259E-03
-15.87500E-03,-76.45457E-03,+74.47699E-03
-15.85000E-03,+755.99066E-03,+141.42259E-03
-15.82500E-03,-801.54643E-03,+120.70847E-03
-15.80000E-03,-604.07092E-03,+201.48555E-03
-15.77500E-03,+513.44691E-03,+194.53672E-03
-15.75000E-03,+175.09660E-03,+105.58127E-03
-15.72500E-03,-435.88839E-03,+238.17676E-03
-15.70000E-03,-279.44389E-03,+141.42259E-03
-15.67500E-03,+343.04913E-03,+90.45407E-03
-15.65000E-03,-120.96198E-03,+141.42259E-03
-15.62500E-03,+1.08993867E+00,+175.52236E-03
-15.60000E-03,-20.39721E-03,+206.66843E-03
-15.57500E-03,+980.92019E-03,+220.94574E-03
-15.55000E-03,+8.47789E-03,+74.47699E-03
-15.52500E-03,+1.60860333E+00,+127.14528E-03
-15.50000E-03,+780.42825E-03,+269.32283E-03
-15.47500E-03,+751.73422E-03,+121.15430E-03
-15.45000E-03,+1.55102729E+00,+74.47699E-03
-15.42500E-03,+1.18296937E+00,+86.60870E-03
-15.40000E-03,+1.60199916E+00,+12.67247E-03
-15.37500E-03,-469.80352E-03,+74.47699E-03
-15.35000E-03,-147.14113E-03,+168.68150E-03
-15.32500E-03,+1.46800364E+00,+131.43648E-03
-15.30000E-03,+1.54657573E+00,+81.76368E-03
-15.27500E-03,-518.12144E-03,+56.65037E-03
-15.25000E-03,-736.33201E-03,+116.30928E-03
-15.22500E-03,-1.24000186E+00,+141.42259E-03
-15.20000E-03,+541.08201E-03,+83.90928E-03
-15.17500E-03,+325.58122E-03,+154.95800E-03
-15.15000E-03,+109.48839E-03,+28.54158E-03
-15.12500E-03,+1.67654858E+00,+135.72769E-03
-15.10000E-03,+1.28904764E+00,+252.15800E-03
-15.07500E-03,+205.60862E-03,+103.32769E-03
-15.05000E-03,-876.10265E-03,+95.29909E-03
-15.02500E-03,+1.82025530E+00,+264.66590E-03
-15.00000E-03,+319.68084E-03,+60.75348E-03
-14.97500E-03,+702.84868E-03,+105.47329E-03
-14.95000E-03,-1.48832408E+00,+55.80049E-03
-14.92500E-03,+1.98828461E+00,+138.61520E-03
-14.90000E-03,+1.42121122E+00,+90.34609E-03
-14.87500E-03,+1.08105651E+00,+141.42259E-03
-14.85000E-03,+1.01651446E+00,+108.36080E-03
-14.82500E-03,+1.63506094E+00,+74.47699E-03
-14.80000E-03,-347.39271E-03,+74.47699E-03
-14.77500E-03,+1.02596058E+00,+78.10640E-03
-14.75000E-03,+1.00195501E+00,+127.03730E-03
-14.72500E-03,+1.77105943E+00,+74.47699E-03
-14.70000E-03,+96.97001E-03,+74.47699E-03
-14.67500E-03,+545.65547E-03,+74.47699E-03
-14.65000E-03,-270.01851E-03,+7.53138E-03
-14.62500E-03,+704.20011E-03,+74.47699E-03
-14.60000E-03,-290.03262E-03,+74.47699E-03
-14.57500E-03,+560.42743E-03,+114.05570E-03
-14.55000E-03,+1.28902000E+00,+64.38290E-03
-14.52500E-03,+1.44141678E+00,+127.06516E-03
-14.50000E-03,+541.27702E-03,+31.98290E-03
-14.47500E-03,-163.77978E-03,+65.75874E-03
-14.45000E-03,+1.69625259E+00,+7.53138E-03
-14.42500E-03,+1.27604509E+00,+55.82835E-03
-14.40000E-03,-101.86049E-03,+114.82547E-03
-14.37500E-03,+1.26994636E+00,+95.27123E-03
-14.35000E-03,-366.43136E-03,+7.53138E-03
-14.32500E-03,-277.15209E-03,+7.53138E-03
-14.30000E-03,+236.14160E-03,+45.73426E-03
-14.27500E-03,+1.39754696E+00,+32.61683E-03
-14.25000E-03,+1.47868987E+00,+134.10804E-03
-14.22500E-03,+1.32872386E+00,+60.86146E-03
-14.20000E-03,-1.18963941E+00,+38.41971E-03
-14.17500E-03,+1.63027877E+00,+36.90804E-03
-14.15000E-03,+1.52160884E+00,-59.41422E-03
-14.12500E-03,+767.45357E-03,-8.22975E-03
-14.10000E-03,+277.43758E-03,-27.25803E-03
-14.07500E-03,+958.94890E-03,-42.77535E-03
-14.05000E-03,+1.91606532E+00,+140.15473E-03
-14.02500E-03,+1.10916876E+00,+105.60913E-03
-14.00000E-03,+470.70901E-03,-24.23469E-03
-13.97500E-03,-575.59285E-03,-6.96189E-03
-13.95000E-03,+178.83734E-03,+71.69745E-03
-13.92500E-03,+1.00543790E+00,+54.42465E-03
-13.90000E-03,-408.86293E-03,-118.65516E-03
-13.87500E-03,+1.62231636E+00,-4.81628E-03
-13.85000E-03,+1.62822009E+00,+2.60625E-03
-13.82500E-03,+676.14002E-03,-36.86450E-03
-13.80000E-03,-963.16678E-03,+19.52726E-03
-13.77500E-03,+1.13933969E+00,+7.53138E-03
-13.75000E-03,+1.20035338E+00,-66.48496E-03
-13.72500E-03,-12.15968E-03,-35.07068E-03
-13.70000E-03,+736.45748E-03,-1.51079E-03
-13.67500E-03,+1.46666614E+00,-59.41422E-03
-13.65000E-03,+1.32585028E+00,-59.41422E-03
-13.62500E-03,+544.23774E-03,-99.87068E-03
-13.60000E-03,+95.07535E-03,-36.23057E-03
-13.57500E-03,+1.49425600E+00,-53.50337E-03
-13.55000E-03,+1.32910350E+00,+7.53138E-03
-13.52500E-03,-620.68194E-03,-126.35983E-03
-13.50000E-03,+1.67364012E+00,-34.54473E-03
-13.47500E-03,+1.42762028E+00,-126.35983E-03
-13.45000E-03,+1.32303597E+00,-166.29033E-03
-13.42500E-03,+160.08439E-03,-59.41422E-03
-13.40000E-03,+1.15656380E+00,-49.14597E-03
-13.37500E-03,+1.60723451E+00,-124.74018E-03
-13.35000E-03,+618.86706E-03,-75.06738E-03
-13.32500E-03,+590.36469E-03,-25.39457E-03
-13.30000E-03,+652.37491E-03,-76.16107E-03
-13.27500E-03,+1.78544126E+00,-59.94018E-03
-13.25000E-03,-547.51202E-03,-95.01174E-03
-13.22500E-03,+1.31333201E+00,-126.35983E-03
-13.20000E-03,-827.58974E-03,-126.35983E-03
-13.17500E-03,+570.60843E-03,-62.08578E-03
-13.15000E-03,+736.25524E-03,-99.30294E-03
-13.12500E-03,+884.59102E-03,-89.14267E-03
-13.10000E-03,-611.84524E-03,-59.41422E-03
-13.07500E-03,+1.02678595E+00,-6.92010E-03
-13.05000E-03,+714.98741E-03,-171.21547E-03
-13.02500E-03,+618.60241E-03,-126.35983E-03
-13.00000E-03,+1.26165646E+00,-136.66987E-03
-12.97500E-03,+1.46635592E+00,-186.34267E-03
-12.95000E-03,+496.42839E-03,-59.41422E-03
-12.92500E-03,+1.01493304E+00,-202.67154E-03
-12.90000E-03,+1.18378783E+00,-126.35983E-03
-12.87500E-03,+1.39446779E+00,-126.35983E-03
-12.85000E-03,-158.57272E-03,-166.92426E-03
-12.82500E-03,-35.00882E-03,-193.30543E-03
-12.80000E-03,-960.57535E-03,-65.43305E-03
-12.77500E-03,+957.43355E-03,-226.48913E-03
-12.75000E-03,+1.50247949E+00,-203.19749E-03
-12.72500E-03,+613.03298E-03,-147.50586E-03
-12.70000E-03,-385.08000E-03,-215.08E-06
-12.67500E-03,+762.83498E-03,-126.35983E-03
-12.65000E-03,+1.36691637E+00,-95.68745E-03
-12.62500E-03,+161.94774E-03,-145.36026E-03
-12.60000E-03,+1.37994332E+00,-126.35983E-03
-12.57500E-03,-522.52062E-03,-110.81465E-03
-12.55000E-03,-67.02238E-03,-126.35983E-03
-12.52500E-03,+287.00571E-03,-93.12387E-03
-12.50000E-03,-337.23589E-03,-59.83220E-03
-12.47500E-03,+1.07215362E+00,-126.35983E-03
-12.45000E-03,-567.54686E-03,-193.30543E-03
-12.42500E-03,+854.07543E-03,-141.06905E-03
-12.40000E-03,+1.47595191E+00,-128.92341E-03
-12.37500E-03,+654.54815E-03,-99.08699E-03
-12.35000E-03,+1.22031178E+00,-186.03267E-03
-12.32500E-03,+121.14652E-03,-138.92345E-03
-12.30000E-03,+962.81845E-03,-126.35983E-03
-12.27500E-03,-572.53128E-03,-238.26905E-03
-12.25000E-03,-307.35077E-03,-154.05064E-03
-12.22500E-03,-1.25267345E+00,-203.72345E-03
-12.20000E-03,+1.27080996E+00,-126.35983E-03
-12.17500E-03,+491.38826E-03,-303.06905E-03
-12.15000E-03,+1.64809491E+00,-177.45026E-03
-12.12500E-03,+1.13440073E+00,-92.50387E-03
-12.10000E-03,+1.34568320E+00,-251.25065E-03
-12.07500E-03,-1.07795315E+00,-193.30543E-03
-12.05000E-03,-189.82309E-03,-196.55866E-03
-12.02500E-03,+1.42901707E+00,-193.30543E-03
-12.00000E-03,+781.54279E-03,-260.25104E-03
-11.97500E-03,-357.43108E-03,-231.83224E-03
-11.95000E-03,-1.15614571E+00,-147.61384E-03
-11.92500E-03,-520.37491E-03,-323.21544E-03
-11.90000E-03,+1.36842103E+00,-139.65142E-03
-11.87500E-03,+1.38692692E+00,-89.97862E-03
-11.85000E-03,+38.08443E-03,-145.46823E-03
-11.82500E-03,-45.89006E-03,-191.46983E-03
-11.80000E-03,+1.04591174E+00,-193.30543E-03
-11.77500E-03,+1.44467011E+00,-160.59543E-03
-11.75000E-03,-1.23713529E+00,-226.32544E-03
-11.72500E-03,+1.19324086E+00,-259.94104E-03
-11.70000E-03,+444.91999E-03,-143.94263E-03
-11.67500E-03,-1.22438012E+00,-193.30543E-03
-11.65000E-03,+522.35693E-03,-155.99422E-03
-11.62500E-03,-130.79131E-03,-193.30543E-03
-11.60000E-03,+30.38667E-03,-193.30543E-03
-11.57500E-03,-641.41701E-03,-297.25225E-03
-11.55000E-03,+1.11250232E+00,-151.70302E-03
-11.52500E-03,+829.33820E-03,-193.30543E-03
-11.50000E-03,+413.58582E-03,-238.37703E-03
-11.47500E-03,-1.21126615E+00,-154.15862E-03
-11.45000E-03,+244.62673E-03,-136.88582E-03
-11.42500E-03,+1.28284762E+00,-119.61302E-03
-11.40000E-03,-842.70657E-03,-284.27065E-03
-11.37500E-03,+657.52647E-03,-152.01302E-03
-11.35000E-03,+1.23795743E+00,-318.81625E-03
-11.32500E-03,+849.32435E-03,-251.35862E-03
-11.30000E-03,-28.51986E-03,-167.14022E-03
-11.27500E-03,+895.84510E-03,-149.86742E-03
-11.25000E-03,+1.42884647E+00,-187.07065E-03
-11.22500E-03,+1.18868489E+00,-193.30543E-03
-11.20000E-03,-1.21268377E+00,-193.30543E-03
-11.17500E-03,+727.99352E-03,-147.72181E-03
-11.15000E-03,+1.33937899E+00,-134.53819E-03
-11.12500E-03,+516.39014E-03,-193.30543E-03
-11.10000E-03,-681.22895E-03,-260.25104E-03
-11.07500E-03,-1.64512728E+00,-241.03466E-03
-11.05000E-03,+1.57948441E+00,-191.36185E-03
-11.02500E-03,+825.86211E-03,-141.68905E-03
-11.00000E-03,+12.67840E-03,-158.96185E-03
-10.97500E-03,+636.33520E-03,-210.37621E-03
-10.95000E-03,+728.92676E-03,-126.76388E-03
-10.92500E-03,+191.72834E-03,-161.30948E-03
-10.90000E-03,-645.85452E-03,-260.25104E-03
-10.87500E-03,+548.31321E-03,-141.28500E-03
-10.85000E-03,+1.29195955E+00,-324.84902E-03
-10.82500E-03,+782.63648E-03,-221.01018E-03
-10.80000E-03,-10.75576E-03,-223.35781E-03
-10.77500E-03,-1.18555724E+00,-206.08500E-03
-10.75000E-03,-112.33077E-03,-193.30543E-03
-10.72500E-03,-949.11946E-03,-171.53940E-03
-10.70000E-03,+212.12210E-03,-193.30543E-03
-10.67500E-03,+1.07741327E+00,-80.68216E-03
-10.65000E-03,+1.33505960E+00,-186.66660E-03
-10.62500E-03,+1.23368695E+00,-255.46174E-03
-10.60000E-03,-957.41282E-03,-234.48987E-03
-10.57500E-03,-805.26989E-03,-184.81707E-03
-10.55000E-03,+964.51120E-03,-184.52100E-03
-10.52500E-03,+422.89265E-03,-152.41707E-03
-10.50000E-03,-681.15931E-03,-146.07430E-03
-10.47500E-03,+1.61655527E+00,-199.64819E-03
-10.45000E-03,+1.11347735E+00,-137.28987E-03
-10.42500E-03,+337.56662E-03,-126.35983E-03
-10.40000E-03,+275.38959E-03,-126.35983E-03
-10.37500E-03,+175.86280E-03,-130.55699E-03
-10.35000E-03,+965.98800E-03,-206.38108E-03
-10.32500E-03,+89.27225E-03,-156.70827E-03
-10.30000E-03,-10.35183E-03,-173.98108E-03
-10.27500E-03,-466.56768E-03,-195.35699E-03
-10.25000E-03,+952.18092E-03,-126.35983E-03
-10.22500E-03,+1.18818690E+00,-93.86578E-03
-10.20000E-03,-529.00256E-03,-243.07228E-03
-10.17500E-03,+1.40134342E+00,-59.60232E-03
-10.15000E-03,+1.32378134E+00,-175.93858E-03
-10.12500E-03,+1.53041412E+00,-91.72018E-03
-10.10000E-03,+1.08053423E+00,-178.27228E-03
-10.07500E-03,-160.76702E-03,-59.41422E-03
-10.05000E-03,-713.87288E-03,-165.38473E-03
-10.02500E-03,-631.27768E-03,-163.14508E-03
-10.00000E-03,+612.19368E-03,-180.41788E-03
-9.97500E-03,+1.43566961E+00,-255.86578E-03
-9.95000E-03,-862.40712E-03,-193.30543E-03
-9.92500E-03,-448.62272E-03,-126.35983E-03
-9.90000E-03,+1.49678114E+00,-24.69445E-03
-9.87500E-03,+1.09890742E+00,-119.82897E-03
-9.85000E-03,+138.35658E-03,-231.98201E-03
-9.82500E-03,+433.65911E-03,-59.41422E-03
-9.80000E-03,+1.21985914E+00,-243.05835E-03
-9.77500E-03,+298.83433E-03,-76.76714E-03
-9.75000E-03,+694.32544E-03,-141.40691E-03
-9.72500E-03,+265.18396E-03,-126.35983E-03
-9.70000E-03,+236.39265E-03,-59.41422E-03
-9.67500E-03,+1.02028986E+00,-59.41422E-03
-9.65000E-03,+346.59832E-03,-126.35983E-03
-9.62500E-03,+151.04556E-03,-102.57010E-03
-9.60000E-03,+732.52854E-03,-63.71936E-03
-9.57500E-03,+1.04908485E+00,-59.41422E-03
-9.55000E-03,-69.46060E-03,-59.41422E-03
-9.52500E-03,+1.54839752E+00,-78.84656E-03
-9.50000E-03,+1.36482670E+00,-61.57375E-03
-9.47500E-03,+395.28897E-03,-111.24656E-03
-9.45000E-03,+799.21618E-03,-59.41422E-03
-9.42500E-03,+871.84654E-03,-27.04208E-03
-9.40000E-03,+1.60597021E+00,-193.29150E-03
-9.37500E-03,+765.18951E-03,-59.41422E-03
-9.35000E-03,-374.14294E-03,-57.29648E-03
-9.32500E-03,+998.67047E-03,-74.55535E-03
-9.30000E-03,+1.43742855E+00,+5.39971E-03
-9.27500E-03,+305.62293E-03,-59.41422E-03
-9.25000E-03,-377.81425E-03,-126.35983E-03
-9.22500E-03,+922.27496E-03,+48.48594E-03
-9.20000E-03,+314.63725E-03,+3.25410E-03
-9.17500E-03,+1.29032943E+00,+31.37683E-03
-9.15000E-03,+214.00316E-03,-20.59134E-03
-9.12500E-03,+948.08839E-03,-14.16846E-03
-9.10000E-03,+1.35620218E+00,-113.51407E-03
-9.07500E-03,-981.64137E-03,+50.78130E-03
-9.05000E-03,+56.87225E-03,+22.52275E-03
-9.02500E-03,+1.31138519E+00,+57.06835E-03
-9.00000E-03,+1.60885394E+00,+7.53138E-03
-8.97500E-03,+375.68236E-03,-18.30990E-03
-8.95000E-03,+44.40268E-03,-35.58271E-03
-8.92500E-03,+55.18663E-03,-59.41422E-03
-8.90000E-03,+1.39500411E+00,-59.41422E-03
-8.87500E-03,+251.23738E-03,+57.46193E-03
-8.85000E-03,-761.86329E-03,-59.41422E-03
-8.82500E-03,-820.25078E-03,+11.94449E-03
-8.80000E-03,+804.09942E-03,-59.41422E-03
-8.77500E-03,+126.79239E-03,-22.60111E-03
-8.75000E-03,-961.86426E-03,+74.47699E-03
-8.72500E-03,+1.70884061E+00,+9.79889E-03
-8.70000E-03,+975.31577E-03,-44.40893E-03
-8.67500E-03,+772.28487E-03,-29.52554E-03
-8.65000E-03,-386.91215E-03,-9.86333E-03
-8.62500E-03,+1.86740642E+00,+7.65329E-03
-8.60000E-03,+568.77974E-03,+7.53138E-03
-8.57500E-03,-1.48041048E+00,+76.37878E-03
-8.55000E-03,+743.10311E-03,+74.47699E-03
-8.52500E-03,+1.36959473E+00,+139.39889E-03
-8.50000E-03,+393.38362E-03,+55.18049E-03
-8.47500E-03,+993.56414E-03,+13.72438E-03
-8.45000E-03,+243.00352E-03,+74.47699E-03
-8.42500E-03,+1.63659000E+00,+66.13839E-03
-8.40000E-03,-942.96479E-03,-104.91772E-03
-8.37500E-03,+1.33246827E+00,+84.96119E-03
-8.35000E-03,+1.41304700E+00,+52.56119E-03
-8.32500E-03,+471.17569E-03,+128.79278E-03
-8.30000E-03,-526.56456E-03,+11.34890E-03
-8.27500E-03,+849.49851E-03,+115.33750E-03
-8.25000E-03,+1.60314177E+00,+123.79800E-03
-8.22500E-03,+1.41760955E+00,+124.50158E-03
-8.20000E-03,+88.03927E-03,+33.26469E-03
-8.17500E-03,-113.97482E-03,+69.60411E-03
-8.15000E-03,+764.46186E-03,+74.47699E-03
-8.12500E-03,+1.30174698E+00,+74.47699E-03
-8.10000E-03,+613.87930E-03,+35.41029E-03
-8.07500E-03,+825.14115E-03,+52.68310E-03
-8.05000E-03,+1.77779264E+00,+78.99808E-03
-8.02500E-03,-219.96973E-03,+74.47699E-03
-8.00000E-03,+433.30019E-03,+104.50150E-03
-7.97500E-03,+787.34577E-03,+54.82870E-03
-7.95000E-03,+1.81271432E+00,+74.47699E-03
-7.92500E-03,+267.22850E-03,+141.42259E-03
-7.90000E-03,-160.05664E-03,+42.30687E-03
-7.87500E-03,+1.51087381E+00,+7.53138E-03
-7.85000E-03,+993.83938E-03,+207.90843E-03
-7.82500E-03,+1.07223363E+00,+124.37967E-03
-7.80000E-03,-334.12908E-03,+141.42259E-03
-7.77500E-03,-1.61101704E+00,+89.83407E-03
-7.75000E-03,+1.84946794E+00,+139.50687E-03
-7.72500E-03,+1.19392705E+00,+74.47699E-03
-7.70000E-03,+772.86298E-03,+43.99271E-03
-7.67500E-03,+1.19180941E+00,+128.21111E-03
-7.65000E-03,-46.77147E-03,+137.36127E-03
-7.62500E-03,+548.81789E-03,+138.47937E-03
-7.60000E-03,+967.63929E-03,+141.42259E-03
-7.57500E-03,+1.27747006E+00,+253.18205E-03
-7.55000E-03,+1.01881307E+00,-53.20730E-03
-7.52500E-03,+821.38270E-03,+54.49084E-03
-7.50000E-03,+1.85991748E+00,+155.98205E-03
-7.47500E-03,+227.59763E-03,+132.50232E-03
-7.45000E-03,+67.19633E-03,+141.42259E-03
-7.42500E-03,+387.57739E-03,+74.47699E-03
-7.40000E-03,+53.90462E-03,+117.37512E-03
-7.37500E-03,+1.76608225E+00,+27.85539E-03
-7.35000E-03,+1.13823530E+00,+254.31753E-03
-7.32500E-03,+1.10829447E+00,+208.36820E-03
-7.30000E-03,+1.59347268E+00,+209.60820E-03
-7.27500E-03,+1.28764070E+00,+141.42259E-03
-7.25000E-03,+1.35089383E+00,+141.42259E-03
-7.22500E-03,+236.17982E-03,+141.42259E-03
-7.20000E-03,-808.87836E-03,+188.61193E-03
-7.17500E-03,-79.36291E-03,+270.34688E-03
-7.15000E-03,+622.02268E-03,+104.05567E-03
-7.12500E-03,-130.30380E-03,+106.53913E-03
-7.10000E-03,+1.16655347E+00,+123.81193E-03
-7.07500E-03,-607.57833E-03,+274.30023E-03
-7.05000E-03,-100.81549E-03,+91.41193E-03
-7.02500E-03,-112.51206E-03,+141.42259E-03
-7.00000E-03,-396.37932E-03,+228.91863E-03
-6.97500E-03,+1.69177663E+00,+74.47699E-03
-6.95000E-03,+959.26548E-03,+122.34205E-03
-6.92500E-03,+946.97386E-03,+177.77594E-03
-6.90000E-03,-471.40590E-03,+181.72929E-03
-6.87500E-03,+850.00352E-03,+204.41485E-03
-6.85000E-03,+1.37320687E+00,+229.59435E-03
-6.82500E-03,+573.85464E-03,+141.42259E-03
-6.80000E-03,-904.00942E-03,+252.96610E-03
-6.77500E-03,+1.31990098E+00,+269.21485E-03
-6.75000E-03,+1.16381539E+00,+184.99644E-03
-6.72500E-03,-16.75721E-03,+115.12154E-03
-6.70000E-03,-977.09933E-03,+74.47699E-03
-6.67500E-03,+1.25316787E+00,+141.42259E-03
-6.65000E-03,+493.23768E-03,+182.85084E-03
-6.62500E-03,-625.98694E-03,+141.42259E-03
-6.60000E-03,+2.01148911E+00,+254.66587E-03
-6.57500E-03,+398.13113E-03,+141.42259E-03
-6.55000E-03,+320.92764E-03,+169.08555E-03
-6.52500E-03,+2.03129407E+00,+142.33867E-03
-6.50000E-03,+1.77688013E+00,+141.42259E-03
-6.47500E-03,+1.44852574E+00,+141.42259E-03
-6.45000E-03,-248.27019E-03,+104.28555E-03
-6.42500E-03,+551.04026E-03,+188.50396E-03
-6.40000E-03,+1.70905667E+00,+77.06843E-03
-6.37500E-03,+1.15038785E+00,+156.10396E-03
-6.35000E-03,+739.43893E-03,+208.36820E-03
-6.32500E-03,-1.04555315E+00,+289.10349E-03
-6.30000E-03,+1.80173547E+00,+207.92236E-03
-6.27500E-03,+965.45848E-03,+141.42259E-03
-6.25000E-03,+881.82185E-03,+176.77629E-03
-6.22500E-03,-384.67239E-03,+244.16773E-03
-6.20000E-03,+1.90128278E+00,+270.21450E-03
-6.17500E-03,-367.25706E-03,+93.44956E-03
-6.15000E-03,+1.44507762E+00,+213.91334E-03
-6.12500E-03,+175.32280E-03,+194.94077E-03
-6.10000E-03,+850.36924E-03,+149.11333E-03
-6.07500E-03,-894.57378E-03,+120.30442E-03
-6.05000E-03,-220.50951E-03,+179.81357E-03
-6.02500E-03,+1.49072E-03,+130.14076E-03
-6.00000E-03,+1.58196409E+00,+202.37722E-03
-5.97500E-03,-26.60749E-03,+97.74076E-03
-5.95000E-03,+1.92729499E+00,+155.55014E-03
-5.92500E-03,-654.01550E-03,+190.09575E-03
-5.90000E-03,+798.19202E-03,+141.42259E-03
-5.87500E-03,+712.48980E-03,+141.42259E-03
-5.85000E-03,-180.11243E-03,+117.15917E-03
-5.82500E-03,+1.52198525E+00,+141.42259E-03
-5.80000E-03,+1.31420953E+00,+141.42259E-03
-5.77500E-03,-1.31505629E+00,+141.42259E-03
-5.75000E-03,+1.67660084E+00,+164.13256E-03
-5.72500E-03,-297.73718E-03,+136.57757E-03
-5.70000E-03,-92.62331E-03,+153.85038E-03
-5.67500E-03,-913.17372E-03,+104.17757E-03
-5.65000E-03,-655.39814E-03,+141.42259E-03
-5.62500E-03,+299.09585E-03,+141.42259E-03
-5.60000E-03,+1.57708787E+00,+193.79481E-03
-5.57500E-03,-36.29440E-03,+138.16936E-03
-5.55000E-03,+1.50922296E+00,+141.42259E-03
-5.52500E-03,+1.90764001E+00,+141.42259E-03
-5.50000E-03,+1.10568198E+00,+225.15683E-03
-5.47500E-03,+103.78981E-03,+174.37640E-03
-5.45000E-03,-40.41100E-03,+192.68719E-03
-5.42500E-03,+1.51755421E+00,+205.18461E-03
-5.40000E-03,+1.44059129E+00,+112.20617E-03
-5.37500E-03,-667.62758E-03,+110.61438E-03
-5.35000E-03,-939.43277E-03,+127.88718E-03
-5.32500E-03,+717.38719E-03,+145.15999E-03
-5.30000E-03,+230.72182E-03,+120.41240E-03
-5.27500E-03,+1.57823048E+00,+179.70559E-03
-5.25000E-03,+115.53530E-03,+130.03279E-03
-5.22500E-03,+1.70245228E+00,+80.35998E-03
-5.20000E-03,+206.79971E-03,+97.63279E-03
-5.17500E-03,-439.48985E-03,+74.47699E-03
-5.15000E-03,-147.90722E-03,+132.17839E-03
-5.12500E-03,+1.28826729E+00,+23.58858E-03
-5.10000E-03,+609.40680E-03,+99.77839E-03
-5.07500E-03,-1.09519810E+00,+141.42259E-03
-5.05000E-03,+1.29326229E+00,+74.47699E-03
-5.02500E-03,+869.27216E-03,+74.47699E-03
-5.00000E-03,-813.37872E-03,+113.97559E-03
-4.97500E-03,+1.07461646E+00,+96.97100E-03
-4.95000E-03,+902.72785E-03,+136.46960E-03
-4.92500E-03,+1.53486891E+00,+141.42259E-03
-4.90000E-03,+1.17977509E+00,+133.66221E-03
-4.87500E-03,+803.55652E-03,+101.26220E-03
-4.85000E-03,-747.19942E-03,+74.47699E-03
-4.82500E-03,+564.84032E-03,+74.47699E-03
-4.80000E-03,-459.24287E-03,+42.73877E-03
-4.77500E-03,+283.24413E-03,+123.48800E-03
-4.75000E-03,+1.11689805E+00,+140.76080E-03
-4.72500E-03,+588.90874E-03,+40.75341E-03
-4.70000E-03,-810.74549E-03,+108.36080E-03
-4.67500E-03,+1.00987228E+00,+42.89901E-03
-4.65000E-03,+1.95791845E+00,+7.53138E-03
-4.62500E-03,+966.07848E-03,+103.90936E-03
-4.60000E-03,-123.19116E-03,+110.50641E-03
-4.57500E-03,+1.87320562E+00,+153.79466E-03
-4.55000E-03,+1.00378683E+00,+11.16080E-03
-4.52500E-03,-87.26281E-03,-17.60978E-03
-4.50000E-03,+704.28747E-03,+83.88143E-03
-4.47500E-03,-843.96385E-03,+74.47699E-03
-4.45000E-03,+1.47835514E+00,+129.87255E-03
-4.42500E-03,-1.14906460E+00,+51.42916E-03
-4.40000E-03,-858.89615E-03,+101.10197E-03
-4.37500E-03,+1.81836387E+00,+46.42045E-03
-4.35000E-03,+1.55765197E+00,-43.57297E-03
-4.32500E-03,+171.37982E-03,+24.09013E-03
-4.30000E-03,-689.46325E-03,+116.94322E-03
-4.27500E-03,+981.61707E-03,+7.53138E-03
-4.25000E-03,+1.52518924E+00,+7.53138E-03
-4.22500E-03,+871.34466E-03,+74.47699E-03
-4.20000E-03,+112.22603E-03,+29.80944E-03
-4.17500E-03,+1.46614029E+00,+7.53138E-03
-4.15000E-03,+637.39023E-03,+7.53138E-03
-4.12500E-03,+1.33891210E+00,+7.53138E-03
-4.10000E-03,+784.31574E-03,+34.10065E-03
-4.07500E-03,+1.53089494E+00,+4.61601E-03
-4.05000E-03,+1.08498534E+00,-45.05679E-03
-4.02500E-03,+214.04138E-03,-27.78399E-03
-4.00000E-03,-1.45476074E+00,+7.53138E-03
-3.97500E-03,+1.76519425E+00,+139.11330E-03
-3.95000E-03,+1.11533724E+00,-8.97165E-03
-3.92500E-03,-1.14534816E+00,+40.70115E-03
-3.90000E-03,-834.24941E-03,+23.42835E-03
-3.87500E-03,+957.40558E-03,-58.03838E-03
-3.85000E-03,+987.93867E-03,+74.47699E-03
-3.82500E-03,-1.78140445E+00,+12.42866E-03
-3.80000E-03,+1.11707913E+00,-6.21998E-03
-3.77500E-03,+729.39700E-03,+7.53138E-03
-3.75000E-03,+1.10965282E+00,-105.56558E-03
-3.72500E-03,-1.25883870E+00,-21.34718E-03
-3.70000E-03,+21.37257E-03,+39.65971E-03
-3.67500E-03,+570.99844E-03,-126.35983E-03
-3.65000E-03,+1.23403518E+00,-59.41422E-03
-3.62500E-03,-402.80577E-03,+7.53138E-03
-3.60000E-03,+1.39857112E+00,-183.84528E-03
-3.57500E-03,+1.59322163E+00,-51.60158E-03
-3.55000E-03,+1.30582234E+00,-17.55407E-03
-3.52500E-03,-324.01416E-03,-84.00158E-03
-3.50000E-03,-216.58056E-03,+52.53333E-03
-3.47500E-03,+1.41639741E+00,-59.41422E-03
-3.45000E-03,+337.05449E-03,-59.41422E-03
-3.42500E-03,+1.20274302E+00,-36.97247E-03
-3.40000E-03,+1.72482816E+00,-59.41422E-03
-3.37500E-03,+1.17813093E+00,-16.67633E-03
-3.35000E-03,+87.30071E-03,-96.98317E-03
-3.32500E-03,+500.71291E-03,-59.41422E-03
-3.30000E-03,-349.84475E-03,-126.35983E-03
-3.27500E-03,+1.37009985E+00,-59.41422E-03
-3.25000E-03,+310.38081E-03,-126.35983E-03
-3.22500E-03,+1.51594180E+00,-28.76971E-03
-3.20000E-03,+1.45437073E+00,-61.16971E-03
-3.17500E-03,+635.28987E-03,-75.80928E-03
-3.15000E-03,+23.13463E-03,-59.41422E-03
-3.12500E-03,+927.25960E-03,-126.35983E-03
-3.10000E-03,+294.15646E-03,+3.72780E-03
-3.07500E-03,-820.89184E-03,-126.35983E-03
-3.05000E-03,+1.23919721E+00,-90.54636E-03
-3.02500E-03,-272.48458E-03,-73.27356E-03
-3.00000E-03,+1.63135486E+00,-253.42411E-03
-2.97500E-03,+863.12797E-03,-59.41422E-03
-2.95000E-03,+781.26432E-03,-88.40076E-03
-2.92500E-03,-481.96644E-03,-4.18235E-03
-2.90000E-03,+1.54045929E+00,-126.35983E-03
-2.87500E-03,+941.47029E-03,-126.35983E-03
-2.85000E-03,+1.23248873E+00,-86.25516E-03
-2.82500E-03,+76.35717E-03,-21.17301E-03
-2.80000E-03,+88.17856E-03,-67.11889E-03
-2.77500E-03,+79.00054E-03,-185.31862E-03
-2.75000E-03,+431.73324E-03,-126.35983E-03
-2.72500E-03,+1.55487968E+00,-185.88290E-03
-2.70000E-03,+1.33672449E+00,-79.11477E-03
-2.67500E-03,+338.80662E-03,-153.48290E-03
-2.65000E-03,+915.39232E-03,-193.30543E-03
-2.62500E-03,+1.46618564E+00,-188.02851E-03
-2.60000E-03,+598.26081E-03,-181.30956E-03
-2.57500E-03,-195.83178E-03,-201.71368E-03
-2.55000E-03,-797.61403E-03,-126.35983E-03
-2.52500E-03,+1.50768008E+00,-126.35983E-03
-2.50000E-03,+639.36167E-03,-193.30543E-03
-2.47500E-03,-35.08225E-03,-193.30543E-03
-2.45000E-03,+839.83666E-03,-144.61835E-03
-2.42500E-03,+642.84165E-03,-127.34555E-03
-2.40000E-03,+893.65738E-03,-177.01835E-03
-2.37500E-03,-1.13929445E+00,-193.13127E-03
-2.35000E-03,+989.41579E-03,-142.47275E-03
-2.32500E-03,+1.16094527E+00,-194.46532E-03
-2.30000E-03,+712.20075E-03,-193.30543E-03
-2.27500E-03,-4.46537E-03,-193.30543E-03
-2.25000E-03,-1.21080282E+00,-179.33812E-03
-2.22500E-03,+7.44682E-03,-186.69446E-03
-2.20000E-03,+510.83442E-03,-239.67275E-03
-2.17500E-03,-49.99695E-03,-222.39995E-03
-2.15000E-03,+1.39788838E+00,-181.48372E-03
-2.12500E-03,+1.39563448E+00,-198.75652E-03
-2.10000E-03,-988.81663E-03,-193.30543E-03
-2.07500E-03,+1.36671435E+00,-153.30874E-03
-2.05000E-03,-283.98604E-03,-193.30543E-03
-2.02500E-03,+885.95973E-03,-252.65434E-03
-2.00000E-03,+55.38153E-03,-235.38154E-03
-1.97500E-03,-426.71016E-03,-210.64442E-03
-1.95000E-03,+1.19583251E+00,-148.95134E-03
-1.92500E-03,+237.30505E-03,-126.35983E-03
-1.90000E-03,-1.26141966E+00,-193.30543E-03
-1.87500E-03,+365.60577E-03,-170.64773E-03
-1.85000E-03,+1.16659526E+00,-321.81174E-03
-1.82500E-03,+619.38945E-03,-260.25104E-03
-1.80000E-03,-496.53983E-03,-164.14473E-03
-1.77500E-03,-827.23471E-03,-172.79333E-03
-1.75000E-03,+1.31407770E+00,-190.06613E-03
-1.72500E-03,+414.77691E-03,-232.18403E-03
-1.70000E-03,+41.37923E-03,-264.58403E-03
-1.67500E-03,-463.84062E-03,-193.30543E-03
-1.65000E-03,+1.25993585E+00,-259.15734E-03
-1.62500E-03,+1.04991735E+00,-177.12633E-03
-1.60000E-03,+100.18858E-03,-159.85352E-03
-1.57500E-03,+1.57425273E+00,-158.80162E-03
-1.55000E-03,+1.09494705E+00,-259.19913E-03
-1.52500E-03,+763.75785E-03,-211.63014E-03
-1.50000E-03,+89.23781E-03,-189.05601E-03
-1.47500E-03,+680.45239E-03,-154.51041E-03
-1.45000E-03,+1.50736954E+00,-193.30543E-03
-1.42500E-03,+679.99575E-03,-193.30543E-03
-1.40000E-03,+982.14281E-03,-222.50792E-03
-1.37500E-03,+1.35813895E+00,-260.25104E-03
-1.35000E-03,+1.40899928E+00,-254.90792E-03
-1.32500E-03,+1.24574200E+00,-148.97574E-03
-1.30000E-03,+954.24997E-03,-193.30543E-03
-1.27500E-03,+1.53511996E+00,-260.25104E-03
-1.25000E-03,+1.33664783E+00,-208.28287E-03
-1.22500E-03,+839.08741E-03,-235.48952E-03
-1.20000E-03,+1.27196649E+00,-151.27111E-03
-1.17500E-03,+1.22477046E+00,-200.94391E-03
-1.15000E-03,+1.08693583E+00,-250.61672E-03
-1.12500E-03,+893.33356E-03,-166.39831E-03
-1.10000E-03,-499.28481E-03,-149.12551E-03
-1.07500E-03,+1.16314000E+00,-131.85271E-03
-1.05000E-03,+1.02516620E+00,-138.13975E-03
-1.02500E-03,+353.69725E-03,-202.14559E-03
-1.00000E-03,+999.09870E-03,-193.30543E-03
-975.00E-06,-592.46851E-03,-256.90376E-03
-950.00E-06,+1.00521482E+00,-179.37991E-03
-925.00E-06,-92.30640E-03,-162.10710E-03
-900.00E-06,+768.39091E-03,-163.30878E-03
-875.00E-06,+1.02666783E+00,-193.30543E-03
-850.00E-06,+854.01247E-03,-177.23430E-03
-825.00E-06,-61.79080E-03,-226.90711E-03
-800.00E-06,-617.18155E-03,-260.25104E-03
-775.00E-06,+1.70094060E+00,-193.30543E-03
-750.00E-06,-53.29196E-03,-193.30543E-03
-725.00E-06,+177.44768E-03,-153.78243E-03
-700.00E-06,+483.37392E-03,-140.54310E-03
-675.00E-06,+175.09638E-03,-129.44936E-03
-650.00E-06,+736.97263E-03,-260.25104E-03
-625.00E-06,+305.06933E-03,-155.67029E-03
-600.00E-06,+558.79050E-03,-126.35983E-03
-575.00E-06,+1.09397181E+00,-198.54057E-03
-550.00E-06,+132.15657E-03,-237.74310E-03
-525.00E-06,-708.32094E-03,-153.52469E-03
-500.00E-06,+1.22090414E+00,-193.30543E-03
-475.00E-06,+1.33412603E+00,-193.30543E-03
-450.00E-06,-341.54113E-03,-143.99835E-03
-425.00E-06,+78.47146E-03,-126.35983E-03
-400.00E-06,+1.23820815E+00,-134.10629E-03
-375.00E-06,+546.39716E-03,-11.52131E-03
-350.00E-06,-481.75750E-03,-206.65275E-03
-325.00E-06,+575.70461E-03,-149.23348E-03
-300.00E-06,+1.47174471E+00,-131.96068E-03
-275.00E-06,+322.38371E-03,-193.30543E-03
-250.00E-06,+1.06580039E+00,-155.30458E-03
-225.00E-06,+1.06944740E+00,-100.87033E-03
-200.00E-06,+1.52851956E+00,-69.77998E-03
-175.00E-06,+530.10306E-03,-20.10372E-03
-150.00E-06,-750.93336E-03,-162.21508E-03
-125.00E-06,+1.59192613E+00,-144.94228E-03
-100.00E-06,+1.55168929E+00,-193.30543E-03
-75.00E-06,+719.94030E-03,-126.35983E-03
-50.00E-06,-391.72607E-03,-193.30543E-03
-25.00E-06,-250.14736E-03,-126.35983E-03
+0.0E+00,-276.14197E-03,-127.19578E-03
+25.00E-06,+1.04696354E+00,-144.46858E-03
+50.00E-06,+1.20986234E+00,-189.48792E-03
+75.00E-06,+735.64225E-03,-73.70547E-03
+100.00E-06,+1.58256315E+00,-126.35983E-03
+125.00E-06,-185.70281E-03,-152.79671E-03
+150.00E-06,-248.35387E-03,-96.94139E-03
+175.00E-06,+323.16071E-03,-83.70550E-03
+200.00E-06,+670.33357E-03,-121.23267E-03
+225.00E-06,+576.29621E-03,-59.66851E-03
+250.00E-06,-458.69230E-03,-126.35983E-03
+275.00E-06,+1.36669362E+00,-32.46877E-03
+300.00E-06,+1.42934758E+00,-126.35983E-03
+325.00E-06,+397.27067E-03,-41.55975E-03
+350.00E-06,-493.92755E-03,-84.54146E-03
+375.00E-06,+363.13311E-03,-8.17749E-03
+400.00E-06,+905.66719E-03,-116.94146E-03
+425.00E-06,-533.38803E-03,-126.35983E-03
+450.00E-06,-506.58532E-03,-59.41422E-03
+475.00E-06,+1.38819856E+00,-126.35983E-03
+500.00E-06,+1.08387761E+00,-70.97819E-03
+525.00E-06,-35.98094E-03,-202.57749E-03
+550.00E-06,+663.28411E-03,-54.97671E-03
+575.00E-06,+2.80750E-03,+404.93E-06
+600.00E-06,+1.02768788E+00,-59.41422E-03
+625.00E-06,-230.72193E-03,+2.55053E-03
+650.00E-06,-1.33109600E+00,-78.10465E-03
+675.00E-06,+1.68388074E+00,+70.22411E-03
+700.00E-06,-530.27064E-03,-110.50465E-03
+725.00E-06,-665.31817E-03,-59.41422E-03
+750.00E-06,-477.04865E-03,-25.55827E-03
+775.00E-06,+1.76749253E+00,-125.63185E-03
+800.00E-06,+971.60969E-03,-59.41422E-03
+825.00E-06,+296.59490E-03,-24.14064E-03
+850.00E-06,+1.08251981E+00,+60.07777E-03
+875.00E-06,+1.52134030E+00,+4.65780E-03
+900.00E-06,+1.28372536E+00,+54.33060E-03
+925.00E-06,+1.45116966E+00,-14.10227E-03
+950.00E-06,-326.35476E-03,-59.41422E-03
+975.00E-06,+989.19595E-03,-121.34064E-03
+1.00000E-03,-423.33881E-03,-59.41422E-03
+1.02500E-03,+897.54119E-03,+19.71535E-03
+1.05000E-03,-564.56541E-03,+7.53138E-03
+1.07500E-03,+1.21016867E+00,-59.41422E-03
+1.10000E-03,+495.29971E-03,+7.53138E-03
+1.12500E-03,+39.21969E-03,+7.53138E-03
+1.15000E-03,+181.97244E-03,-431.03E-06
+1.17500E-03,+245.16985E-03,-50.10383E-03
+1.20000E-03,+425.20529E-03,+88.25621E-03
+1.22500E-03,-203.30268E-03,+7.53138E-03
+1.25000E-03,+1.59516553E+00,-53.59742E-03
+1.27500E-03,+1.14057948E+00,-36.50223E-03
+1.30000E-03,-861.86389E-03,-21.19741E-03
+1.32500E-03,+949.95531E-03,+32.58897E-03
+1.35000E-03,+1.76347688E+00,+130.40898E-03
+1.37500E-03,+1.41414739E+00,+88.07858E-03
+1.40000E-03,+895.97046E-03,-33.73663E-03
+1.42500E-03,+581.40966E-03,+18.08178E-03
+1.45000E-03,+1.85293766E+00,+72.95139E-03
+1.47500E-03,+1.37840012E+00,+23.27858E-03
+1.50000E-03,-175.48002E-03,-25.48862E-03
+1.52500E-03,-49.28959E-03,+57.82419E-03
+1.55000E-03,+1.11513522E+00,-58.79422E-03
+1.57500E-03,+1.38735526E+00,+154.68979E-03
+1.60000E-03,+444.91999E-03,+77.86259E-03
+1.62500E-03,+1.91240815E+00,+7.53138E-03
+1.65000E-03,+1.91157198E+00,+71.71138E-03
+1.67500E-03,+852.51819E-03,-59.41422E-03
+1.70000E-03,+839.58561E-03,+37.16578E-03
+1.72500E-03,-590.14885E-03,+116.69940E-03
+1.75000E-03,+1.39551257E+00,+79.38820E-03
+1.77500E-03,+808.46373E-03,+141.42259E-03
+1.80000E-03,-429.53894E-03,-31.92543E-03
+1.82500E-03,+1.39889170E+00,+110.77462E-03
+1.85000E-03,+1.63435715E+00,+81.53380E-03
+1.87500E-03,+463.35937E-03,+92.76337E-03
+1.90000E-03,-504.49554E-03,+116.07940E-03
+1.92500E-03,+1.21547378E+00,+184.15703E-03
+1.95000E-03,+1.44702087E+00,+83.67940E-03
+1.97500E-03,-132.73511E-03,+34.00660E-03
+2.00000E-03,-446.04845E-03,+71.82983E-03
+2.02500E-03,-1.01426067E+00,+74.47699E-03
+2.05000E-03,+165.65026E-03,+74.47699E-03
+2.07500E-03,-16.46147E-03,+74.47699E-03
+2.10000E-03,+992.81511E-03,+99.31863E-03
+2.12500E-03,+1.78647611E+00,+70.69781E-03
+2.15000E-03,+1.51067168E+00,+87.97061E-03
+2.17500E-03,-49.27955E-03,+141.42259E-03
+2.20000E-03,+145.66422E-03,+122.51621E-03
+2.22500E-03,+1.05802996E+00,+76.11057E-03
+2.25000E-03,+189.02882E-03,+125.78337E-03
+2.27500E-03,+1.68036944E+00,+174.33462E-03
+2.30000E-03,-736.88917E-03,+141.42259E-03
+2.32500E-03,+1.59030972E+00,-58.39017E-03
+2.35000E-03,+1.20603090E+00,+123.63776E-03
+2.37500E-03,-800.17761E-03,+141.42259E-03
+2.40000E-03,+663.32579E-03,+193.75302E-03
+2.42500E-03,+105.16220E-03,+205.71057E-03
+2.45000E-03,+932.12491E-03,+121.49216E-03
+2.47500E-03,-297.92906E-03,+141.42259E-03
+2.50000E-03,+1.36782230E+00,+195.89863E-03
+2.52500E-03,+1.50072379E+00,+203.56497E-03
+2.55000E-03,+1.31827107E+00,+186.29216E-03
+2.57500E-03,+533.98730E-03,+153.17466E-03
+2.60000E-03,+1.71961743E+00,+141.42259E-03
+2.62500E-03,+1.57754040E+00,+201.41936E-03
+2.65000E-03,+365.67174E-03,+141.42259E-03
+2.67500E-03,+315.91224E-03,+132.01470E-03
+2.70000E-03,+1.74666049E+00,+133.24423E-03
+2.72500E-03,+490.85183E-03,+132.32815E-03
+2.75000E-03,+426.33376E-03,+141.42259E-03
+2.77500E-03,+303.43543E-03,+185.06263E-03
+2.80000E-03,+1.90581121E+00,+135.38983E-03
+2.82500E-03,+801.36870E-03,+197.12816E-03
+2.85000E-03,-989.27650E-03,+74.47699E-03
+2.87500E-03,+1.46587186E+00,+208.36820E-03
+2.90000E-03,-673.34321E-03,+204.48104E-03
+2.92500E-03,+602.59737E-03,+275.31380E-03
+2.95000E-03,+575.56477E-03,+177.70975E-03
+2.97500E-03,-1.30920450E+00,+141.42259E-03
+3.00000E-03,+1.38224247E+00,+139.68104E-03
+3.02500E-03,+1.48030574E+00,+141.42259E-03
+3.05000E-03,+991.44262E-03,+175.56415E-03
+3.07500E-03,-969.38775E-03,+124.55384E-03
+3.10000E-03,+988.02213E-03,+207.96415E-03
+3.12500E-03,+916.16521E-03,+92.15384E-03
+3.15000E-03,-392.31778E-03,+211.32190E-03
+3.17500E-03,+1.42749514E+00,+245.86750E-03
+3.20000E-03,+1.91468570E+00,+77.02664E-03
+3.22500E-03,-145.87683E-03,+94.29944E-03
+3.25000E-03,+105.78231E-03,+215.61310E-03
+3.27500E-03,+1.83268643E+00,+195.79065E-03
+3.30000E-03,+193.87038E-03,+213.06345E-03
+3.32500E-03,+1.21960097E+00,+208.36820E-03
+3.35000E-03,-872.47356E-03,+113.71785E-03
+3.37500E-03,+1.52414478E+00,+17.96333E-03
+3.40000E-03,+1.52413020E+00,+81.31785E-03
+3.42500E-03,-557.47740E-03,+141.42259E-03
+3.45000E-03,-833.71989E-03,+224.19552E-03
+3.47500E-03,+1.31863723E+00,+200.08186E-03
+3.50000E-03,+1.10930448E+00,+141.42259E-03
+3.52500E-03,+470.90380E-03,+263.48162E-03
+3.55000E-03,-1.39632110E+00,+118.00905E-03
+3.57500E-03,+715.56941E-03,+269.17306E-03
+3.60000E-03,+737.62740E-03,+197.23613E-03
+3.62500E-03,-310.57290E-03,+102.88185E-03
+3.65000E-03,+359.13776E-03,+162.69053E-03
+3.67500E-03,+1.57581354E+00,+11.52652E-03
+3.70000E-03,-26.55534E-03,+195.09053E-03
+3.72500E-03,+857.27639E-03,+177.81773E-03
+3.75000E-03,-918.01151E-03,+74.47699E-03
+3.77500E-03,+1.83378725E+00,+206.51867E-03
+3.80000E-03,+1.17551153E+00,+74.47699E-03
+3.82500E-03,+590.08277E-03,+107.17306E-03
+3.85000E-03,+429.85920E-03,+224.38361E-03
+3.87500E-03,+1.72992714E+00,+208.07213E-03
+3.90000E-03,+608.59860E-03,+92.04586E-03
+3.92500E-03,+576.63104E-03,+243.20987E-03
+3.95000E-03,+1.32572524E+00,+245.65155E-03
+3.97500E-03,+1.38246133E+00,+143.86427E-03
+4.00000E-03,-638.66544E-03,+74.47699E-03
+4.02500E-03,+589.95395E-03,+148.45155E-03
+4.05000E-03,+1.02667841E+00,+195.68267E-03
+4.07500E-03,+1.90558446E+00,+212.95548E-03
+4.10000E-03,+650.31244E-03,+253.45372E-03
+4.12500E-03,-1.66944307E+00,+57.98442E-03
+4.15000E-03,+1.18567602E+00,+197.82828E-03
+4.17500E-03,+1.57784695E+00,+134.68971E-03
+4.20000E-03,+124.76513E-03,+7.53138E-03
+4.22500E-03,+858.12617E-03,+115.75547E-03
+4.25000E-03,+1.12821843E+00,+141.42259E-03
+4.27500E-03,+604.65227E-03,+159.17956E-03
+4.30000E-03,+287.62193E-03,+167.57388E-03
+4.32500E-03,-821.43550E-03,+50.95547E-03
+4.35000E-03,-685.53398E-03,+202.11948E-03
+4.37500E-03,+1.16332777E+00,+85.50107E-03
+4.40000E-03,-488.64037E-03,+102.77388E-03
+4.42500E-03,+704.43745E-03,+141.42259E-03
+4.45000E-03,+1.93040904E+00,+133.21637E-03
+4.47500E-03,+986.62189E-03,+74.47699E-03
+4.50000E-03,+120.93358E-03,+98.85886E-03
+4.52500E-03,-875.22178E-03,+74.47699E-03
+4.55000E-03,+1.93985537E+00,+141.42259E-03
+4.57500E-03,+856.24511E-03,+126.10730E-03
+4.60000E-03,+572.72250E-03,+177.54951E-03
+4.62500E-03,+621.35442E-03,+124.33789E-03
+4.65000E-03,+2.06383994E+00,+141.42259E-03
+4.67500E-03,+911.22960E-03,+91.93788E-03
+4.70000E-03,-199.45785E-03,+74.47699E-03
+4.72500E-03,-188.14060E-03,+178.48999E-03
+4.75000E-03,+1.37478797E+00,+139.08889E-03
+4.77500E-03,+324.66514E-03,+74.47699E-03
+4.80000E-03,+378.86584E-03,+155.04859E-03
+4.82500E-03,-655.78146E-03,+74.47699E-03
+4.85000E-03,-138.61443E-03,+203.88890E-03
+4.87500E-03,-46.88280E-03,+51.03559E-03
+4.90000E-03,-282.99708E-03,+85.58119E-03
+4.92500E-03,-1.51233668E+00,+219.01609E-03
+4.95000E-03,+1.34901979E+00,+81.10189E-03
+4.97500E-03,-243.56446E-03,+55.32680E-03
+5.00000E-03,+313.27221E-03,+141.42259E-03
+5.02500E-03,+868.14737E-03,+132.92030E-03
+5.05000E-03,+1.34913133E+00,+100.78851E-03
+5.07500E-03,+479.32252E-03,+208.36820E-03
+5.10000E-03,+267.78242E-03,+94.16361E-03
+5.12500E-03,-130.11181E-03,+135.06590E-03
+5.15000E-03,+104.04075E-03,+18.44749E-03
+5.17500E-03,+334.65449E-03,+151.99037E-03
+5.20000E-03,-1.11505899E+00,+98.45481E-03
+5.22500E-03,-816.41232E-03,+70.26590E-03
+5.25000E-03,+791.95713E-03,+74.47699E-03
+5.27500E-03,-357.73762E-03,+74.47699E-03
+5.30000E-03,-1.53679532E+00,+55.13870E-03
+5.32500E-03,+1.30586435E+00,+5.46590E-03
+5.35000E-03,+1.49131935E+00,+74.47699E-03
+5.37500E-03,+642.21776E-03,+76.46235E-03
+5.40000E-03,+234.16358E-03,+57.28430E-03
+5.42500E-03,+465.65484E-03,+74.31675E-03
+5.45000E-03,+887.82654E-03,+24.88430E-03
+5.47500E-03,-1.81675470E+00,+42.15710E-03
+5.50000E-03,-294.18432E-03,+74.47699E-03
+5.52500E-03,+910.70376E-03,+9.75710E-03
+5.55000E-03,+517.37564E-03,+74.47699E-03
+5.57500E-03,-404.48459E-03,+37.70566E-03
+5.60000E-03,-399.23541E-03,+48.67403E-03
+5.62500E-03,+1.24549441E+00,+70.10566E-03
+5.65000E-03,+1.32532087E+00,+119.77847E-03
+5.67500E-03,+434.55056E-03,+7.53138E-03
+5.70000E-03,+1.63061663E+00,-3.22449E-03
+5.72500E-03,+1.51426956E+00,-59.41422E-03
+5.75000E-03,+484.15361E-03,-78.78037E-03
+5.77500E-03,+230.22373E-03,+22.71084E-03
+5.80000E-03,-374.97879E-03,-1.07889E-03
+5.82500E-03,+1.43033319E+00,+115.43500E-03
+5.85000E-03,+1.54817800E+00,-7.54356E-03
+5.87500E-03,+1.53788556E+00,+27.00205E-03
+5.90000E-03,+373.51603E-03,+7.53138E-03
+5.92500E-03,+539.43429E-03,-59.41422E-03
+5.95000E-03,-503.42981E-03,-31.33329E-03
+5.97500E-03,-710.46978E-03,+52.88512E-03
+6.00000E-03,+1.63692840E+00,+7.53138E-03
+6.02500E-03,+1.56358723E+00,+61.52325E-03
+6.05000E-03,-83.97136E-03,-65.90675E-03
+6.07500E-03,+1.26303597E+00,-59.41422E-03
+6.10000E-03,+1.30153157E+00,-122.01291E-03
+6.12500E-03,+858.27571E-03,-59.41422E-03
+6.15000E-03,+482.47479E-03,+7.53138E-03
+6.17500E-03,+1.23886659E+00,+39.87567E-03
+6.20000E-03,+1.00304190E+00,+74.42127E-03
+6.22500E-03,-201.89941E-03,-59.41422E-03
+6.25000E-03,+791.81827E-03,-57.32434E-03
+6.27500E-03,+727.57198E-03,-7.62367E-03
+6.30000E-03,+1.20419865E+00,-126.35983E-03
+6.32500E-03,+429.83814E-03,-106.96928E-03
+6.35000E-03,+1.59393233E+00,+44.19473E-03
+6.37500E-03,+478.11092E-03,-5.47807E-03
+6.40000E-03,+1.52315496E+00,-63.67757E-03
+6.42500E-03,+1.05610322E+00,-59.41422E-03
+6.45000E-03,+97.02562E-03,-87.55088E-03
+6.47500E-03,+1.39118001E+00,+52.74929E-03
+6.50000E-03,+1.33396569E+00,-180.48753E-03
+6.52500E-03,-318.32940E-03,-59.41422E-03
+6.55000E-03,-533.96992E-03,-111.39632E-03
+6.57500E-03,+338.16265E-03,-18.62336E-03
+6.60000E-03,+761.67487E-03,-117.80527E-03
+6.62500E-03,-267.78242E-03,-167.47808E-03
+6.65000E-03,-321.84760E-03,-126.35983E-03
+6.67500E-03,+1.03657047E+00,-119.78718E-03
+6.70000E-03,+1.06098646E+00,-126.35983E-03
+6.72500E-03,+1.16415325E+00,-59.41422E-03
+6.75000E-03,+682.37858E-03,-81.11407E-03
+6.77500E-03,-437.08996E-03,-121.93279E-03
+6.80000E-03,+512.59012E-03,-59.41422E-03
+6.82500E-03,+204.53901E-03,-89.53279E-03
+6.85000E-03,-1.21262126E+00,-193.30543E-03
+6.87500E-03,+136.95656E-03,-59.41422E-03
+6.90000E-03,+1.11895964E+00,-193.30543E-03
+6.92500E-03,+162.05885E-03,-94.09566E-03
+6.95000E-03,-897.04331E-03,-76.82286E-03
+6.97500E-03,+597.62040E-03,-126.22399E-03
+7.00000E-03,+768.58538E-03,-109.22286E-03
+7.02500E-03,+652.59064E-03,-124.48589E-03
+7.05000E-03,+749.54727E-03,-141.62286E-03
+7.07500E-03,+1.30737904E+00,-126.35983E-03
+7.10000E-03,+1.06786933E+00,-78.69679E-03
+7.12500E-03,+1.01122016E+00,-120.19469E-03
+7.15000E-03,-384.48084E-03,-126.35983E-03
+7.17500E-03,+1.44925005E+00,-130.51520E-03
+7.20000E-03,-479.40308E-03,-195.96652E-03
+7.22500E-03,-460.20419E-03,-126.35983E-03
+7.25000E-03,+885.72326E-03,-148.30348E-03
+7.27500E-03,+1.27117211E+00,-138.96178E-03
+7.30000E-03,+424.22994E-03,-213.10348E-03
+7.32500E-03,+1.55789255E+00,-111.61227E-03
+7.35000E-03,+1.21467648E+00,-135.18605E-03
+7.37500E-03,+424.50528E-03,-126.35983E-03
+7.40000E-03,+593.42616E-03,-126.35983E-03
+7.42500E-03,+1.10858731E+00,-107.32107E-03
+7.45000E-03,+1.39291466E+00,-133.04045E-03
+7.47500E-03,+161.44598E-03,-158.13637E-03
+7.50000E-03,+753.05100E-03,-137.57547E-03
+7.52500E-03,+1.40737985E+00,-103.02986E-03
+7.55000E-03,+1.39462835E+00,-130.89485E-03
+7.57500E-03,+941.07304E-03,-180.56765E-03
+7.60000E-03,-814.89741E-03,-163.29485E-03
+7.62500E-03,-283.70033E-03,-307.53443E-03
+7.65000E-03,+1.05679319E+00,-133.52807E-03
+7.67500E-03,+751.04792E-03,-260.25104E-03
+7.70000E-03,-1.01208375E+00,-126.35983E-03
+7.72500E-03,-556.20230E-03,-161.39305E-03
+7.75000E-03,+1.66120576E+00,-259.76342E-03
+7.77500E-03,+203.17753E-03,-176.27644E-03
+7.80000E-03,+81.35163E-03,-225.94924E-03
+7.82500E-03,-590.18049E-03,-157.10185E-03
+7.85000E-03,+1.71814711E+00,-65.11960E-03
+7.87500E-03,+1.09873325E+00,-126.35983E-03
+7.90000E-03,-204.52918E-03,-357.69485E-03
+7.92500E-03,+648.73523E-03,-139.58523E-03
+7.95000E-03,+1.42051434E+00,-252.15625E-03
+7.97500E-03,-82.72088E-03,-169.00022E-03
+8.00000E-03,+923.86341E-03,-154.71243E-03
+8.02500E-03,-895.25317E-03,-204.38524E-03
+8.05000E-03,+27.43286E-03,-138.74582E-03
+8.07500E-03,+1.10700912E+00,-126.35983E-03
+8.10000E-03,+683.98765E-03,-245.71944E-03
+8.12500E-03,+1.14248149E+00,-193.30543E-03
+8.15000E-03,+1.05563644E+00,-134.69843E-03
+8.17500E-03,-945.34730E-03,-151.97123E-03
+8.20000E-03,+342.09818E-03,-217.36683E-03
+8.22500E-03,-176.50353E-03,-200.09403E-03
+8.25000E-03,+187.94916E-03,-193.30543E-03
+8.27500E-03,+285.78978E-03,-181.87384E-03
+8.30000E-03,+472.21388E-03,-215.22123E-03
+8.32500E-03,+908.62489E-03,-193.30543E-03
+8.35000E-03,+1.35409836E+00,-138.98964E-03
+8.37500E-03,+171.36924E-03,-126.35983E-03
+8.40000E-03,+1.40449245E+00,-260.25104E-03
+8.42500E-03,+1.60621057E+00,-195.80282E-03
+8.45000E-03,+413.16763E-03,-178.53002E-03
+8.47500E-03,+1.22496514E+00,-199.00379E-03
+8.50000E-03,+137.30478E-03,-175.68084E-03
+8.52500E-03,+192.04212E-03,-259.89925E-03
+8.55000E-03,+1.01593592E+00,-343.37920E-03
+8.57500E-03,+133.47636E-03,-160.55364E-03
+8.60000E-03,+652.80703E-03,-141.83881E-03
+8.62500E-03,-341.90329E-03,-128.15364E-03
+8.65000E-03,+316.93607E-03,-260.25104E-03
+8.67500E-03,-217.94971E-03,-193.30543E-03
+8.70000E-03,+350.29091E-03,-153.02659E-03
+8.72500E-03,+1.29552947E+00,-189.36601E-03
+8.75000E-03,+441.38095E-03,-172.09321E-03
+8.77500E-03,-145.18038E-03,-154.82041E-03
+8.80000E-03,+1.27106111E+00,-204.49321E-03
+8.82500E-03,+426.03445E-03,-65.49924E-03
+8.85000E-03,+1.10846173E+00,-126.35983E-03
+8.87500E-03,-66.94560E-03,-178.98979E-03
+8.90000E-03,-417.84906E-03,-193.30543E-03
+8.92500E-03,+1.17760142E+00,-252.02041E-03
+8.95000E-03,+357.02660E-03,-84.91765E-03
+8.97500E-03,+1.78336196E+00,-169.13606E-03
+9.00000E-03,+1.44117675E+00,-133.25640E-03
+9.02500E-03,+1.30009591E+00,-203.68166E-03
+9.05000E-03,-129.42616E-03,-126.35983E-03
+9.07500E-03,-519.66107E-03,-260.25104E-03
+9.10000E-03,-225.02368E-03,-202.80737E-03
+9.12500E-03,+494.15041E-03,-151.40349E-03
+9.15000E-03,-617.96168E-03,-274.96371E-03
+9.17500E-03,-1.06061773E+00,-287.44030E-03
+9.20000E-03,+149.52342E-03,-193.30543E-03
+9.22500E-03,+164.37171E-03,-297.86177E-03
+9.25000E-03,-944.65765E-03,-193.30543E-03
+9.27500E-03,-279.33959E-03,-179.55753E-03
+9.30000E-03,+1.51951928E+00,-193.30543E-03
+9.32500E-03,+432.54079E-03,-210.11847E-03
+9.35000E-03,-1.37912831E+00,-157.99352E-03
+9.37500E-03,+1.14368338E+00,-193.30543E-03
+9.40000E-03,+1.10604435E+00,-62.78590E-03
+9.42500E-03,+882.72399E-03,-145.31847E-03
+9.45000E-03,-193.84306E-03,-193.30543E-03
+9.47500E-03,-348.69178E-03,-126.35983E-03
+9.50000E-03,-116.75435E-03,-134.02271E-03
+9.52500E-03,-305.66504E-03,-239.14679E-03
+9.55000E-03,-1.12826680E+00,-154.92839E-03
+9.57500E-03,-153.99592E-03,-182.00968E-03
+9.60000E-03,+1.41662718E+00,-132.33687E-03
+9.62500E-03,+806.96955E-03,-126.35983E-03
+9.65000E-03,+190.17823E-03,-126.35983E-03
+9.67500E-03,+392.52348E-03,-135.50998E-03
+9.70000E-03,+626.61341E-03,-201.42808E-03
+9.72500E-03,+1.44508107E+00,-234.85559E-03
+9.75000E-03,+907.80621E-03,-126.35983E-03
+9.77500E-03,+1.19181654E+00,-133.36438E-03
+9.80000E-03,+807.88E-06,-79.95073E-03
+9.82500E-03,+926.21762E-03,-153.90088E-03
+9.85000E-03,-1.29244717E+00,-81.54597E-03
+9.87500E-03,+1.23471489E+00,-193.30543E-03
+9.90000E-03,+968.71160E-03,-180.89158E-03
+9.92500E-03,+99.64481E-03,-200.87772E-03
+9.95000E-03,+654.34667E-03,-99.38652E-03
+9.97500E-03,+1.18242614E+00,-62.12757E-03
+10.00000E-03,-244.65470E-03,-231.13212E-03
+10.02500E-03,-1.14037778E+00,-158.19209E-03
+10.05000E-03,-732.33364E-03,-144.20037E-03
+10.07500E-03,+1.31109279E+00,-126.35983E-03
+10.10000E-03,+50.49127E-03,-126.35983E-03
+10.12500E-03,+245.55975E-03,-93.39209E-03
+10.15000E-03,+991.39446E-03,-126.35983E-03
+10.17500E-03,+1.52464568E+00,-190.14971E-03
+10.20000E-03,+765.64593E-03,-222.54971E-03
+10.22500E-03,+1.33792627E+00,-59.41422E-03
+10.25000E-03,+1.50944593E+00,-72.96356E-03
+10.27500E-03,+1.10068709E+00,-126.35983E-03
+10.30000E-03,+673.73289E-03,-126.35983E-03
+10.32500E-03,-928.15127E-03,-155.03636E-03
+10.35000E-03,+902.61664E-03,-3.87235E-03
+10.37500E-03,+496.86721E-03,-59.41422E-03
+10.40000E-03,+1.02318774E+00,-36.27235E-03
+10.42500E-03,+1.35032274E+00,-45.53048E-03
+10.45000E-03,+172.35907E-03,-59.41422E-03
+10.47500E-03,+193.29216E-03,-67.42889E-03
+10.50000E-03,-199.23488E-03,-126.35983E-03
+10.52500E-03,+180.83707E-03,+25.70633E-03
+10.55000E-03,+1.51716453E+00,-126.35983E-03
+10.57500E-03,+1.19193088E+00,-49.25395E-03
+10.60000E-03,+423.79803E-03,-47.33477E-03
+10.62500E-03,+1.16235285E+00,-81.65395E-03
+10.65000E-03,+1.58898668E+00,+2.56446E-03
+10.67500E-03,+804.34313E-03,-71.72010E-03
+10.70000E-03,+119.97227E-03,-59.41422E-03
+10.72500E-03,-856.96639E-03,-12.56274E-03
+10.75000E-03,+1.66082266E+00,+71.65567E-03
+10.77500E-03,-155.13842E-03,-59.41422E-03
+10.80000E-03,+1.68063420E+00,-62.91126E-03
+10.82500E-03,+1.28702427E+00,-59.41422E-03
+10.85000E-03,+1.50866591E+00,-60.08994E-03
+10.87500E-03,+709.89469E-03,+7.53138E-03
+10.90000E-03,+1.23094910E+00,+7.53138E-03
+10.92500E-03,+474.35279E-03,-43.61131E-03
+10.95000E-03,-154.46961E-03,+71.53722E-03
+10.97500E-03,-460.54205E-03,-126.35983E-03
+11.00000E-03,-160.98956E-03,+7.53138E-03
+11.02500E-03,+1.05772007E+00,-6.12593E-03
+11.05000E-03,+1.69906667E+00,+3.91589E-03
+11.07500E-03,-856.93530E-03,-13.35691E-03
+11.10000E-03,+796.58976E-03,-30.62971E-03
+11.12500E-03,+1.32527573E+00,-47.90251E-03
+11.15000E-03,+1.60727921E+00,+1.77029E-03
+11.17500E-03,+198.68074E-03,+7.53138E-03
+11.20000E-03,+549.92929E-03,-19.10753E-03
+11.22500E-03,-800.89544E-03,-50.04812E-03
+11.25000E-03,+774.36731E-03,-59.41422E-03
+11.27500E-03,-518.97823E-03,-9.05523E-03
+11.30000E-03,+1.05317069E+00,+49.98368E-03
+11.32500E-03,+1.10455762E+00,+60.03598E-03
+11.35000E-03,+421.35992E-03,+7.53138E-03
+11.37500E-03,+1.33344352E+00,-71.70963E-03
+11.40000E-03,+801.98222E-03,-14.81632E-03
+11.42500E-03,+655.20325E-03,+2.45648E-03
+11.45000E-03,+181.82570E-03,+7.53138E-03
+11.47500E-03,+98.23053E-03,+82.48119E-03
+11.50000E-03,-1.22167045E+00,+54.27489E-03
+11.52500E-03,-515.05976E-03,+4.60208E-03
+11.55000E-03,-267.72692E-03,+45.78998E-03
+11.57500E-03,-38.93053E-03,+35.43470E-03
+11.60000E-03,+1.01832588E+00,-10.52511E-03
+11.62500E-03,+638.89198E-03,+74.47699E-03
+11.65000E-03,+608.44549E-03,-26.43601E-03
+11.67500E-03,+374.27208E-03,+41.29329E-03
+11.70000E-03,+1.20621943E+00,+23.44228E-03
+11.72500E-03,+1.68747128E+00,+140.06068E-03
+11.75000E-03,+1.61359098E+00,+160.05730E-03
+11.77500E-03,-1.57870428E+00,+7.53138E-03
+11.80000E-03,-890.30007E-03,+74.47699E-03
+11.82500E-03,+1.41378135E+00,+11.03889E-03
+11.85000E-03,-247.12077E-03,-17.85359E-03
+11.87500E-03,+1.79696010E+00,+150.58322E-03
+11.90000E-03,-1.46118362E+00,+19.15107E-03
+11.92500E-03,+1.66918123E+00,+63.17076E-03
+11.95000E-03,+903.31967E-03,+141.42259E-03
+11.97500E-03,-576.07712E-03,+74.47699E-03
+12.00000E-03,+683.31928E-03,+7.53138E-03
+12.02500E-03,+281.44999E-03,+58.87955E-03
+12.05000E-03,+1.74085038E+00,+141.42259E-03
+12.07500E-03,+920.69030E-03,+92.22003E-03
+12.10000E-03,+1.20362810E+00,+134.09411E-03
+12.12500E-03,+1.67292586E+00,+94.36563E-03
+12.15000E-03,-1.13214715E+00,+59.77122E-03
+12.17500E-03,-962.64418E-03,+52.02131E-03
+12.20000E-03,+1.19811082E+00,+136.23971E-03
+12.22500E-03,+68.74968E-03,+86.56691E-03
+12.25000E-03,+460.36377E-03,+103.83971E-03
+12.27500E-03,+789.76359E-03,+147.43797E-03
+12.30000E-03,+1.78019587E+00,+77.51426E-03
+12.32500E-03,+1.11576192E+00,+141.42259E-03
+12.35000E-03,+82.43107E-03,+145.35154E-03
+12.37500E-03,+229.39825E-03,+123.25812E-03
+12.40000E-03,+307.08623E-03,+140.53092E-03
+12.42500E-03,+951.44927E-03,+157.80372E-03
+12.45000E-03,+27.49549E-03,+74.83925E-03
+12.47500E-03,+199.63493E-03,+93.36598E-03
+12.50000E-03,-396.65790E-03,+141.42259E-03
+12.52500E-03,+1.45256612E+00,+159.94933E-03
+12.55000E-03,+886.05032E-03,+177.22213E-03
+12.57500E-03,-147.76448E-03,+127.54933E-03
+12.60000E-03,+1.86114301E+00,+204.96866E-03
+12.62500E-03,+495.31688E-03,+146.35118E-03
+12.65000E-03,+4.89069E-03,+83.42166E-03
+12.67500E-03,-696.33175E-03,+141.42259E-03
+12.70000E-03,+56.66321E-03,+141.42259E-03
+12.72500E-03,+196.50684E-03,+74.47699E-03
+12.75000E-03,+1.59192624E+00,+154.65847E-03
+12.77500E-03,+1.44341305E+00,+246.56762E-03
+12.80000E-03,+1.54692363E+00,+141.42259E-03
+12.82500E-03,+1.38315109E+00,+166.38614E-03
+12.85000E-03,-1.54923714E+00,+183.65894E-03
+12.87500E-03,-1.09350902E+00,+133.98614E-03
+12.90000E-03,+837.25850E-03,+121.74990E-03
+12.92500E-03,+314.87372E-03,+114.31344E-03
+12.95000E-03,+376.87389E-03,+118.85894E-03
+12.97500E-03,+2.02240522E+00,+136.13174E-03
+13.00000E-03,+1.25845149E+00,+86.45894E-03
+13.02500E-03,-10.75285E-03,+112.16784E-03
+13.05000E-03,-332.73607E-03,+167.53209E-03
+13.07500E-03,+1.81021736E+00,+138.27734E-03
+13.10000E-03,+1.59497700E+00,+141.42259E-03
+13.12500E-03,+365.50114E-03,+70.33209E-03
+13.15000E-03,+486.89168E-03,+226.64065E-03
+13.17500E-03,-624.50269E-03,+141.42259E-03
+13.20000E-03,+255.61896E-03,+90.75014E-03
+13.22500E-03,+770.97177E-03,+174.96855E-03
+13.25000E-03,+1.47862044E+00,+224.49504E-03
+13.27500E-03,+2.08725348E+00,+141.42259E-03
+13.30000E-03,-298.23917E-03,+141.42259E-03
+13.32500E-03,+616.39731E-03,+145.86011E-03
+13.35000E-03,-116.94936E-03,+141.42259E-03
+13.37500E-03,+1.55296687E+00,+208.36820E-03
+13.40000E-03,+815.18948E-03,+95.04135E-03
+13.42500E-03,-739.24770E-03,+45.36855E-03
+13.45000E-03,+1.09110179E+00,+239.80688E-03
+13.47500E-03,+1.61349316E+00,+259.00232E-03
+13.50000E-03,+95.78551E-03,+118.71263E-03
+13.52500E-03,+154.29501E-03,+154.44252E-03
+13.55000E-03,-796.31118E-03,+198.67816E-03
+13.57500E-03,+1.59759954E+00,+200.78543E-03
+13.60000E-03,+1.55334684E+00,+183.51263E-03
+13.62500E-03,+1.21543523E+00,+208.36820E-03
+13.65000E-03,+1.49448231E+00,+260.22494E-03
+13.67500E-03,+1.36860178E+00,+218.09657E-03
+13.70000E-03,+862.49037E-03,+248.31263E-03
+13.72500E-03,-1.07883122E+00,+141.42259E-03
+13.75000E-03,+1.49439917E+00,+146.82142E-03
+13.77500E-03,+1.41466957E+00,+141.42259E-03
+13.80000E-03,+201.26818E-03,+208.36820E-03
+13.82500E-03,+735.75434E-03,+120.89656E-03
+13.85000E-03,+1.16974429E+00,+205.11497E-03
+13.87500E-03,+1.36346771E+00,+127.40302E-03
+13.90000E-03,+412.45693E-03,+105.76936E-03
+13.92500E-03,+1.36505324E+00,+171.60735E-03
+13.95000E-03,+2.01107156E+00,+141.42259E-03
+13.97500E-03,+270.06731E-03,+106.80734E-03
+14.00000E-03,-200.21001E-03,+174.86057E-03
+14.02500E-03,+1.66944318E+00,+175.89855E-03
+14.05000E-03,+1.95750717E+00,+206.29224E-03
+14.07500E-03,+745.50602E-03,+190.05742E-03
+14.10000E-03,+697.19589E-03,+114.28213E-03
+14.12500E-03,-1.17675520E+00,+88.56621E-03
+14.15000E-03,-92.32389E-03,+141.42259E-03
+14.17500E-03,+937.21029E-03,+141.42259E-03
+14.20000E-03,+178.76813E-03,+170.63901E-03
+14.22500E-03,-1.39391409E+00,+117.53536E-03
+14.25000E-03,+1.73657969E+00,+197.70983E-03
+14.27500E-03,+1.18241890E+00,+75.33734E-03
+14.30000E-03,+568.12530E-03,+141.42259E-03
+14.32500E-03,-1.06461264E+00,+94.07301E-03
+14.35000E-03,+1.33760213E+00,+74.47699E-03
+14.37500E-03,+354.72065E-03,+74.47699E-03
+14.40000E-03,+1.97417779E+00,+225.46338E-03
+14.42500E-03,+1.30059811E+00,+193.06338E-03
+14.45000E-03,+619.76554E-03,+84.09738E-03
+14.47500E-03,+194.51446E-03,+114.52940E-03
+14.50000E-03,+831.69976E-03,+141.42259E-03
+14.52500E-03,-705.08866E-03,+202.86139E-03
+14.55000E-03,+1.34582206E+00,+184.83621E-03
+14.57500E-03,-1.11390602E+00,+103.51578E-03
+14.60000E-03,+1.05507961E+00,+167.10019E-03
+14.62500E-03,+946.76514E-03,+141.42259E-03
+14.65000E-03,+1.13977462E+00,+141.42259E-03
+14.67500E-03,-68.10949E-03,+38.71578E-03
+14.70000E-03,-166.99446E-03,+152.90299E-03
+14.72500E-03,+1.60921329E+00,+205.93700E-03
+14.75000E-03,-248.76483E-03,+39.64579E-03
+14.77500E-03,-402.53042E-03,+107.80699E-03
+14.80000E-03,+116.94968E-03,+90.81979E-03
+14.82500E-03,+2.08366920E+00,+141.42259E-03
+14.85000E-03,+657.72482E-03,+92.67979E-03
+14.87500E-03,+1.86646572E+00,+145.42820E-03
+14.90000E-03,-322.49514E-03,+127.22540E-03
+14.92500E-03,+1.90307983E+00,+74.47699E-03
+14.95000E-03,+1.06054063E+00,+27.87979E-03
+14.97500E-03,-786.18254E-03,+103.80138E-03
+15.00000E-03,+326.64749E-03,+129.37100E-03
+15.02500E-03,-253.97902E-03,+141.42259E-03
+15.05000E-03,+133.35478E-03,+119.46501E-03
+15.07500E-03,-1.14408353E+00,+114.24380E-03
+15.10000E-03,-800.63024E-03,+74.47699E-03
+15.12500E-03,+1.08042938E+00,+67.11018E-03
+15.15000E-03,+1.33565876E+00,+99.11660E-03
+15.17500E-03,-1.53273756E+00,+74.47699E-03
+15.20000E-03,+1.29048330E+00,+89.99776E-03
+15.22500E-03,+518.33350E-03,+131.91018E-03
+15.25000E-03,+93.34718E-03,+74.47699E-03
+15.27500E-03,-839.97206E-03,+51.58940E-03
+15.30000E-03,+1.32725073E+00,+130.19302E-03
+15.32500E-03,+1.12606526E+00,+97.79302E-03
+15.35000E-03,+581.67398E-03,+141.42259E-03
+15.37500E-03,-541.27745E-03,+53.73500E-03
+15.40000E-03,+1.36525872E+00,+7.53138E-03
+15.42500E-03,+1.01177019E+00,+88.28061E-03
+15.45000E-03,-35.56318E-03,+7.53138E-03
+15.47500E-03,-598.80069E-03,+122.82621E-03
+15.50000E-03,+1.34497315E+00,+74.47699E-03
+15.52500E-03,+114.38189E-03,+58.52776E-03
+15.55000E-03,+1.44309214E+00,+73.97544E-03
+15.57500E-03,+760.84994E-03,+23.98216E-03
+15.60000E-03,+1.69537430E+00,+72.83294E-03
+15.62500E-03,+598.87044E-03,+43.72104E-03
+15.65000E-03,-348.61846E-03,+46.68867E-03
+15.67500E-03,-664.31140E-03,-6.77379E-03
+15.70000E-03,+1.51042052E+00,-59.41422E-03
+15.72500E-03,+1.29372875E+00,-12.70905E-03
+15.75000E-03,+1.09537226E+00,+45.04462E-03
+15.77500E-03,+1.17523371E+00,-47.25465E-03
+15.80000E-03,+1.59788881E+00,+74.47699E-03
+15.82500E-03,+1.09117823E+00,+29.91742E-03
+15.85000E-03,+1.72821366E+00,+74.47699E-03
+15.87500E-03,-860.27890E-03,+64.46302E-03
+15.90000E-03,+1.01064842E+00,-119.10099E-03
+15.92500E-03,+451.18943E-03,+32.06302E-03
+15.95000E-03,-32.15652E-03,+24.19466E-03
+15.97500E-03,+1.61095128E+00,-336.98E-06
+16.00000E-03,+656.21984E-03,-98.14651E-03
+16.02500E-03,+257.72634E-03,-99.68259E-03
+16.05000E-03,+464.53707E-03,+7.53138E-03
+16.07500E-03,+1.42129847E+00,+57.30871E-03
+16.10000E-03,+1.21612455E+00,+7.53138E-03
+16.12500E-03,+70.70697E-03,-59.41422E-03
+16.15000E-03,+492.73624E-03,-34.16854E-03
+16.17500E-03,+323.99655E-03,+377.07E-06
+16.20000E-03,+1.13491211E+00,-59.41422E-03
+16.22500E-03,-589.31668E-03,-33.45449E-03
+16.25000E-03,+159.52734E-03,+18.36392E-03
+16.27500E-03,+1.33284846E+00,+6.09983E-03
+16.30000E-03,-40.36252E-03,-43.57297E-03
+16.32500E-03,+1.64339609E+00,-60.13173E-03
+16.35000E-03,-1.74058573E+00,-25.58612E-03
+16.37500E-03,-73.37205E-03,-59.41422E-03
+16.40000E-03,+787.28260E-03,-126.35983E-03
+16.42500E-03,-490.53881E-03,+3.95768E-03
+16.45000E-03,+311.96915E-03,-111.94668E-03
+16.47500E-03,-467.44564E-03,+4.67173E-03
+16.50000E-03,+1.07670246E+00,+7.53138E-03
+16.52500E-03,-354.48418E-03,-96.81948E-03
+16.55000E-03,+1.07813823E+00,-181.03789E-03
+16.57500E-03,+1.49032294E+00,-126.35983E-03
+16.60000E-03,+626.45998E-03,-126.35983E-03
+16.62500E-03,+711.74153E-03,-86.80897E-03
+16.65000E-03,+966.70615E-03,-69.53617E-03
+16.67500E-03,+1.40449536E+00,-66.56508E-03
+16.70000E-03,+470.55536E-03,-83.83788E-03
+16.72500E-03,+977.77861E-03,-17.71776E-03
+16.75000E-03,+1.11557458E+00,-67.39056E-03
+16.77500E-03,+546.78706E-03,-126.35983E-03
+16.80000E-03,+1.15501703E+00,-113.59764E-03
+16.82500E-03,+546.84332E-03,-38.67570E-03
+16.85000E-03,+1.05903673E+00,-65.24496E-03
+16.87500E-03,+1.14559834E+00,-181.86337E-03
+16.90000E-03,+256.92850E-03,-49.89835E-03
+16.92500E-03,-551.85203E-03,-80.37216E-03
+16.95000E-03,+979.61454E-03,-130.04496E-03
+16.97500E-03,+193.88765E-03,-73.00189E-03
+17.00000E-03,+1.12337632E+00,-126.35983E-03
+17.02500E-03,+1.59008707E+00,-145.17216E-03
+17.05000E-03,+236.99181E-03,-124.82030E-03
+17.07500E-03,+922.45561E-03,-90.88077E-03
+17.10000E-03,+253.44550E-03,-127.29329E-03
+17.12500E-03,-840.02497E-03,-209.97216E-03
+17.15000E-03,+1.52580924E+00,-126.35983E-03
+17.17500E-03,+1.07906736E+00,-108.48095E-03
+17.20000E-03,+404.82201E-03,-126.35983E-03
+17.22500E-03,-1.32118990E+00,-140.88095E-03
+17.25000E-03,+832.67478E-03,-193.30543E-03
+17.27500E-03,+116.23487E-03,-126.35983E-03
+17.30000E-03,+259.18597E-03,-193.30543E-03
+17.32500E-03,+1.24332527E+00,-126.35983E-03
+17.35000E-03,+1.53818098E+00,-136.15439E-03
+17.37500E-03,+1.02983705E+00,-171.13535E-03
+17.40000E-03,-1.41779787E+00,-181.36527E-03
+17.42500E-03,-307.79985E-03,-126.35983E-03
+17.45000E-03,+465.13602E-03,-253.20816E-03
+17.47500E-03,+1.30890486E+00,-83.72991E-03
+17.50000E-03,-384.39705E-03,-110.12846E-03
+17.52500E-03,+185.66816E-03,-185.22112E-03
+17.55000E-03,+1.19583888E+00,-126.35983E-03
+17.57500E-03,+230.70757E-03,-166.84415E-03
+17.60000E-03,+47.41199E-03,-216.51695E-03
+17.62500E-03,-174.38276E-03,-199.24415E-03
+17.65000E-03,+718.71400E-03,-193.30543E-03
+17.67500E-03,-1.38580548E+00,-231.64415E-03
+17.70000E-03,-995.78306E-03,-193.30543E-03
+17.72500E-03,-511.47580E-03,-200.89165E-03
+17.75000E-03,+973.14900E-03,-193.30543E-03
+17.77500E-03,+1.02783775E+00,-198.74605E-03
+17.80000E-03,+579.24300E-03,-183.12076E-03
+17.82500E-03,+1.52267166E+00,-128.00733E-03
+17.85000E-03,+769.66503E-03,-229.00045E-03
+17.87500E-03,-1.04167982E+00,-160.40734E-03
+17.90000E-03,-1.17085860E+00,-193.30543E-03
+17.92500E-03,+1.05618680E+00,-127.35602E-03
+17.95000E-03,+992.98906E-03,-126.35983E-03
+17.97500E-03,-183.67599E-03,-158.26173E-03
+18.00000E-03,-1.38899932E+00,-178.67633E-03
+18.02500E-03,+1.41020765E+00,-62.05792E-03
+18.05000E-03,+563.84035E-03,-173.38893E-03
+18.07500E-03,-1.55461492E+00,-193.30543E-03
+18.10000E-03,+1.66568473E+00,-205.78893E-03
+18.12500E-03,+1.13776139E+00,-188.51613E-03
+18.15000E-03,-372.01861E-03,-238.18893E-03
+18.17500E-03,-329.04047E-03,-193.30543E-03
+18.20000E-03,+776.24891E-03,-136.69772E-03
+18.22500E-03,+959.89574E-03,-133.29473E-03
+18.25000E-03,+601.32583E-03,-236.04333E-03
+18.27500E-03,+1.41242344E+00,-177.29002E-03
+18.30000E-03,+1.41827178E+00,-243.86645E-03
+18.32500E-03,+1.15836754E+00,-184.22492E-03
+18.35000E-03,-64.18734E-03,-233.89773E-03
+18.37500E-03,-913.13550E-03,-126.35983E-03
+18.40000E-03,-815.44064E-03,-132.40652E-03
+18.42500E-03,+1.05661503E+00,-260.25104E-03
+18.45000E-03,+404.36246E-03,-154.85874E-03
+18.47500E-03,+1.21123851E+00,-172.13154E-03
+18.50000E-03,+308.04755E-03,-197.20652E-03
+18.52500E-03,+884.53487E-03,-153.10326E-03
+18.55000E-03,+221.10143E-03,-162.66092E-03
+18.57500E-03,+362.23064E-03,-145.38811E-03
+18.60000E-03,-493.43323E-03,-131.62628E-03
+18.62500E-03,+928.80884E-03,-141.87715E-03
+18.65000E-03,+281.43606E-03,-160.51531E-03
+18.67500E-03,+45.38192E-03,-143.24251E-03
+18.70000E-03,+795.15475E-03,-193.30543E-03
+18.72500E-03,+181.43892E-03,-193.30543E-03
+18.75000E-03,-870.46725E-03,-289.33508E-03
+18.77500E-03,+1.24249234E+00,-155.83399E-03
+18.80000E-03,+1.54431827E+00,-195.84116E-03
+18.82500E-03,+994.64715E-03,-193.30543E-03
+18.85000E-03,-262.80200E-03,-193.30543E-03
+18.87500E-03,+1.12821843E+00,-314.60517E-03
+18.90000E-03,+830.97502E-03,-193.30543E-03
+18.92500E-03,+442.04252E-03,-215.25956E-03
+18.95000E-03,-1.36192861E+00,-260.25104E-03
+18.97500E-03,-464.34887E-03,-203.75131E-03
+19.00000E-03,+1.42104375E+00,-253.42411E-03
+19.02500E-03,-543.60381E-03,-193.30543E-03
+19.05000E-03,+919.16092E-03,-151.93290E-03
+19.07500E-03,+1.38204379E+00,-268.55131E-03
+19.10000E-03,+1.46657511E+00,-135.33236E-03
+19.12500E-03,+577.79740E-03,-167.06010E-03
+19.15000E-03,+1.25187583E+00,-173.21477E-03
+19.17500E-03,+1.62364706E+00,-138.66916E-03
+19.20000E-03,+1.17332403E+00,-193.30543E-03
+19.22500E-03,+308.77487E-03,-193.30543E-03
+19.25000E-03,+886.21110E-03,-101.97795E-03
+19.27500E-03,+1.09155864E+00,-63.42329E-03
+19.30000E-03,+943.50759E-03,-206.56917E-03
+19.32500E-03,+79.86749E-03,-229.71450E-03
+19.35000E-03,-984.85993E-03,-193.30543E-03
+19.37500E-03,+1.05980995E+00,-130.08675E-03
+19.40000E-03,+841.02030E-03,-95.54114E-03
+19.42500E-03,+1.34681869E+00,-159.04197E-03
+19.45000E-03,+747.29013E-03,-143.35049E-03
+19.47500E-03,+1.19458160E+00,-126.35983E-03
+19.50000E-03,+185.65001E-03,-126.35983E-03
+19.52500E-03,-137.40272E-03,-126.35983E-03
+19.55000E-03,-162.72420E-03,-89.10433E-03
+19.57500E-03,+1.13704400E+00,-190.87769E-03
+19.60000E-03,+936.87588E-03,-86.95873E-03
+19.62500E-03,-43.97445E-03,-193.30543E-03
+19.65000E-03,+1.47280331E+00,-97.51258E-03
+19.67500E-03,+880.70364E-03,-126.35983E-03
+19.70000E-03,-592.66039E-03,-126.35983E-03
+19.72500E-03,+266.16601E-03,-142.89418E-03
+19.75000E-03,+1.14862913E+00,-34.68402E-03
+19.77500E-03,+1.00992735E+00,-133.07878E-03
+19.80000E-03,-332.01144E-03,-169.31368E-03
+19.82500E-03,+39.51577E-03,-177.72192E-03
+19.85000E-03,+1.24481956E+00,-193.30543E-03
+19.87500E-03,+1.30132879E+00,-126.35983E-03
+19.90000E-03,+308.08868E-03,-167.16808E-03
+19.92500E-03,+862.97140E-03,-82.94967E-03
+19.95000E-03,+1.17219644E+00,-241.46311E-03
+19.97500E-03,+1.30017938E+00,-126.35983E-03
+20.00000E-03,+637.55026E-03,-126.35983E-03
+20.02500E-03,+57.47887E-03,-80.80406E-03
+20.05000E-03,-848.63470E-03,-63.53126E-03
+20.07500E-03,+182.69286E-03,-72.56998E-03
+20.10000E-03,-12.14931E-03,-95.93126E-03
+20.12500E-03,-793.31591E-03,-107.11559E-03
+20.15000E-03,+1.34474316E+00,-126.35983E-03
+20.17500E-03,+929.61337E-03,-74.71559E-03
+20.20000E-03,-18.41930E-03,-126.35983E-03
+20.22500E-03,+1.33021847E+00,-143.45846E-03
+20.25000E-03,+1.26865733E+00,+73.78032E-03
+20.27500E-03,+1.40909333E+00,-126.35983E-03
+20.30000E-03,+126.21407E-03,-91.64006E-03
+20.32500E-03,+1.26922216E+00,-126.35983E-03
+20.35000E-03,+113.01328E-03,-124.04006E-03
+20.37500E-03,+703.78192E-03,-126.35983E-03
+20.40000E-03,+1.59312424E+00,-59.41422E-03
+20.42500E-03,-670.62965E-03,-59.41422E-03
+20.45000E-03,+1.58429769E+00,-126.35983E-03
+20.47500E-03,-993.79759E-03,-59.41422E-03
+20.50000E-03,+1.27774843E+00,+46.54236E-03
+20.52500E-03,-709.12871E-03,-70.07605E-03
+20.55000E-03,+1.32325840E+00,-180.08348E-03
+20.57500E-03,-277.54901E-03,-126.35983E-03
+20.60000E-03,+672.81423E-03,-59.41422E-03
+20.62500E-03,+831.49126E-03,-67.93045E-03
+20.65000E-03,+1.20445639E+00,-117.60325E-03
+20.67500E-03,-356.92273E-03,-115.21729E-03
+20.70000E-03,-1.35432166E+00,-150.00325E-03
+20.72500E-03,+360.21050E-03,-5.20986E-03
+20.75000E-03,+524.48806E-03,-115.45765E-03
+20.77500E-03,+208.54094E-03,-20.64360E-03
+20.80000E-03,+1.01832545E+00,-59.41422E-03
+20.82500E-03,+251.53701E-03,+3.30637E-03
+20.85000E-03,+1.03600532E+00,-113.31204E-03
+20.87500E-03,+243.46965E-03,-16.48478E-03
+20.90000E-03,-809.08762E-03,-31.17305E-03
+20.92500E-03,-556.35897E-03,+3.37256E-03
+20.95000E-03,+1.09344207E+00,+7.53138E-03
+20.97500E-03,-484.72502E-03,-91.88041E-03
+21.00000E-03,+223.96497E-03,-59.41422E-03
+21.02500E-03,+399.62175E-03,+74.27842E-03
+21.05000E-03,+471.96251E-03,-42.07523E-03
+21.07500E-03,+496.39708E-03,-57.13624E-03
+21.10000E-03,-1.54140679E+00,-7.52963E-03
+21.12500E-03,-325.28904E-03,+7.53138E-03
+21.15000E-03,+99.40089E-03,-11.95321E-03
+21.17500E-03,-287.64029E-03,+962.19E-06
+21.20000E-03,-489.71290E-03,+89.76097E-03
+21.22500E-03,+244.80737E-03,+7.53138E-03
+21.25000E-03,+309.96272E-03,-16.15383E-03
+21.27500E-03,-942.74917E-03,-20.51122E-03
+21.30000E-03,+1.28592722E+00,-3.23842E-03
+21.32500E-03,+645.35967E-03,+7.53138E-03
+21.35000E-03,+432.91666E-03,+74.47699E-03
+21.37500E-03,+121.21281E-03,-18.36562E-03
+21.40000E-03,+1.05840950E+00,+74.47699E-03
+21.42500E-03,+850.42819E-03,-42.11702E-03
+21.45000E-03,+198.37030E-03,-18.39002E-03
+21.47500E-03,+1.87447694E+00,+70.16840E-03
+21.50000E-03,+1.14239489E+00,+134.94400E-03
+21.52500E-03,+920.01080E-03,-37.82581E-03
+21.55000E-03,+1.09504455E+00,-3.28021E-03
+21.57500E-03,+1.20502089E+00,+76.60521E-03
+21.60000E-03,+1.26048664E+00,+11.86438E-03
+21.62500E-03,+1.06996223E+00,+169.54877E-03
+21.65000E-03,+514.90945E-03,+31.22361E-03
+21.67500E-03,-1.33192170E+00,+102.50221E-03
+21.70000E-03,+1.97336991E+00,+72.28960E-03
+21.72500E-03,+260.27243E-03,+7.53138E-03
+21.75000E-03,-1.25413308E+00,-22.59765E-03
+21.77500E-03,+1.66207637E+00,+141.42259E-03
+21.80000E-03,+1.20372550E+00,-59.33065E-03
+21.82500E-03,+1.40528262E+00,+141.42259E-03
+21.85000E-03,-1.45891979E+00,+7.53138E-03
+21.87500E-03,-530.30552E-03,+89.64597E-03
+21.90000E-03,+1.91369642E+00,+72.37317E-03
+21.92500E-03,+202.67209E-03,-20.66099E-03
+21.95000E-03,+365.49747E-03,+74.47699E-03
+21.97500E-03,+1.61971790E+00,+102.35244E-03
+22.00000E-03,+1.71299900E+00,+141.42259E-03
+22.02500E-03,+1.51335705E+00,+119.90037E-03
+22.05000E-03,+816.36686E-03,+74.47699E-03
+22.07500E-03,+1.46447918E+00,+130.54481E-03
+22.10000E-03,+1.44001966E+00,+80.87201E-03
+22.12500E-03,+501.74311E-03,+161.03255E-03
+22.15000E-03,+590.38186E-03,+33.53636E-03
+22.17500E-03,-1.33309173E+00,+132.69042E-03
+22.20000E-03,+1.32071566E+00,+16.07201E-03
+22.22500E-03,-121.70346E-03,+126.10384E-03
+22.25000E-03,-1.75054754E+00,+141.42259E-03
+22.27500E-03,+682.62920E-03,+74.47699E-03
+22.30000E-03,+855.20356E-03,+186.99574E-03
+22.32500E-03,+1.17115791E+00,+63.44944E-03
+22.35000E-03,+915.46240E-03,+119.70882E-03
+22.37500E-03,+1.08922462E+00,+199.48626E-03
+22.40000E-03,+1.38965376E+00,+128.59076E-03
+22.42500E-03,+894.49668E-03,+141.42259E-03
+22.45000E-03,+796.12297E-03,+149.66369E-03
+22.47500E-03,+1.28649864E+00,+9.82675E-03
+22.50000E-03,+1.38112728E+00,+74.47699E-03
+22.52500E-03,+258.00190E-03,+141.42259E-03
+22.55000E-03,+1.83414249E+00,+74.47699E-03
+22.57500E-03,+1.93288603E+00,+274.86451E-03
+22.60000E-03,-625.81968E-03,+91.60003E-03
+22.62500E-03,+446.46632E-03,+108.87283E-03
+22.65000E-03,+1.35145877E+00,+177.81427E-03
+22.67500E-03,+847.42568E-03,+78.46867E-03
+22.70000E-03,-664.27350E-03,+141.42259E-03
+22.72500E-03,-1.37601805E+00,+141.42259E-03
+22.75000E-03,-615.64180E-03,+128.29123E-03
+22.77500E-03,+1.87170053E+00,+267.03092E-03
+22.80000E-03,+819.56448E-03,+117.30548E-03
+22.82500E-03,-174.25740E-03,+113.16403E-03
+22.85000E-03,+270.87563E-03,+141.42259E-03
+22.87500E-03,+1.72545108E+00,+20.10547E-03
+22.90000E-03,-1.16421286E+00,+141.42259E-03
+22.92500E-03,-411.15441E-03,+156.14229E-03
+22.95000E-03,+1.11164596E+00,+190.68789E-03
+22.97500E-03,+1.70530837E+00,+199.93555E-03
+23.00000E-03,+1.29878626E+00,+125.88789E-03
+23.02500E-03,+55.33585E-03,+141.42259E-03
+23.05000E-03,+830.12578E-03,+194.97910E-03
+23.07500E-03,+1.45829902E+00,+254.15730E-03
+23.10000E-03,-42.39713E-03,+169.27365E-03
+23.12500E-03,+528.16304E-03,+141.42259E-03
+23.15000E-03,+1.76401363E+00,+208.36820E-03
+23.17500E-03,+1.28643471E+00,+128.69874E-03
+23.20000E-03,+118.57872E-03,+141.42259E-03
+23.22500E-03,-610.42761E-03,+121.74645E-03
+23.25000E-03,+1.90021770E+00,+141.42259E-03
+23.27500E-03,+1.16827677E+00,+193.49874E-03
+23.30000E-03,-289.48961E-03,+74.47699E-03
+23.32500E-03,+1.41232972E+00,+289.66778E-03
+23.35000E-03,+2.12911461E+00,+274.79832E-03
+23.37500E-03,+1.08844016E+00,+208.36820E-03
+23.40000E-03,-182.79490E-03,+141.42259E-03
+23.42500E-03,+609.58151E-03,+244.54392E-03
+23.45000E-03,+1.99035992E+00,+204.59247E-03
+23.47500E-03,+514.77005E-03,+236.99247E-03
+23.50000E-03,-162.59237E-03,+110.91045E-03
+23.52500E-03,+1.32492384E+00,+248.83513E-03
+23.55000E-03,+1.87123030E+00,+137.38913E-03
+23.57500E-03,+1.22003622E+00,+232.70127E-03
+23.60000E-03,+794.26297E-03,+151.63513E-03
+23.62500E-03,+869.90966E-03,+175.08700E-03
+23.65000E-03,+1.19679350E+00,+262.95566E-03
+23.67500E-03,-1.07836789E+00,+121.38073E-03
+23.70000E-03,+908.80196E-03,+182.14727E-03
+23.72500E-03,+79.54097E-03,+248.46941E-03
+23.75000E-03,+1.52518891E+00,+149.74726E-03
+23.77500E-03,-1.11051696E+00,+141.42259E-03
+23.80000E-03,-1.05886959E+00,+93.27194E-03
+23.82500E-03,+864.89458E-03,+201.56567E-03
+23.85000E-03,+815.71911E-03,+151.89287E-03
+23.87500E-03,-633.87570E-03,+129.96314E-03
+23.90000E-03,-758.37382E-03,+141.42259E-03
+23.92500E-03,+732.33386E-03,+203.71127E-03
+23.95000E-03,+1.29801272E+00,+195.75232E-03
+23.97500E-03,-173.25354E-03,+171.31127E-03
+24.00000E-03,-42.77234E-03,+168.79995E-03
+24.02500E-03,+1.29119702E+00,+138.91127E-03
+24.05000E-03,+884.41976E-03,+89.23847E-03
+24.07500E-03,-47.58011E-03,+211.24523E-03
+24.10000E-03,+1.76142889E+00,+190.72968E-03
+24.12500E-03,+1.72120274E+00,+208.00248E-03
+24.15000E-03,+977.03594E-03,+241.49963E-03
+24.17500E-03,-169.24545E-03,+141.42259E-03
+24.20000E-03,+1.96686335E+00,+228.83506E-03
+24.22500E-03,+1.89979507E+00,+141.42259E-03
+24.25000E-03,-514.42259E-03,+160.47528E-03
+24.27500E-03,+1.51891E-03,+172.04271E-03
+24.30000E-03,+589.16313E-03,+195.02088E-03
+24.32500E-03,+760.59143E-03,+137.49710E-03
+24.35000E-03,+1.37241940E+00,+208.36820E-03
+24.37500E-03,-28.47451E-03,+218.36478E-03
+24.40000E-03,+1.40426980E+00,+74.47699E-03
+24.42500E-03,+1.65017367E+00,+135.35150E-03
+24.45000E-03,+1.40759904E+00,+231.71209E-03
+24.47500E-03,+627.40045E-03,+167.75150E-03
+24.50000E-03,+1.86347045E+00,+190.25599E-03
+24.52500E-03,+537.98891E-03,+149.63929E-03
+24.55000E-03,+509.78996E-03,+166.91209E-03
+24.57500E-03,-1.19381227E+00,+98.66029E-03
+24.60000E-03,+1.11561659E+00,+261.49280E-03
+24.62500E-03,+1.62578176E+00,+105.56388E-03
+24.65000E-03,+792.42369E-03,+141.42259E-03
+24.67500E-03,-486.49444E-03,+141.42259E-03
+24.70000E-03,+904.59520E-03,+141.42259E-03
+24.72500E-03,+386.89076E-03,+141.42259E-03
+24.75000E-03,-1.12379473E+00,+141.42259E-03
+24.77500E-03,-720.73523E-03,+121.53049E-03
+24.80000E-03,-786.16829E-03,+141.42259E-03
+24.82500E-03,+863.67800E-03,+89.13049E-03
+24.85000E-03,-1.69010148E+00,+141.42259E-03
+24.87500E-03,+1.60827951E+00,+123.67610E-03
+24.90000E-03,+1.72116430E+00,+8.00508E-03
+24.92500E-03,+1.50439489E+00,+191.56909E-03
+24.95000E-03,+1.43034388E+00,+108.54890E-03
+24.97500E-03,+1.25044125E+00,+7.53138E-03
